Stn Id,Stn Name,CIMIS Region,Date,Hour (PST),Jul,ETo (in),qc,Precip (in),qc,Sol Rad (Ly/day),qc,Vap Pres (mBars),qc,Air Temp (F),qc,Rel Hum (%),qc,Dew Point (F),qc,Wind Speed (mph),qc,Wind Dir (0-360),qc,Soil Temp (F),qc
47,Brentwood,San Francisco Bay,12/1/2020,0100,336,0.00, ,0.00, ,0, ,5.7, ,42.5, ,62, ,30.3, ,2.2, ,239, ,49.3, 
47,Brentwood,San Francisco Bay,12/1/2020,0200,336,0.00, ,0.00, ,0, ,5.2, ,40.2, ,62, ,28.1, ,3.0, ,245, ,48.8, 
47,Brentwood,San Francisco Bay,12/1/2020,0300,336,0.00, ,0.00, ,0, ,5.0, ,38.6, ,63, ,27.0, ,2.0, ,245, ,48.4, 
47,Brentwood,San Francisco Bay,12/1/2020,0400,336,0.00, ,0.00, ,0, ,5.1, ,39.0, ,63, ,27.6, ,2.0, ,215, ,48.0, 
47,Brentwood,San Francisco Bay,12/1/2020,0500,336,0.00, ,0.00, ,0, ,5.5, ,42.7, ,59, ,29.3, ,3.4, ,262, ,47.6, 
47,Brentwood,San Francisco Bay,12/1/2020,0600,336,0.00, ,0.00, ,0, ,6.1, ,45.7, ,58, ,31.8, ,4.6, ,281, ,47.2, 
47,Brentwood,San Francisco Bay,12/1/2020,0700,336,0.00, ,0.00, ,2, ,6.2, ,46.1, ,59, ,32.5, ,4.4, ,250, ,46.9, 
47,Brentwood,San Francisco Bay,12/1/2020,0800,336,0.00, ,0.00, ,114, ,6.2, ,45.4, ,60, ,32.4, ,5.1, ,268, ,46.7, 
47,Brentwood,San Francisco Bay,12/1/2020,0900,336,0.00, ,0.00, ,407, ,6.9, ,51.7, ,53, ,34.9, ,4.8, ,263, ,46.6, 
47,Brentwood,San Francisco Bay,12/1/2020,1000,336,0.01, ,0.00, ,712, ,6.8, ,58.0, ,41, ,34.7, ,6.5, ,318, ,46.9, 
47,Brentwood,San Francisco Bay,12/1/2020,1100,336,0.01, ,0.00, ,942, ,6.6, ,60.3, ,37, ,34.0, ,9.0, ,317, ,47.6, 
47,Brentwood,San Francisco Bay,12/1/2020,1200,336,0.01, ,0.00, ,1054, ,6.6, ,62.0, ,35, ,34.0, ,8.1, ,329, ,48.7, 
47,Brentwood,San Francisco Bay,12/1/2020,1300,336,0.01, ,0.00, ,1047, ,6.9, ,64.4, ,33, ,35.1, ,5.5, ,335, ,49.9, 
47,Brentwood,San Francisco Bay,12/1/2020,1400,336,0.01, ,0.00, ,923, ,6.8, ,64.7, ,33, ,34.7, ,4.6, ,303, ,51.0, 
47,Brentwood,San Francisco Bay,12/1/2020,1500,336,0.01, ,0.00, ,687, ,6.6, ,67.4, ,29, ,34.0, ,4.5, ,333, ,51.9, 
47,Brentwood,San Francisco Bay,12/1/2020,1600,336,0.01, ,0.00, ,370, ,6.8, ,66.2, ,31, ,34.6, ,5.4, ,22, ,52.6, 
47,Brentwood,San Francisco Bay,12/1/2020,1700,336,0.00, ,0.00, ,64, ,6.5, ,61.9, ,34, ,33.5, ,3.0, ,31, ,53.0, 
47,Brentwood,San Francisco Bay,12/1/2020,1800,336,0.00, ,0.00, ,1, ,6.1, ,56.4, ,39, ,31.8, ,1.4, ,163, ,53.0, 
47,Brentwood,San Francisco Bay,12/1/2020,1900,336,0.00, ,0.00, ,0, ,5.5, ,51.4, ,42, ,29.4, ,2.6, ,225, ,52.7, 
47,Brentwood,San Francisco Bay,12/1/2020,2000,336,0.00, ,0.00, ,0, ,5.3, ,46.8, ,48, ,28.4, ,2.8, ,278, ,52.2, 
47,Brentwood,San Francisco Bay,12/1/2020,2100,336,0.00, ,0.00, ,0, ,5.7, ,46.3, ,53, ,30.2, ,2.7, ,295, ,51.6, 
47,Brentwood,San Francisco Bay,12/1/2020,2200,336,0.00, ,0.00, ,0, ,5.5, ,44.1, ,56, ,29.6, ,2.4, ,277, ,51.0, 
47,Brentwood,San Francisco Bay,12/1/2020,2300,336,0.00, ,0.00, ,0, ,4.9, ,42.0, ,54, ,26.5, ,3.4, ,183, ,50.4, 
47,Brentwood,San Francisco Bay,12/1/2020,2400,336,0.00, ,0.00, ,0, ,4.9, ,40.0, ,58, ,26.4, ,2.4, ,245, ,49.9, 
47,Brentwood,San Francisco Bay,12/2/2020,0100,337,0.00, ,0.00, ,0, ,4.7, ,38.5, ,60, ,25.7, ,2.0, ,249, ,49.3, 
47,Brentwood,San Francisco Bay,12/2/2020,0200,337,0.00, ,0.00, ,0, ,4.9, ,37.6, ,65, ,26.8, ,2.3, ,288, ,48.8, 
47,Brentwood,San Francisco Bay,12/2/2020,0300,337,0.00, ,0.00, ,0, ,4.9, ,37.7, ,63, ,26.4, ,2.1, ,219, ,48.3, 
47,Brentwood,San Francisco Bay,12/2/2020,0400,337,0.00, ,0.00, ,0, ,4.8, ,36.1, ,67, ,26.2, ,2.7, ,311, ,47.8, 
47,Brentwood,San Francisco Bay,12/2/2020,0500,337,0.00, ,0.00, ,0, ,5.8, ,36.0, ,81, ,30.8, ,2.8, ,316, ,47.4, 
47,Brentwood,San Francisco Bay,12/2/2020,0600,337,0.00, ,0.00, ,0, ,7.4, ,37.1, ,99, ,36.9, ,2.1, ,246, ,47.0, 
47,Brentwood,San Francisco Bay,12/2/2020,0700,337,0.00, ,0.00, ,2, ,6.8, ,34.8, ,99, ,34.6, ,3.5, ,195, ,46.6, 
47,Brentwood,San Francisco Bay,12/2/2020,0800,337,0.00, ,0.00, ,95, ,7.0, ,36.0, ,97, ,35.3, ,2.5, ,260, ,46.3, 
47,Brentwood,San Francisco Bay,12/2/2020,0900,337,0.00, ,0.00, ,383, ,9.0, ,43.1, ,94, ,41.7, ,3.2, ,284, ,46.0, 
47,Brentwood,San Francisco Bay,12/2/2020,1000,337,0.01, ,0.00, ,684, ,9.7, ,50.4, ,78, ,43.7, ,4.2, ,287, ,46.1, 
47,Brentwood,San Francisco Bay,12/2/2020,1100,337,0.01, ,0.00, ,914, ,8.9, ,57.4, ,55, ,41.6, ,3.0, ,308, ,46.8, 
47,Brentwood,San Francisco Bay,12/2/2020,1200,337,0.01, ,0.00, ,1036, ,7.7, ,62.1, ,41, ,37.9, ,3.0, ,32, ,48.0, 
47,Brentwood,San Francisco Bay,12/2/2020,1300,337,0.01, ,0.00, ,1030, ,7.9, ,65.0, ,37, ,38.4, ,3.6, ,5, ,49.5, 
47,Brentwood,San Francisco Bay,12/2/2020,1400,337,0.01, ,0.00, ,880, ,7.8, ,65.4, ,36, ,38.1, ,2.7, ,78, ,50.8, 
47,Brentwood,San Francisco Bay,12/2/2020,1500,337,0.01, ,0.00, ,576, ,7.3, ,66.2, ,33, ,36.6, ,2.6, ,51, ,51.8, 
47,Brentwood,San Francisco Bay,12/2/2020,1600,337,0.00, ,0.00, ,157, ,7.0, ,62.5, ,36, ,35.5, ,1.6, ,75, ,52.5, 
47,Brentwood,San Francisco Bay,12/2/2020,1700,337,0.00, ,0.00, ,79, ,7.2, ,61.1, ,39, ,36.2, ,1.7, ,103, ,52.9, 
47,Brentwood,San Francisco Bay,12/2/2020,1800,337,0.00, ,0.00, ,1, ,6.7, ,56.0, ,44, ,34.3, ,1.3, ,286, ,52.9, 
47,Brentwood,San Francisco Bay,12/2/2020,1900,337,0.00, ,0.00, ,0, ,6.0, ,52.3, ,45, ,31.7, ,1.9, ,204, ,52.6, 
47,Brentwood,San Francisco Bay,12/2/2020,2000,337,0.00, ,0.00, ,0, ,6.1, ,49.1, ,51, ,31.9, ,2.9, ,256, ,52.1, 
47,Brentwood,San Francisco Bay,12/2/2020,2100,337,0.00, ,0.00, ,0, ,5.6, ,47.1, ,51, ,29.9, ,2.1, ,169, ,51.6, 
47,Brentwood,San Francisco Bay,12/2/2020,2200,337,0.00, ,0.00, ,0, ,5.0, ,44.1, ,51, ,27.2, ,1.6, ,203, ,51.0, 
47,Brentwood,San Francisco Bay,12/2/2020,2300,337,0.00, ,0.00, ,0, ,4.8, ,42.4, ,52, ,25.9, ,3.1, ,171, ,50.4, 
47,Brentwood,San Francisco Bay,12/2/2020,2400,337,0.00, ,0.00, ,0, ,4.8, ,41.0, ,56, ,26.3, ,2.1, ,257, ,49.9, 
47,Brentwood,San Francisco Bay,12/3/2020,0100,338,0.00, ,0.00, ,0, ,5.2, ,40.9, ,60, ,28.1, ,1.8, ,128, ,49.4, 
47,Brentwood,San Francisco Bay,12/3/2020,0200,338,0.00, ,0.00, ,0, ,4.9, ,40.1, ,58, ,26.4, ,2.1, ,243, ,49.0, 
47,Brentwood,San Francisco Bay,12/3/2020,0300,338,0.00, ,0.00, ,0, ,4.6, ,37.6, ,60, ,25.0, ,2.8, ,298, ,48.5, 
47,Brentwood,San Francisco Bay,12/3/2020,0400,338,0.00, ,0.00, ,0, ,4.5, ,36.1, ,62, ,24.5, ,3.0, ,312, ,48.1, 
47,Brentwood,San Francisco Bay,12/3/2020,0500,338,0.00, ,0.00, ,0, ,4.9, ,36.1, ,68, ,26.8, ,2.9, ,290, ,47.7, 
47,Brentwood,San Francisco Bay,12/3/2020,0600,338,0.00, ,0.00, ,0, ,5.3, ,35.4, ,76, ,28.5, ,3.2, ,261, ,47.2, 
47,Brentwood,San Francisco Bay,12/3/2020,0700,338,0.00, ,0.00, ,1, ,7.3, ,36.6, ,99, ,36.4, ,2.8, ,283, ,46.9, 
47,Brentwood,San Francisco Bay,12/3/2020,0800,338,0.00, ,0.00, ,86, ,7.1, ,36.1, ,99, ,35.9, ,2.6, ,287, ,46.5, 
47,Brentwood,San Francisco Bay,12/3/2020,0900,338,0.00, ,0.00, ,321, ,9.6, ,44.7, ,95, ,43.5, ,4.5, ,322, ,46.3, 
47,Brentwood,San Francisco Bay,12/3/2020,1000,338,0.01, ,0.00, ,627, ,9.3, ,50.5, ,74, ,42.5, ,5.8, ,340, ,46.3, 
47,Brentwood,San Francisco Bay,12/3/2020,1100,338,0.01, ,0.00, ,882, ,8.6, ,56.4, ,55, ,40.6, ,4.2, ,3, ,46.9, 
47,Brentwood,San Francisco Bay,12/3/2020,1200,338,0.01, ,0.00, ,998, ,8.3, ,58.6, ,50, ,39.8, ,3.7, ,330, ,47.9, 
47,Brentwood,San Francisco Bay,12/3/2020,1300,338,0.01, ,0.00, ,991, ,8.2, ,63.0, ,42, ,39.5, ,3.7, ,2, ,49.3, 
47,Brentwood,San Francisco Bay,12/3/2020,1400,338,0.01, ,0.01, ,798, ,8.2, ,63.7, ,41, ,39.3, ,3.6, ,322, ,50.7, 
47,Brentwood,San Francisco Bay,12/3/2020,1500,338,0.01, ,0.00, ,625, ,8.0, ,64.9, ,38, ,38.8, ,3.7, ,311, ,51.5, 
47,Brentwood,San Francisco Bay,12/3/2020,1600,338,0.00, ,0.00, ,240, ,7.7, ,63.4, ,38, ,37.6, ,2.8, ,324, ,52.3, 
47,Brentwood,San Francisco Bay,12/3/2020,1700,338,0.00, ,0.00, ,37, ,7.1, ,59.4, ,41, ,35.7, ,2.6, ,316, ,52.8, 
47,Brentwood,San Francisco Bay,12/3/2020,1800,338,0.00, ,0.00, ,1, ,6.6, ,54.9, ,45, ,34.1, ,3.8, ,291, ,52.8, 
47,Brentwood,San Francisco Bay,12/3/2020,1900,338,0.00, ,0.00, ,0, ,6.6, ,52.4, ,49, ,34.0, ,2.7, ,258, ,52.6, 
47,Brentwood,San Francisco Bay,12/3/2020,2000,338,0.00, ,0.00, ,0, ,6.4, ,50.7, ,51, ,33.3, ,2.9, ,225, ,52.1, 
47,Brentwood,San Francisco Bay,12/3/2020,2100,338,0.00, ,0.00, ,0, ,6.4, ,50.1, ,52, ,33.0, ,2.2, ,241, ,51.7, 
47,Brentwood,San Francisco Bay,12/3/2020,2200,338,0.00, ,0.00, ,0, ,6.4, ,47.2, ,58, ,33.0, ,2.2, ,263, ,51.2, 
47,Brentwood,San Francisco Bay,12/3/2020,2300,338,0.00, ,0.00, ,0, ,6.3, ,44.9, ,62, ,32.7, ,2.8, ,305, ,50.7, 
47,Brentwood,San Francisco Bay,12/3/2020,2400,338,0.00, ,0.00, ,0, ,6.2, ,43.9, ,63, ,32.2, ,2.9, ,215, ,50.3, 
47,Brentwood,San Francisco Bay,12/4/2020,0100,339,0.00, ,0.00, ,0, ,5.6, ,43.0, ,60, ,30.0, ,3.7, ,232, ,49.8, 
47,Brentwood,San Francisco Bay,12/4/2020,0200,339,0.00, ,0.00, ,0, ,5.8, ,42.1, ,64, ,30.6, ,3.1, ,251, ,49.3, 
47,Brentwood,San Francisco Bay,12/4/2020,0300,339,0.00, ,0.00, ,0, ,5.5, ,40.3, ,65, ,29.4, ,3.6, ,251, ,48.8, 
47,Brentwood,San Francisco Bay,12/4/2020,0400,339,0.00, ,0.00, ,0, ,5.6, ,39.4, ,68, ,29.6, ,1.8, ,265, ,48.4, 
47,Brentwood,San Francisco Bay,12/4/2020,0500,339,0.00, ,0.00, ,0, ,5.6, ,39.5, ,68, ,29.8, ,3.9, ,223, ,48.0, 
47,Brentwood,San Francisco Bay,12/4/2020,0600,339,0.00, ,0.00, ,0, ,5.6, ,38.7, ,70, ,29.6, ,2.5, ,258, ,47.6, 
47,Brentwood,San Francisco Bay,12/4/2020,0700,339,0.00, ,0.00, ,1, ,5.5, ,37.8, ,71, ,29.4, ,3.9, ,249, ,47.2, 
47,Brentwood,San Francisco Bay,12/4/2020,0800,339,0.00, ,0.00, ,81, ,5.7, ,38.6, ,71, ,30.1, ,2.7, ,293, ,46.9, 
47,Brentwood,San Francisco Bay,12/4/2020,0900,339,0.00, ,0.00, ,363, ,6.5, ,46.2, ,61, ,33.7, ,2.5, ,291, ,46.6, 
47,Brentwood,San Francisco Bay,12/4/2020,1000,339,0.01, ,0.00, ,669, ,6.8, ,58.1, ,41, ,34.7, ,4.6, ,320, ,46.7, 
47,Brentwood,San Francisco Bay,12/4/2020,1100,339,0.01, ,0.00, ,903, ,6.5, ,59.6, ,37, ,33.5, ,8.1, ,330, ,47.3, 
47,Brentwood,San Francisco Bay,12/4/2020,1200,339,0.01, ,0.00, ,1023, ,6.3, ,62.7, ,32, ,32.8, ,5.2, ,335, ,48.3, 
47,Brentwood,San Francisco Bay,12/4/2020,1300,339,0.01, ,0.00, ,1021, ,6.3, ,64.7, ,30, ,32.7, ,3.7, ,323, ,49.6, 
47,Brentwood,San Francisco Bay,12/4/2020,1400,339,0.01, ,0.00, ,900, ,6.0, ,66.6, ,27, ,31.6, ,2.4, ,66, ,50.8, 
47,Brentwood,San Francisco Bay,12/4/2020,1500,339,0.01, ,0.00, ,666, ,5.9, ,67.6, ,25, ,31.0, ,2.3, ,95, ,51.9, 
47,Brentwood,San Francisco Bay,12/4/2020,1600,339,0.00, ,0.00, ,356, ,5.9, ,67.1, ,26, ,31.1, ,1.9, ,130, ,52.7, 
47,Brentwood,San Francisco Bay,12/4/2020,1700,339,0.00, ,0.00, ,72, ,5.7, ,63.7, ,28, ,30.3, ,2.3, ,145, ,53.1, 
47,Brentwood,San Francisco Bay,12/4/2020,1800,339,0.00, ,0.00, ,1, ,5.5, ,56.9, ,35, ,29.3, ,1.6, ,235, ,53.2, 
47,Brentwood,San Francisco Bay,12/4/2020,1900,339,0.00, ,0.00, ,0, ,5.2, ,51.7, ,40, ,28.1, ,2.5, ,233, ,52.8, 
47,Brentwood,San Francisco Bay,12/4/2020,2000,339,0.00, ,0.00, ,0, ,4.7, ,48.0, ,41, ,25.6, ,2.7, ,191, ,52.3, 
47,Brentwood,San Francisco Bay,12/4/2020,2100,339,0.00, ,0.00, ,0, ,4.5, ,46.5, ,41, ,24.3, ,3.3, ,197, ,51.7, 
47,Brentwood,San Francisco Bay,12/4/2020,2200,339,0.00, ,0.00, ,0, ,4.4, ,45.7, ,42, ,24.2, ,4.5, ,185, ,51.1, 
47,Brentwood,San Francisco Bay,12/4/2020,2300,339,0.00, ,0.00, ,0, ,4.6, ,45.7, ,44, ,24.8, ,5.6, ,189, ,50.6, 
47,Brentwood,San Francisco Bay,12/4/2020,2400,339,0.00, ,0.00, ,0, ,4.8, ,45.3, ,47, ,26.2, ,3.4, ,248, ,50.1, 
47,Brentwood,San Francisco Bay,12/5/2020,0100,340,0.00, ,0.00, ,0, ,4.6, ,41.5, ,52, ,25.0, ,2.9, ,286, ,49.7, 
47,Brentwood,San Francisco Bay,12/5/2020,0200,340,0.00, ,0.00, ,0, ,4.6, ,39.3, ,56, ,25.0, ,3.2, ,305, ,49.2, 
47,Brentwood,San Francisco Bay,12/5/2020,0300,340,0.00, ,0.00, ,0, ,4.9, ,39.2, ,60, ,26.6, ,2.2, ,239, ,48.7, 
47,Brentwood,San Francisco Bay,12/5/2020,0400,340,0.00, ,0.00, ,0, ,4.5, ,36.7, ,60, ,24.3, ,3.2, ,198, ,48.2, 
47,Brentwood,San Francisco Bay,12/5/2020,0500,340,0.00, ,0.00, ,0, ,4.8, ,35.3, ,69, ,26.0, ,2.6, ,288, ,47.7, 
47,Brentwood,San Francisco Bay,12/5/2020,0600,340,0.00, ,0.00, ,0, ,4.8, ,34.5, ,71, ,26.1, ,2.6, ,237, ,47.3, 
47,Brentwood,San Francisco Bay,12/5/2020,0700,340,0.00, ,0.00, ,1, ,4.6, ,33.3, ,71, ,25.2, ,3.1, ,322, ,46.8, 
47,Brentwood,San Francisco Bay,12/5/2020,0800,340,0.00, ,0.00, ,80, ,4.8, ,35.2, ,70, ,26.3, ,2.5, ,238, ,46.4, 
47,Brentwood,San Francisco Bay,12/5/2020,0900,340,0.00, ,0.00, ,357, ,6.2, ,43.6, ,65, ,32.5, ,2.0, ,301, ,46.1, 
47,Brentwood,San Francisco Bay,12/5/2020,1000,340,0.01, ,0.00, ,659, ,7.3, ,51.6, ,56, ,36.6, ,3.7, ,345, ,46.3, 
47,Brentwood,San Francisco Bay,12/5/2020,1100,340,0.01, ,0.00, ,895, ,7.4, ,53.6, ,53, ,36.7, ,4.5, ,320, ,47.0, 
47,Brentwood,San Francisco Bay,12/5/2020,1200,340,0.01, ,0.00, ,1001, ,7.5, ,56.0, ,49, ,37.1, ,5.0, ,57, ,48.2, 
47,Brentwood,San Francisco Bay,12/5/2020,1300,340,0.01, ,0.00, ,817, ,7.2, ,57.7, ,44, ,36.1, ,2.7, ,150, ,49.5, 
47,Brentwood,San Francisco Bay,12/5/2020,1400,340,0.01, ,0.00, ,449, ,7.1, ,59.1, ,42, ,35.8, ,4.9, ,146, ,50.5, 
47,Brentwood,San Francisco Bay,12/5/2020,1500,340,0.00, ,0.00, ,273, ,6.8, ,59.9, ,39, ,34.6, ,3.7, ,287, ,51.4, 
47,Brentwood,San Francisco Bay,12/5/2020,1600,340,0.00, ,0.00, ,168, ,6.8, ,59.7, ,39, ,34.7, ,4.2, ,300, ,51.9, 
47,Brentwood,San Francisco Bay,12/5/2020,1700,340,0.00, ,0.00, ,43, ,6.8, ,57.8, ,42, ,34.8, ,3.2, ,301, ,52.2, 
47,Brentwood,San Francisco Bay,12/5/2020,1800,340,0.00, ,0.00, ,0, ,6.8, ,54.9, ,46, ,34.6, ,2.0, ,251, ,52.2, 
47,Brentwood,San Francisco Bay,12/5/2020,1900,340,0.00, ,0.00, ,0, ,6.0, ,49.5, ,50, ,31.5, ,2.1, ,151, ,51.8, 
47,Brentwood,San Francisco Bay,12/5/2020,2000,340,0.00, ,0.00, ,0, ,5.9, ,46.8, ,54, ,31.3, ,2.7, ,202, ,51.3, 
47,Brentwood,San Francisco Bay,12/5/2020,2100,340,0.00, ,0.00, ,0, ,5.8, ,44.8, ,57, ,30.8, ,3.2, ,235, ,50.7, 
47,Brentwood,San Francisco Bay,12/5/2020,2200,340,0.00, ,0.00, ,0, ,5.9, ,45.0, ,58, ,31.3, ,3.4, ,243, ,50.2, 
47,Brentwood,San Francisco Bay,12/5/2020,2300,340,0.00, ,0.00, ,0, ,5.8, ,44.6, ,58, ,30.7, ,2.2, ,228, ,49.7, 
47,Brentwood,San Francisco Bay,12/5/2020,2400,340,0.00, ,0.00, ,0, ,5.5, ,43.9, ,56, ,29.3, ,3.4, ,236, ,49.2, 
47,Brentwood,San Francisco Bay,12/6/2020,0100,341,0.00, ,0.00, ,0, ,5.2, ,41.9, ,57, ,28.0, ,2.2, ,234, ,48.8, 
47,Brentwood,San Francisco Bay,12/6/2020,0200,341,0.00, ,0.00, ,0, ,5.1, ,40.4, ,59, ,27.4, ,2.8, ,285, ,48.3, 
47,Brentwood,San Francisco Bay,12/6/2020,0300,341,0.00, ,0.00, ,0, ,5.3, ,40.2, ,63, ,28.7, ,3.1, ,285, ,47.9, 
47,Brentwood,San Francisco Bay,12/6/2020,0400,341,0.00, ,0.00, ,0, ,6.0, ,41.1, ,68, ,31.6, ,1.9, ,134, ,47.6, 
47,Brentwood,San Francisco Bay,12/6/2020,0500,341,0.00, ,0.00, ,0, ,5.6, ,41.0, ,64, ,29.8, ,4.4, ,168, ,47.4, 
47,Brentwood,San Francisco Bay,12/6/2020,0600,341,0.00, ,0.00, ,0, ,5.6, ,40.4, ,66, ,29.9, ,2.6, ,272, ,47.2, 
47,Brentwood,San Francisco Bay,12/6/2020,0700,341,0.00, ,0.00, ,1, ,9.0, ,44.4, ,91, ,41.8, ,7.7, ,292, ,47.0, 
47,Brentwood,San Francisco Bay,12/6/2020,0800,341,0.00, ,0.00, ,69, ,11.0, ,47.4, ,99, ,47.2, ,8.5, ,284, ,46.9, 
47,Brentwood,San Francisco Bay,12/6/2020,0900,341,0.00, ,0.00, ,333, ,11.2, ,50.3, ,90, ,47.6, ,3.6, ,276, ,47.0, 
47,Brentwood,San Francisco Bay,12/6/2020,1000,341,0.01, ,0.00, ,635, ,9.8, ,54.4, ,68, ,44.1, ,5.5, ,288, ,47.4, 
47,Brentwood,San Francisco Bay,12/6/2020,1100,341,0.01, ,0.00, ,815, ,8.6, ,58.3, ,52, ,40.6, ,9.1, ,316, ,48.1, 
47,Brentwood,San Francisco Bay,12/6/2020,1200,341,0.01, ,0.00, ,961, ,9.0, ,59.7, ,51, ,41.8, ,7.9, ,306, ,49.1, 
47,Brentwood,San Francisco Bay,12/6/2020,1300,341,0.01, ,0.00, ,746, ,8.6, ,61.8, ,46, ,40.6, ,7.8, ,320, ,50.2, 
47,Brentwood,San Francisco Bay,12/6/2020,1400,341,0.01, ,0.00, ,613, ,7.8, ,63.6, ,39, ,38.1, ,8.0, ,336, ,51.2, 
47,Brentwood,San Francisco Bay,12/6/2020,1500,341,0.01, ,0.00, ,653, ,7.3, ,65.4, ,34, ,36.4, ,7.8, ,342, ,52.0, 
47,Brentwood,San Francisco Bay,12/6/2020,1600,341,0.01, ,0.00, ,362, ,7.1, ,65.4, ,33, ,35.7, ,7.0, ,352, ,52.4, 
47,Brentwood,San Francisco Bay,12/6/2020,1700,341,0.00, ,0.00, ,56, ,6.8, ,61.8, ,36, ,34.6, ,2.8, ,296, ,52.6, 
47,Brentwood,San Francisco Bay,12/6/2020,1800,341,0.00, ,0.00, ,0, ,6.3, ,54.5, ,43, ,32.6, ,2.7, ,249, ,52.5, 
47,Brentwood,San Francisco Bay,12/6/2020,1900,341,0.00, ,0.00, ,0, ,6.0, ,50.3, ,48, ,31.6, ,1.8, ,218, ,52.1, 
47,Brentwood,San Francisco Bay,12/6/2020,2000,341,0.00, ,0.00, ,0, ,5.9, ,47.6, ,52, ,31.1, ,2.6, ,254, ,51.5, 
47,Brentwood,San Francisco Bay,12/6/2020,2100,341,0.00, ,0.00, ,0, ,5.9, ,50.9, ,46, ,31.1, ,5.8, ,265, ,50.9, 
47,Brentwood,San Francisco Bay,12/6/2020,2200,341,0.00, ,0.00, ,0, ,6.5, ,53.5, ,46, ,33.4, ,6.2, ,288, ,50.4, 
47,Brentwood,San Francisco Bay,12/6/2020,2300,341,0.00, ,0.00, ,0, ,6.5, ,53.1, ,47, ,33.7, ,5.6, ,307, ,50.0, 
47,Brentwood,San Francisco Bay,12/6/2020,2400,341,0.00, ,0.00, ,0, ,6.5, ,52.2, ,49, ,33.5, ,5.0, ,306, ,49.8, 
47,Brentwood,San Francisco Bay,12/7/2020,0100,342,0.00, ,0.00, ,0, ,6.2, ,53.5, ,44, ,32.3, ,7.0, ,313, ,49.5, 
47,Brentwood,San Francisco Bay,12/7/2020,0200,342,0.00, ,0.00, ,0, ,6.0, ,56.9, ,38, ,31.7, ,15.0, ,315, ,49.3, 
47,Brentwood,San Francisco Bay,12/7/2020,0300,342,0.00, ,0.00, ,0, ,6.1, ,56.0, ,40, ,32.0, ,13.1, ,310, ,49.3, 
47,Brentwood,San Francisco Bay,12/7/2020,0400,342,0.00, ,0.00, ,0, ,6.2, ,54.5, ,43, ,32.4, ,11.7, ,314, ,49.3, 
47,Brentwood,San Francisco Bay,12/7/2020,0500,342,0.00, ,0.00, ,0, ,6.2, ,53.1, ,45, ,32.2, ,10.2, ,315, ,49.3, 
47,Brentwood,San Francisco Bay,12/7/2020,0600,342,0.00, ,0.00, ,0, ,6.1, ,52.9, ,45, ,32.0, ,12.0, ,317, ,49.3, 
47,Brentwood,San Francisco Bay,12/7/2020,0700,342,0.00, ,0.00, ,1, ,6.0, ,53.1, ,44, ,31.7, ,12.9, ,323, ,49.2, 
47,Brentwood,San Francisco Bay,12/7/2020,0800,342,0.00, ,0.00, ,83, ,6.0, ,53.8, ,42, ,31.4, ,11.4, ,316, ,49.2, 
47,Brentwood,San Francisco Bay,12/7/2020,0900,342,0.01, ,0.00, ,368, ,6.1, ,57.4, ,38, ,32.1, ,12.6, ,314, ,49.2, 
47,Brentwood,San Francisco Bay,12/7/2020,1000,342,0.01,Y,0.00, ,669, ,6.1, ,61.8,Y,32,Y,32.0,Y,12.3, ,325, ,49.4, 
47,Brentwood,San Francisco Bay,12/7/2020,1100,342,0.01,Y,0.00, ,896, ,6.0, ,66.1,Y,28,Y,31.6,Y,11.5, ,329, ,50.0, 
47,Brentwood,San Francisco Bay,12/7/2020,1200,342,0.02,Y,0.00, ,1017, ,5.9, ,69.3,Y,24,Y,31.1,Y,11.5, ,338, ,50.9, 
47,Brentwood,San Francisco Bay,12/7/2020,1300,342,0.02,Y,0.00, ,1024, ,5.7, ,71.4,Y,22,Y,30.4,Y,13.9, ,331, ,51.9, 
47,Brentwood,San Francisco Bay,12/7/2020,1400,342,0.02,Y,0.00, ,908, ,5.5, ,72.7,Y,20,Y,29.5,Y,14.6, ,334, ,52.7, 
47,Brentwood,San Francisco Bay,12/7/2020,1500,342,0.01,Y,0.00, ,678, ,5.5, ,73.6,Y,20,Y,29.5,Y,11.2, ,329, ,53.3, 
47,Brentwood,San Francisco Bay,12/7/2020,1600,342,0.01,Y,0.00, ,370, ,5.5, ,73.2,Y,20,Y,29.4,Y,10.4, ,319, ,53.8, 
47,Brentwood,San Francisco Bay,12/7/2020,1700,342,0.00,Y,0.00, ,76, ,5.3, ,68.6,Y,22,Y,28.6,Y,7.0, ,304, ,54.1, 
47,Brentwood,San Francisco Bay,12/7/2020,1800,342,0.00,Y,0.00, ,1, ,5.0, ,62.8,Y,26,Y,27.3,Y,5.1, ,259, ,54.1, 
47,Brentwood,San Francisco Bay,12/7/2020,1900,342,0.00, ,0.00, ,1, ,4.9, ,60.0, ,27, ,26.4, ,5.0, ,251, ,53.9, 
47,Brentwood,San Francisco Bay,12/7/2020,2000,342,0.00, ,0.00, ,0, ,4.7, ,60.1, ,26, ,25.5, ,5.8, ,264, ,53.4, 
47,Brentwood,San Francisco Bay,12/7/2020,2100,342,0.00,Y,0.00, ,0, ,4.6, ,60.6,Y,25,Y,24.9,Y,6.2, ,287, ,53.0, 
47,Brentwood,San Francisco Bay,12/7/2020,2200,342,0.00, ,0.00, ,0, ,4.6, ,58.7, ,27, ,25.2, ,5.3, ,272, ,52.6, 
47,Brentwood,San Francisco Bay,12/7/2020,2300,342,0.00, ,0.00, ,0, ,4.6, ,55.8, ,30, ,24.8, ,4.9, ,256, ,52.2, 
47,Brentwood,San Francisco Bay,12/7/2020,2400,342,0.00, ,0.00, ,0, ,4.5, ,54.5, ,31, ,24.6, ,4.3, ,263, ,51.8, 
47,Brentwood,San Francisco Bay,12/8/2020,0100,343,0.00, ,0.00, ,0, ,4.6, ,52.7, ,34, ,25.2, ,2.2, ,231, ,51.3, 
47,Brentwood,San Francisco Bay,12/8/2020,0200,343,0.00, ,0.00, ,0, ,4.6, ,49.2, ,39, ,25.3, ,3.2, ,278, ,50.8, 
47,Brentwood,San Francisco Bay,12/8/2020,0300,343,0.00, ,0.00, ,0, ,4.7, ,49.9, ,38, ,25.4, ,5.0, ,254, ,50.3, 
47,Brentwood,San Francisco Bay,12/8/2020,0400,343,0.00, ,0.00, ,0, ,4.5, ,48.6, ,39, ,24.6, ,3.9, ,260, ,49.8, 
47,Brentwood,San Francisco Bay,12/8/2020,0500,343,0.00, ,0.00, ,0, ,4.3, ,44.2, ,44, ,23.7, ,2.5, ,281, ,49.4, 
47,Brentwood,San Francisco Bay,12/8/2020,0600,343,0.00, ,0.00, ,0, ,4.4, ,41.3, ,49, ,23.8, ,2.7, ,248, ,48.9, 
47,Brentwood,San Francisco Bay,12/8/2020,0700,343,0.00, ,0.00, ,1, ,4.4, ,43.0, ,47, ,24.2, ,4.0, ,264, ,48.5, 
47,Brentwood,San Francisco Bay,12/8/2020,0800,343,0.00, ,0.00, ,93, ,4.5, ,45.8, ,43, ,24.6, ,4.5, ,270, ,48.0, 
47,Brentwood,San Francisco Bay,12/8/2020,0900,343,0.00, ,0.00, ,383, ,5.3, ,54.8, ,36, ,28.6, ,4.8, ,295, ,47.7, 
47,Brentwood,San Francisco Bay,12/8/2020,1000,343,0.01, ,0.00, ,692, ,6.3, ,57.4, ,39, ,32.7, ,4.4, ,41, ,48.0, 
47,Brentwood,San Francisco Bay,12/8/2020,1100,343,0.01, ,0.00, ,926, ,6.6, ,57.8, ,40, ,33.8, ,3.2, ,64, ,48.8, 
47,Brentwood,San Francisco Bay,12/8/2020,1200,343,0.01, ,0.00, ,1050, ,6.1, ,63.9, ,30, ,31.8, ,2.4, ,42, ,49.9, 
47,Brentwood,San Francisco Bay,12/8/2020,1300,343,0.01, ,0.00, ,1050, ,5.9, ,66.3, ,27, ,31.3, ,3.0, ,74, ,51.3, 
47,Brentwood,San Francisco Bay,12/8/2020,1400,343,0.01,Y,0.00, ,930, ,5.6, ,70.6,Y,22,Y,29.8,Y,3.7, ,0, ,52.6, 
47,Brentwood,San Francisco Bay,12/8/2020,1500,343,0.01,Y,0.00, ,694, ,5.4, ,72.3,Y,20,Y,28.8,Y,4.0, ,350, ,53.5, 
47,Brentwood,San Francisco Bay,12/8/2020,1600,343,0.01,Y,0.00, ,384, ,5.2, ,72.7,Y,19,Y,28.1,Y,3.6, ,343, ,54.2, 
47,Brentwood,San Francisco Bay,12/8/2020,1700,343,0.00,Y,0.00, ,80, ,5.9, ,64.9,Y,28,Y,31.2,Y,4.1, ,25, ,54.5, 
47,Brentwood,San Francisco Bay,12/8/2020,1800,343,0.00, ,0.00, ,2, ,5.4, ,56.5, ,34, ,28.7, ,2.0, ,46, ,54.4, 
47,Brentwood,San Francisco Bay,12/8/2020,1900,343,0.00, ,0.00, ,0, ,4.9, ,51.8, ,37, ,26.5, ,2.7, ,158, ,53.9, 
47,Brentwood,San Francisco Bay,12/8/2020,2000,343,0.00, ,0.00, ,0, ,4.5, ,49.0, ,38, ,24.6, ,3.0, ,217, ,53.3, 
47,Brentwood,San Francisco Bay,12/8/2020,2100,343,0.00, ,0.00, ,0, ,3.9, ,45.1, ,38, ,21.2, ,2.5, ,256, ,52.6, 
47,Brentwood,San Francisco Bay,12/8/2020,2200,343,0.00, ,0.00, ,0, ,4.9, ,43.8, ,51, ,26.7, ,2.6, ,64, ,51.9, 
47,Brentwood,San Francisco Bay,12/8/2020,2300,343,0.00, ,0.00, ,0, ,4.6, ,43.8, ,47, ,24.9, ,3.0, ,249, ,51.4, 
47,Brentwood,San Francisco Bay,12/8/2020,2400,343,0.00, ,0.00, ,0, ,4.4, ,42.6, ,48, ,24.2, ,2.7, ,269, ,50.9, 
47,Brentwood,San Francisco Bay,12/9/2020,0100,344,0.00, ,0.00, ,0, ,4.5, ,41.2, ,51, ,24.4, ,2.4, ,220, ,50.5, 
47,Brentwood,San Francisco Bay,12/9/2020,0200,344,0.00, ,0.00, ,0, ,4.1, ,38.9, ,50, ,22.1, ,2.3, ,283, ,49.9, 
47,Brentwood,San Francisco Bay,12/9/2020,0300,344,0.00, ,0.00, ,0, ,4.5, ,38.5, ,56, ,24.4, ,2.5, ,269, ,49.5, 
47,Brentwood,San Francisco Bay,12/9/2020,0400,344,0.00, ,0.00, ,0, ,4.5, ,36.9, ,60, ,24.4, ,2.8, ,279, ,49.0, 
47,Brentwood,San Francisco Bay,12/9/2020,0500,344,0.00, ,0.00, ,0, ,6.0, ,37.0, ,80, ,31.4, ,3.0, ,296, ,48.5, 
47,Brentwood,San Francisco Bay,12/9/2020,0600,344,0.00, ,0.00, ,0, ,7.0, ,35.5, ,99, ,35.3, ,3.2, ,285, ,48.0, 
47,Brentwood,San Francisco Bay,12/9/2020,0700,344,0.00, ,0.00, ,0, ,6.7, ,35.1, ,96, ,34.2, ,3.9, ,289, ,47.6, 
47,Brentwood,San Francisco Bay,12/9/2020,0800,344,0.00, ,0.00, ,79, ,7.6, ,37.7, ,99, ,37.5, ,3.4, ,270, ,47.1, 
47,Brentwood,San Francisco Bay,12/9/2020,0900,344,0.00, ,0.00, ,408, ,8.1, ,46.9, ,74, ,39.0, ,6.1, ,305, ,46.8, 
47,Brentwood,San Francisco Bay,12/9/2020,1000,344,0.01, ,0.00, ,649, ,8.2, ,53.3, ,59, ,39.5, ,6.1, ,314, ,47.0, 
47,Brentwood,San Francisco Bay,12/9/2020,1100,344,0.01, ,0.00, ,867, ,7.9, ,56.3, ,51, ,38.4, ,6.2, ,318, ,47.7, 
47,Brentwood,San Francisco Bay,12/9/2020,1200,344,0.01, ,0.00, ,1000, ,7.4, ,60.1, ,42, ,36.9, ,7.2, ,327, ,48.7, 
47,Brentwood,San Francisco Bay,12/9/2020,1300,344,0.01, ,0.00, ,1046, ,7.5, ,63.7, ,37, ,37.2, ,7.6, ,317, ,49.9, 
47,Brentwood,San Francisco Bay,12/9/2020,1400,344,0.01, ,0.00, ,867, ,7.1, ,65.3, ,34, ,35.9, ,6.7, ,322, ,51.0, 
47,Brentwood,San Francisco Bay,12/9/2020,1500,344,0.01, ,0.00, ,491, ,6.9, ,65.0, ,33, ,35.1, ,4.9, ,299, ,51.9, 
47,Brentwood,San Francisco Bay,12/9/2020,1600,344,0.00, ,0.00, ,180, ,6.6, ,63.0, ,34, ,34.0, ,3.8, ,293, ,52.5, 
47,Brentwood,San Francisco Bay,12/9/2020,1700,344,0.00, ,0.00, ,36, ,6.6, ,61.1, ,36, ,33.8, ,3.2, ,270, ,52.9, 
47,Brentwood,San Francisco Bay,12/9/2020,1800,344,0.00, ,0.00, ,1, ,6.2, ,56.4, ,40, ,32.3, ,3.7, ,242, ,52.9, 
47,Brentwood,San Francisco Bay,12/9/2020,1900,344,0.00, ,0.00, ,0, ,6.0, ,54.5, ,41, ,31.4, ,4.5, ,247, ,52.6, 
47,Brentwood,San Francisco Bay,12/9/2020,2000,344,0.00, ,0.00, ,0, ,5.5, ,52.2, ,41, ,29.4, ,3.2, ,233, ,52.3, 
47,Brentwood,San Francisco Bay,12/9/2020,2100,344,0.00, ,0.00, ,0, ,5.3, ,51.4, ,41, ,28.3, ,3.6, ,224, ,51.8, 
47,Brentwood,San Francisco Bay,12/9/2020,2200,344,0.00, ,0.00, ,0, ,5.7, ,52.8, ,42, ,30.1, ,4.9, ,259, ,51.3, 
47,Brentwood,San Francisco Bay,12/9/2020,2300,344,0.00, ,0.00, ,0, ,6.4, ,55.2, ,43, ,33.2, ,5.7, ,276, ,51.0, 
47,Brentwood,San Francisco Bay,12/9/2020,2400,344,0.00, ,0.00, ,0, ,6.3, ,54.1, ,44, ,32.9, ,4.7, ,270, ,50.7, 
47,Brentwood,San Francisco Bay,12/10/2020,0100,345,0.00, ,0.00, ,0, ,6.1, ,52.6, ,45, ,31.9, ,4.2, ,227, ,50.4, 
47,Brentwood,San Francisco Bay,12/10/2020,0200,345,0.00, ,0.00, ,0, ,5.8, ,50.9, ,45, ,30.5, ,4.3, ,238, ,50.1, 
47,Brentwood,San Francisco Bay,12/10/2020,0300,345,0.00, ,0.00, ,0, ,5.8, ,51.2, ,45, ,30.6, ,3.5, ,242, ,49.7, 
47,Brentwood,San Francisco Bay,12/10/2020,0400,345,0.00, ,0.00, ,0, ,5.8, ,46.8, ,54, ,30.9, ,4.1, ,278, ,49.3, 
47,Brentwood,San Francisco Bay,12/10/2020,0500,345,0.00, ,0.00, ,0, ,5.5, ,45.2, ,53, ,29.3, ,2.4, ,235, ,48.9, 
47,Brentwood,San Francisco Bay,12/10/2020,0600,345,0.00, ,0.00, ,0, ,5.2, ,49.2, ,44, ,28.1, ,3.4, ,278, ,48.5, 
47,Brentwood,San Francisco Bay,12/10/2020,0700,345,0.00, ,0.00, ,0, ,4.7, ,48.9, ,40, ,25.6, ,3.1, ,271, ,48.2, 
47,Brentwood,San Francisco Bay,12/10/2020,0800,345,0.00, ,0.00, ,104, ,4.8, ,46.1, ,45, ,25.9, ,2.7, ,239, ,47.8, 
47,Brentwood,San Francisco Bay,12/10/2020,0900,345,0.00, ,0.00, ,297, ,5.4, ,51.7, ,41, ,28.9, ,2.1, ,254, ,47.6, 
47,Brentwood,San Francisco Bay,12/10/2020,1000,345,0.01, ,0.00, ,521, ,5.2, ,59.5, ,30, ,28.2, ,3.5, ,312, ,47.8, 
47,Brentwood,San Francisco Bay,12/10/2020,1100,345,0.01, ,0.00, ,821, ,4.2, ,62.7, ,22, ,23.0, ,9.3, ,340, ,48.4, 
47,Brentwood,San Francisco Bay,12/10/2020,1200,345,0.02,Y,0.00, ,1039, ,4.5, ,66.3,Y,20,Y,24.5,Y,8.9, ,332, ,49.2, 
47,Brentwood,San Francisco Bay,12/10/2020,1300,345,0.01,Y,0.00, ,1040, ,5.0, ,67.8,Y,22,Y,27.3,Y,5.4, ,301, ,50.3, 
47,Brentwood,San Francisco Bay,12/10/2020,1400,345,0.01,Y,0.00, ,919, ,5.2, ,69.4,Y,21,Y,28.0,Y,5.2, ,295, ,51.5, 
47,Brentwood,San Francisco Bay,12/10/2020,1500,345,0.01,Y,0.00, ,685, ,5.4, ,71.3,Y,21,Y,28.9,Y,4.9, ,316, ,52.5, 
47,Brentwood,San Francisco Bay,12/10/2020,1600,345,0.01,Y,0.00, ,366, ,5.5, ,70.7,Y,21,Y,29.4,Y,4.3, ,350, ,53.2, 
47,Brentwood,San Francisco Bay,12/10/2020,1700,345,0.00,Y,0.00, ,80, ,5.4, ,66.4,Y,25,Y,29.1,Y,3.5, ,252, ,53.5, 
47,Brentwood,San Francisco Bay,12/10/2020,1800,345,0.00, ,0.00, ,2, ,5.0, ,58.3, ,30, ,27.1, ,3.9, ,170, ,53.5, 
47,Brentwood,San Francisco Bay,12/10/2020,1900,345,0.00, ,0.00, ,0, ,5.3, ,54.3, ,37, ,28.4, ,4.1, ,159, ,53.2, 
47,Brentwood,San Francisco Bay,12/10/2020,2000,345,0.00, ,0.00, ,0, ,4.4, ,52.9, ,32, ,23.8, ,4.7, ,207, ,52.7, 
47,Brentwood,San Francisco Bay,12/10/2020,2100,345,0.00, ,0.00, ,0, ,4.1, ,51.8, ,31, ,22.3, ,4.1, ,237, ,52.1, 
47,Brentwood,San Francisco Bay,12/10/2020,2200,345,0.00, ,0.00, ,0, ,6.2, ,55.2, ,41, ,32.2, ,7.6, ,221, ,51.5, 
47,Brentwood,San Francisco Bay,12/10/2020,2300,345,0.00, ,0.00, ,0, ,6.7, ,50.4, ,54, ,34.4, ,4.9, ,165, ,51.1, 
47,Brentwood,San Francisco Bay,12/10/2020,2400,345,0.00, ,0.00, ,0, ,6.1, ,47.8, ,54, ,32.0, ,3.8, ,206, ,50.8, 
47,Brentwood,San Francisco Bay,12/11/2020,0100,346,0.00, ,0.00, ,0, ,6.5, ,49.2, ,54, ,33.5, ,5.2, ,211, ,50.4, 
47,Brentwood,San Francisco Bay,12/11/2020,0200,346,0.00, ,0.00, ,0, ,7.0, ,46.4, ,65, ,35.4, ,4.6, ,193, ,50.0, 
47,Brentwood,San Francisco Bay,12/11/2020,0300,346,0.00, ,0.00, ,0, ,7.7, ,41.9, ,85, ,37.9, ,3.5, ,198, ,49.6, 
47,Brentwood,San Francisco Bay,12/11/2020,0400,346,0.00, ,0.00, ,0, ,7.9, ,40.7, ,92, ,38.6, ,2.3, ,189, ,49.2, 
47,Brentwood,San Francisco Bay,12/11/2020,0500,346,0.00, ,0.00, ,0, ,8.2, ,42.3, ,89, ,39.3, ,2.3, ,270, ,48.8, 
47,Brentwood,San Francisco Bay,12/11/2020,0600,346,0.00, ,0.00, ,0, ,9.0, ,42.3, ,98, ,41.9, ,2.4, ,220, ,48.5, 
47,Brentwood,San Francisco Bay,12/11/2020,0700,346,0.00, ,0.00, ,0, ,8.1, ,40.9, ,93, ,39.0, ,1.8, ,325, ,48.2, 
47,Brentwood,San Francisco Bay,12/11/2020,0800,346,0.00, ,0.00, ,33, ,8.6, ,41.1, ,99, ,40.7, ,1.6, ,38, ,47.9, 
47,Brentwood,San Francisco Bay,12/11/2020,0900,346,0.00, ,0.00, ,98, ,9.6, ,43.9, ,98, ,43.4, ,1.7, ,326, ,47.7, 
47,Brentwood,San Francisco Bay,12/11/2020,1000,346,0.00, ,0.00, ,484, ,10.8, ,51.7, ,83, ,46.6, ,2.2, ,81, ,47.8, 
47,Brentwood,San Francisco Bay,12/11/2020,1100,346,0.01, ,0.00, ,614, ,9.6, ,55.8, ,63, ,43.6, ,2.8, ,6, ,48.3, 
47,Brentwood,San Francisco Bay,12/11/2020,1200,346,0.00, ,0.00, ,306, ,8.8, ,56.5, ,57, ,41.3, ,2.8, ,345, ,49.2, 
47,Brentwood,San Francisco Bay,12/11/2020,1300,346,0.01, ,0.00, ,655, ,9.0, ,58.1, ,54, ,41.7, ,3.6, ,28, ,50.1, 
47,Brentwood,San Francisco Bay,12/11/2020,1400,346,0.01, ,0.00, ,561, ,8.9, ,59.5, ,51, ,41.4, ,4.3, ,24, ,51.0, 
47,Brentwood,San Francisco Bay,12/11/2020,1500,346,0.00, ,0.01, ,157, ,9.6, ,56.3, ,62, ,43.4, ,6.3, ,340, ,51.9, 
47,Brentwood,San Francisco Bay,12/11/2020,1600,346,0.00, ,0.00, ,117, ,12.0, ,53.3, ,87, ,49.4, ,5.9, ,292, ,52.4, 
47,Brentwood,San Francisco Bay,12/11/2020,1700,346,0.00, ,0.00, ,17, ,9.5, ,51.6, ,73, ,43.2, ,5.6, ,194, ,52.5, 
47,Brentwood,San Francisco Bay,12/11/2020,1800,346,0.00, ,0.00, ,0, ,8.9, ,49.8, ,73, ,41.4, ,7.0, ,153, ,52.4, 
47,Brentwood,San Francisco Bay,12/11/2020,1900,346,0.00, ,0.00, ,0, ,9.4, ,49.6, ,78, ,42.9, ,5.6, ,122, ,52.2, 
47,Brentwood,San Francisco Bay,12/11/2020,2000,346,0.00, ,0.00, ,0, ,11.1, ,49.2, ,93, ,47.2, ,7.5, ,120, ,51.9, 
47,Brentwood,San Francisco Bay,12/11/2020,2100,346,0.00, ,0.09, ,0, ,11.3, ,48.0, ,99, ,47.8, ,8.2, ,128, ,51.7, 
47,Brentwood,San Francisco Bay,12/11/2020,2200,346,0.00, ,0.06, ,0, ,11.1, ,47.4, ,100, ,47.3, ,5.8, ,114, ,51.4, 
47,Brentwood,San Francisco Bay,12/11/2020,2300,346,0.00, ,0.02, ,0, ,11.3, ,47.8, ,100, ,47.7, ,6.2, ,123, ,51.2, 
47,Brentwood,San Francisco Bay,12/11/2020,2400,346,0.00, ,0.03, ,0, ,11.5, ,48.2, ,100, ,48.2, ,8.3, ,115, ,51.0, 
47,Brentwood,San Francisco Bay,12/12/2020,0100,347,0.00, ,0.03, ,0, ,11.6, ,48.4, ,100, ,48.4, ,8.8, ,116, ,50.9, 
47,Brentwood,San Francisco Bay,12/12/2020,0200,347,0.00, ,0.00, ,0, ,11.6, ,48.4, ,100, ,48.4, ,10.6, ,112, ,50.8, 
47,Brentwood,San Francisco Bay,12/12/2020,0300,347,0.00, ,0.00, ,0, ,11.7, ,48.8, ,100, ,48.8, ,10.7, ,112, ,50.8, 
47,Brentwood,San Francisco Bay,12/12/2020,0400,347,0.00, ,0.00, ,0, ,11.7, ,48.8, ,100, ,48.8, ,8.5, ,119, ,50.7, 
47,Brentwood,San Francisco Bay,12/12/2020,0500,347,0.00, ,0.00, ,0, ,11.7, ,48.8, ,100, ,48.8, ,6.5, ,103, ,50.7, 
47,Brentwood,San Francisco Bay,12/12/2020,0600,347,0.00, ,0.00, ,0, ,11.7, ,48.7, ,100, ,48.7, ,4.3, ,88, ,50.7, 
47,Brentwood,San Francisco Bay,12/12/2020,0700,347,0.00, ,0.00, ,0, ,11.7, ,48.8, ,100, ,48.7, ,3.7, ,107, ,50.7, 
47,Brentwood,San Francisco Bay,12/12/2020,0800,347,0.00, ,0.00, ,12, ,11.8, ,48.9, ,100, ,48.8, ,4.7, ,330, ,50.8, 
47,Brentwood,San Francisco Bay,12/12/2020,0900,347,0.00, ,0.01, ,63, ,11.6, ,48.6, ,100, ,48.5, ,9.5, ,313, ,50.8, 
47,Brentwood,San Francisco Bay,12/12/2020,1000,347,0.00, ,0.00, ,81, ,11.5, ,48.3, ,100, ,48.3, ,8.2, ,318, ,50.8, 
47,Brentwood,San Francisco Bay,12/12/2020,1100,347,0.00, ,0.00, ,103, ,11.7, ,48.8, ,100, ,48.8, ,8.5, ,310, ,50.9, 
47,Brentwood,San Francisco Bay,12/12/2020,1200,347,0.00, ,0.00, ,225, ,12.0, ,49.5, ,100, ,49.4, ,10.3, ,308, ,51.0, 
47,Brentwood,San Francisco Bay,12/12/2020,1300,347,0.00, ,0.00, ,480, ,13.0, ,51.7, ,100, ,51.6, ,10.5, ,330, ,51.2, 
47,Brentwood,San Francisco Bay,12/12/2020,1400,347,0.00, ,0.00, ,297, ,13.3, ,52.3, ,99, ,52.2, ,6.7, ,321, ,51.6, 
47,Brentwood,San Francisco Bay,12/12/2020,1500,347,0.00, ,0.00, ,197, ,13.8, ,53.3, ,99, ,53.2, ,5.4, ,317, ,52.0, 
47,Brentwood,San Francisco Bay,12/12/2020,1600,347,0.00, ,0.00, ,100, ,13.9, ,53.6, ,99, ,53.4, ,5.4, ,319, ,52.3, 
47,Brentwood,San Francisco Bay,12/12/2020,1700,347,0.00, ,0.00, ,17, ,13.5, ,52.8, ,99, ,52.6, ,2.8, ,324, ,52.5, 
47,Brentwood,San Francisco Bay,12/12/2020,1800,347,0.00, ,0.00, ,0, ,12.6, ,50.9, ,100, ,50.8, ,2.7, ,202, ,52.4, 
47,Brentwood,San Francisco Bay,12/12/2020,1900,347,0.00, ,0.00, ,0, ,11.7, ,48.8, ,100, ,48.8, ,3.4, ,196, ,52.2, 
47,Brentwood,San Francisco Bay,12/12/2020,2000,347,0.00, ,0.00, ,0, ,11.3, ,47.8, ,100, ,47.7, ,3.5, ,229, ,51.9, 
47,Brentwood,San Francisco Bay,12/12/2020,2100,347,0.00, ,0.00, ,0, ,10.2, ,45.2, ,100, ,45.2, ,2.9, ,188, ,51.5, 
47,Brentwood,San Francisco Bay,12/12/2020,2200,347,0.00, ,0.00, ,0, ,9.6, ,43.5, ,100, ,43.4, ,3.3, ,173, ,51.0, 
47,Brentwood,San Francisco Bay,12/12/2020,2300,347,0.00, ,0.00, ,0, ,9.3, ,42.7, ,100, ,42.7, ,2.8, ,184, ,50.4, 
47,Brentwood,San Francisco Bay,12/12/2020,2400,347,0.00, ,0.00, ,0, ,9.2, ,42.3, ,100, ,42.3, ,2.4, ,161, ,49.9, 
47,Brentwood,San Francisco Bay,12/13/2020,0100,348,0.00, ,0.00, ,0, ,8.9, ,41.5, ,100, ,41.4, ,2.9, ,173, ,49.5, 
47,Brentwood,San Francisco Bay,12/13/2020,0200,348,0.00, ,0.00, ,0, ,9.0, ,42.0, ,100, ,41.9, ,2.6, ,208, ,49.1, 
47,Brentwood,San Francisco Bay,12/13/2020,0300,348,0.00, ,0.00, ,0, ,9.5, ,43.1, ,100, ,43.1, ,1.8, ,181, ,48.8, 
47,Brentwood,San Francisco Bay,12/13/2020,0400,348,0.00, ,0.00, ,0, ,9.9, ,44.4, ,100, ,44.3, ,2.4, ,164, ,48.6, 
47,Brentwood,San Francisco Bay,12/13/2020,0500,348,0.00, ,0.00, ,0, ,10.3, ,45.3, ,100, ,45.3, ,1.6, ,152, ,48.5, 
47,Brentwood,San Francisco Bay,12/13/2020,0600,348,0.00, ,0.00, ,0, ,11.2, ,47.5, ,100, ,47.4, ,3.3, ,128, ,48.6, 
47,Brentwood,San Francisco Bay,12/13/2020,0700,348,0.00, ,0.34, ,0, ,11.8, ,49.0, ,100, ,49.0, ,7.2, ,107, ,48.3, 
47,Brentwood,San Francisco Bay,12/13/2020,0800,348,0.00, ,0.04, ,11, ,11.9, ,49.3, ,100, ,49.2, ,7.2, ,109, ,48.6, 
47,Brentwood,San Francisco Bay,12/13/2020,0900,348,0.00, ,0.14, ,39, ,12.1, ,49.5, ,100, ,49.5, ,4.6, ,94, ,48.9, 
47,Brentwood,San Francisco Bay,12/13/2020,1000,348,0.00, ,0.04, ,133, ,12.4, ,50.4, ,100, ,50.3, ,7.5, ,99, ,49.2, 
47,Brentwood,San Francisco Bay,12/13/2020,1100,348,0.00, ,0.04, ,173, ,12.8, ,51.1, ,100, ,51.0, ,8.7, ,118, ,49.6, 
47,Brentwood,San Francisco Bay,12/13/2020,1200,348,0.00, ,0.01, ,341, ,13.2, ,51.9, ,100, ,51.8, ,12.2, ,120, ,50.0, 
47,Brentwood,San Francisco Bay,12/13/2020,1300,348,0.00, ,0.00, ,437, ,13.8, ,53.2, ,100, ,53.2, ,11.5, ,126, ,50.6, 
47,Brentwood,San Francisco Bay,12/13/2020,1400,348,0.00, ,0.00, ,358, ,14.5, ,54.4, ,100, ,54.4, ,8.4, ,114, ,51.2, 
47,Brentwood,San Francisco Bay,12/13/2020,1500,348,0.00, ,0.00, ,239, ,14.5, ,54.5, ,100, ,54.5, ,10.5, ,115, ,51.7, 
47,Brentwood,San Francisco Bay,12/13/2020,1600,348,0.00, ,0.07, ,76, ,14.1, ,53.7, ,100, ,53.6, ,9.2, ,125, ,52.2, 
47,Brentwood,San Francisco Bay,12/13/2020,1700,348,0.00, ,0.00, ,12, ,14.1, ,53.7, ,100, ,53.7, ,5.7, ,130, ,52.4, 
47,Brentwood,San Francisco Bay,12/13/2020,1800,348,0.00, ,0.03, ,0, ,13.7, ,53.0, ,100, ,53.0, ,3.6, ,96, ,52.4, 
47,Brentwood,San Francisco Bay,12/13/2020,1900,348,0.00, ,0.00, ,0, ,13.6, ,52.8, ,100, ,52.7, ,4.4, ,229, ,52.4, 
47,Brentwood,San Francisco Bay,12/13/2020,2000,348,0.00, ,0.00, ,0, ,13.6, ,53.0, ,99, ,52.8, ,11.7, ,256, ,52.3, 
47,Brentwood,San Francisco Bay,12/13/2020,2100,348,0.00, ,0.00, ,0, ,12.8, ,51.4, ,99, ,51.2, ,7.4, ,264, ,51.9, 
47,Brentwood,San Francisco Bay,12/13/2020,2200,348,0.00, ,0.00, ,0, ,12.6, ,50.9, ,99, ,50.7, ,9.4, ,255, ,51.6, 
47,Brentwood,San Francisco Bay,12/13/2020,2300,348,0.00, ,0.00, ,0, ,12.4, ,50.6, ,99, ,50.3, ,9.3, ,250, ,51.2, 
47,Brentwood,San Francisco Bay,12/13/2020,2400,348,0.00, ,0.00, ,0, ,11.9, ,49.4, ,99, ,49.2, ,6.4, ,264, ,50.8, 
47,Brentwood,San Francisco Bay,12/14/2020,0100,349,0.00, ,0.00, ,0, ,11.7, ,48.9, ,99, ,48.6, ,8.8, ,265, ,50.4, 
47,Brentwood,San Francisco Bay,12/14/2020,0200,349,0.00, ,0.00, ,0, ,11.6, ,48.8, ,99, ,48.5, ,11.1, ,280, ,50.0, 
47,Brentwood,San Francisco Bay,12/14/2020,0300,349,0.00, ,0.00, ,0, ,11.5, ,48.5, ,99, ,48.2, ,11.1, ,288, ,49.7, 
47,Brentwood,San Francisco Bay,12/14/2020,0400,349,0.00, ,0.00, ,0, ,11.1, ,47.5, ,99, ,47.2, ,7.8, ,293, ,49.4, 
47,Brentwood,San Francisco Bay,12/14/2020,0500,349,0.00, ,0.00, ,0, ,10.5, ,46.1, ,99, ,45.9, ,5.9, ,291, ,49.1, 
47,Brentwood,San Francisco Bay,12/14/2020,0600,349,0.00, ,0.00, ,0, ,9.8, ,44.3, ,99, ,44.1, ,2.9, ,238, ,48.8, 
47,Brentwood,San Francisco Bay,12/14/2020,0700,349,0.00, ,0.00, ,0, ,9.2, ,42.4, ,100, ,42.2, ,3.0, ,205, ,48.4, 
47,Brentwood,San Francisco Bay,12/14/2020,0800,349,0.00, ,0.00, ,75, ,9.0, ,42.0, ,99, ,41.8, ,3.8, ,239, ,47.9, 
47,Brentwood,San Francisco Bay,12/14/2020,0900,349,0.00, ,0.00, ,346, ,10.7, ,46.4, ,99, ,46.3, ,4.1, ,251, ,47.5, 
47,Brentwood,San Francisco Bay,12/14/2020,1000,349,0.01, ,0.00, ,650, ,11.5, ,52.7, ,85, ,48.2, ,5.8, ,295, ,47.5, 
47,Brentwood,San Francisco Bay,12/14/2020,1100,349,0.01, ,0.00, ,885, ,10.7, ,55.9, ,70, ,46.3, ,6.8, ,315, ,48.1, 
47,Brentwood,San Francisco Bay,12/14/2020,1200,349,0.01, ,0.00, ,1014, ,10.1, ,56.8, ,64, ,44.9, ,7.9, ,326, ,49.2, 
47,Brentwood,San Francisco Bay,12/14/2020,1300,349,0.01, ,0.00, ,1022, ,9.6, ,58.1, ,58, ,43.6, ,7.8, ,318, ,50.4, 
47,Brentwood,San Francisco Bay,12/14/2020,1400,349,0.01, ,0.00, ,907, ,8.8, ,57.7, ,54, ,41.3, ,10.0, ,308, ,51.4, 
47,Brentwood,San Francisco Bay,12/14/2020,1500,349,0.01, ,0.00, ,678, ,8.4, ,58.9, ,50, ,40.2, ,8.0, ,325, ,52.0, 
47,Brentwood,San Francisco Bay,12/14/2020,1600,349,0.00, ,0.00, ,371, ,8.8, ,58.1, ,53, ,41.2, ,7.0, ,307, ,52.3, 
47,Brentwood,San Francisco Bay,12/14/2020,1700,349,0.00, ,0.00, ,78, ,9.7, ,54.4, ,67, ,43.6, ,4.6, ,291, ,52.3, 
47,Brentwood,San Francisco Bay,12/14/2020,1800,349,0.00, ,0.00, ,1, ,10.2, ,50.8, ,81, ,45.0, ,3.3, ,274, ,52.1, 
47,Brentwood,San Francisco Bay,12/14/2020,1900,349,0.00, ,0.00, ,0, ,10.9, ,48.0, ,96, ,46.8, ,2.6, ,267, ,51.6, 
47,Brentwood,San Francisco Bay,12/14/2020,2000,349,0.00, ,0.00, ,0, ,10.8, ,47.3, ,97, ,46.5, ,3.4, ,234, ,51.0, 
47,Brentwood,San Francisco Bay,12/14/2020,2100,349,0.00, ,0.00, ,0, ,10.1, ,45.1, ,99, ,44.9, ,3.3, ,269, ,50.4, 
47,Brentwood,San Francisco Bay,12/14/2020,2200,349,0.00, ,0.00, ,0, ,10.2, ,45.2, ,99, ,45.0, ,4.0, ,229, ,49.8, 
47,Brentwood,San Francisco Bay,12/14/2020,2300,349,0.00, ,0.00, ,0, ,10.2, ,45.2, ,99, ,45.0, ,5.1, ,234, ,49.3, 
47,Brentwood,San Francisco Bay,12/14/2020,2400,349,0.00, ,0.00, ,0, ,10.0, ,45.0, ,98, ,44.5, ,4.4, ,257, ,48.8, 
47,Brentwood,San Francisco Bay,12/15/2020,0100,350,0.00, ,0.00, ,0, ,9.8, ,45.2, ,96, ,44.0, ,3.9, ,259, ,48.4, 
47,Brentwood,San Francisco Bay,12/15/2020,0200,350,0.00, ,0.00, ,0, ,9.9, ,44.8, ,98, ,44.3, ,3.2, ,260, ,48.0, 
47,Brentwood,San Francisco Bay,12/15/2020,0300,350,0.00, ,0.00, ,0, ,10.2, ,45.4, ,99, ,45.1, ,2.9, ,270, ,47.7, 
47,Brentwood,San Francisco Bay,12/15/2020,0400,350,0.00, ,0.00, ,0, ,9.9, ,44.6, ,99, ,44.3, ,2.1, ,279, ,47.4, 
47,Brentwood,San Francisco Bay,12/15/2020,0500,350,0.00, ,0.00, ,0, ,8.8, ,41.5, ,99, ,41.3, ,2.4, ,154, ,47.2, 
47,Brentwood,San Francisco Bay,12/15/2020,0600,350,0.00, ,0.00, ,0, ,8.7, ,41.1, ,99, ,40.9, ,2.9, ,187, ,46.8, 
47,Brentwood,San Francisco Bay,12/15/2020,0700,350,0.00, ,0.00, ,0, ,8.1, ,39.3, ,99, ,39.2, ,2.3, ,209, ,46.5, 
47,Brentwood,San Francisco Bay,12/15/2020,0800,350,0.00, ,0.00, ,86, ,7.9, ,38.4, ,100, ,38.3, ,2.0, ,202, ,46.1, 
47,Brentwood,San Francisco Bay,12/15/2020,0900,350,0.00, ,0.00, ,328, ,9.8, ,44.1, ,100, ,44.0, ,3.5, ,210, ,45.7, 
47,Brentwood,San Francisco Bay,12/15/2020,1000,350,0.00, ,0.00, ,619, ,10.3, ,51.5, ,79, ,45.4, ,2.3, ,192, ,45.8, 
47,Brentwood,San Francisco Bay,12/15/2020,1100,350,0.01, ,0.00, ,557, ,8.7, ,53.8, ,62, ,41.0, ,2.8, ,17, ,46.5, 
47,Brentwood,San Francisco Bay,12/15/2020,1200,350,0.01, ,0.00, ,959, ,8.8, ,54.7, ,60, ,41.2, ,3.1, ,72, ,47.6, 
47,Brentwood,San Francisco Bay,12/15/2020,1300,350,0.01, ,0.00, ,543, ,9.8, ,55.3, ,66, ,44.1, ,3.4, ,64, ,49.0, 
47,Brentwood,San Francisco Bay,12/15/2020,1400,350,0.01, ,0.00, ,514, ,9.2, ,55.3, ,61, ,42.3, ,4.2, ,51, ,50.2, 
47,Brentwood,San Francisco Bay,12/15/2020,1500,350,0.01, ,0.00, ,598, ,8.5, ,56.9, ,54, ,40.2, ,3.3, ,52, ,51.1, 
47,Brentwood,San Francisco Bay,12/15/2020,1600,350,0.00, ,0.00, ,303, ,9.0, ,55.5, ,60, ,41.7, ,3.5, ,64, ,51.7, 
47,Brentwood,San Francisco Bay,12/15/2020,1700,350,0.00, ,0.00, ,66, ,9.3, ,53.8, ,66, ,42.6, ,3.0, ,55, ,51.9, 
47,Brentwood,San Francisco Bay,12/15/2020,1800,350,0.00, ,0.00, ,1, ,10.6, ,51.7, ,81, ,46.1, ,1.6, ,306, ,51.9, 
47,Brentwood,San Francisco Bay,12/15/2020,1900,350,0.00, ,0.00, ,0, ,12.3, ,50.3, ,99, ,50.1, ,2.8, ,244, ,51.6, 
47,Brentwood,San Francisco Bay,12/15/2020,2000,350,0.00, ,0.00, ,0, ,11.8, ,49.0, ,99, ,48.8, ,2.3, ,230, ,51.2, 
47,Brentwood,San Francisco Bay,12/15/2020,2100,350,0.00, ,0.00, ,0, ,10.7, ,46.5, ,99, ,46.3, ,1.7, ,238, ,50.9, 
47,Brentwood,San Francisco Bay,12/15/2020,2200,350,0.00, ,0.00, ,0, ,9.8, ,44.2, ,100, ,44.1, ,2.6, ,282, ,50.3, 
47,Brentwood,San Francisco Bay,12/15/2020,2300,350,0.00, ,0.00, ,0, ,9.5, ,43.3, ,100, ,43.2, ,3.3, ,250, ,49.7, 
47,Brentwood,San Francisco Bay,12/15/2020,2400,350,0.00, ,0.00, ,0, ,9.3, ,42.8, ,100, ,42.6, ,2.5, ,234, ,49.2, 
47,Brentwood,San Francisco Bay,12/16/2020,0100,351,0.00, ,0.00, ,0, ,8.8, ,41.3, ,100, ,41.3, ,2.3, ,251, ,48.6, 
47,Brentwood,San Francisco Bay,12/16/2020,0200,351,0.00, ,0.00, ,0, ,8.5, ,40.5, ,100, ,40.4, ,2.3, ,277, ,48.1, 
47,Brentwood,San Francisco Bay,12/16/2020,0300,351,0.00, ,0.00, ,0, ,8.2, ,39.4, ,100, ,39.3, ,3.0, ,268, ,47.6, 
47,Brentwood,San Francisco Bay,12/16/2020,0400,351,0.00, ,0.00, ,0, ,8.2, ,39.5, ,100, ,39.4, ,2.3, ,283, ,47.2, 
47,Brentwood,San Francisco Bay,12/16/2020,0500,351,0.00, ,0.00, ,0, ,8.2, ,39.4, ,100, ,39.3, ,3.2, ,283, ,46.8, 
47,Brentwood,San Francisco Bay,12/16/2020,0600,351,0.00, ,0.00, ,0, ,8.2, ,39.5, ,100, ,39.4, ,3.1, ,277, ,46.5, 
47,Brentwood,San Francisco Bay,12/16/2020,0700,351,0.00, ,0.00, ,0, ,8.2, ,39.3, ,100, ,39.3, ,2.7, ,245, ,46.2, 
47,Brentwood,San Francisco Bay,12/16/2020,0800,351,0.00, ,0.00, ,81, ,8.2, ,39.3, ,100, ,39.3, ,1.8, ,246, ,45.8, 
47,Brentwood,San Francisco Bay,12/16/2020,0900,351,0.00, ,0.00, ,237, ,9.3, ,42.8, ,100, ,42.7, ,1.7, ,185, ,45.6, 
47,Brentwood,San Francisco Bay,12/16/2020,1000,351,0.00, ,0.00, ,446, ,10.8, ,46.6, ,100, ,46.6, ,2.2, ,170, ,45.7, 
47,Brentwood,San Francisco Bay,12/16/2020,1100,351,0.01, ,0.00, ,828, ,12.1, ,49.8, ,99, ,49.6, ,3.2, ,110, ,46.2, 
47,Brentwood,San Francisco Bay,12/16/2020,1200,351,0.01, ,0.00, ,885, ,12.5, ,50.7, ,99, ,50.5, ,3.8, ,85, ,47.3, 
47,Brentwood,San Francisco Bay,12/16/2020,1300,351,0.01, ,0.00, ,899, ,12.6, ,50.9, ,99, ,50.8, ,4.2, ,75, ,48.7, 
47,Brentwood,San Francisco Bay,12/16/2020,1400,351,0.01, ,0.00, ,702, ,13.6, ,53.0, ,99, ,52.7, ,5.1, ,118, ,49.9, 
47,Brentwood,San Francisco Bay,12/16/2020,1500,351,0.00, ,0.00, ,535, ,14.0, ,54.5, ,96, ,53.5, ,6.4, ,115, ,50.8, 
47,Brentwood,San Francisco Bay,12/16/2020,1600,351,0.00, ,0.00, ,194, ,13.8, ,54.9, ,94, ,53.2, ,4.8, ,107, ,51.3, 
47,Brentwood,San Francisco Bay,12/16/2020,1700,351,0.00, ,0.00, ,23, ,13.9, ,53.9, ,98, ,53.3, ,5.6, ,105, ,51.5, 
47,Brentwood,San Francisco Bay,12/16/2020,1800,351,0.00, ,0.00, ,0, ,13.2, ,53.0, ,96, ,52.0, ,4.1, ,132, ,51.6, 
47,Brentwood,San Francisco Bay,12/16/2020,1900,351,0.00, ,0.00, ,0, ,13.0, ,51.8, ,99, ,51.6, ,3.2, ,111, ,51.4, 
47,Brentwood,San Francisco Bay,12/16/2020,2000,351,0.00, ,0.00, ,0, ,12.8, ,51.2, ,99, ,51.1, ,2.9, ,102, ,51.3, 
47,Brentwood,San Francisco Bay,12/16/2020,2100,351,0.00, ,0.00, ,0, ,12.7, ,51.2, ,99, ,50.9, ,2.6, ,128, ,51.1, 
47,Brentwood,San Francisco Bay,12/16/2020,2200,351,0.00, ,0.00, ,0, ,12.2, ,50.0, ,99, ,49.9, ,4.2, ,133, ,51.0, 
47,Brentwood,San Francisco Bay,12/16/2020,2300,351,0.00, ,0.00, ,0, ,12.0, ,49.6, ,99, ,49.4, ,4.0, ,137, ,50.8, 
47,Brentwood,San Francisco Bay,12/16/2020,2400,351,0.00, ,0.00, ,0, ,12.1, ,49.7, ,99, ,49.5, ,2.8, ,326, ,50.6, 
47,Brentwood,San Francisco Bay,12/17/2020,0100,352,0.00, ,0.00, ,0, ,12.3, ,50.2, ,99, ,50.0, ,2.9, ,172, ,50.5, 
47,Brentwood,San Francisco Bay,12/17/2020,0200,352,0.00, ,0.15, ,0, ,12.1, ,49.8, ,100, ,49.7, ,5.6, ,58, ,50.4, 
47,Brentwood,San Francisco Bay,12/17/2020,0300,352,0.00, ,0.00, ,0, ,12.9, ,51.4, ,100, ,51.3, ,5.8, ,120, ,50.4, 
47,Brentwood,San Francisco Bay,12/17/2020,0400,352,0.00, ,0.02, ,0, ,12.4, ,50.3, ,100, ,50.2, ,8.8, ,139, ,50.4, 
47,Brentwood,San Francisco Bay,12/17/2020,0500,352,0.00, ,0.00, ,0, ,11.8, ,49.0, ,100, ,49.0, ,8.1, ,117, ,50.4, 
47,Brentwood,San Francisco Bay,12/17/2020,0600,352,0.00, ,0.05, ,0, ,11.7, ,48.7, ,100, ,48.6, ,4.8, ,134, ,50.3, 
47,Brentwood,San Francisco Bay,12/17/2020,0700,352,0.00, ,0.00, ,0, ,12.3, ,50.0, ,100, ,49.9, ,5.4, ,203, ,50.2, 
47,Brentwood,San Francisco Bay,12/17/2020,0800,352,0.00, ,0.00, ,52, ,13.2, ,52.1, ,99, ,51.9, ,8.0, ,250, ,50.1, 
47,Brentwood,San Francisco Bay,12/17/2020,0900,352,0.00, ,0.00, ,311, ,13.9, ,53.6, ,99, ,53.4, ,9.4, ,263, ,50.0, 
47,Brentwood,San Francisco Bay,12/17/2020,1000,352,0.00, ,0.00, ,623, ,14.7, ,55.3, ,98, ,54.8, ,11.6, ,266, ,50.2, 
47,Brentwood,San Francisco Bay,12/17/2020,1100,352,0.01, ,0.00, ,839, ,14.4, ,56.8, ,91, ,54.3, ,13.2, ,279, ,50.6, 
47,Brentwood,San Francisco Bay,12/17/2020,1200,352,0.01, ,0.00, ,992, ,14.4, ,57.4, ,89, ,54.3, ,12.7, ,283, ,51.3, 
47,Brentwood,San Francisco Bay,12/17/2020,1300,352,0.01, ,0.00, ,1027, ,14.4, ,58.3, ,87, ,54.3, ,11.4, ,278, ,52.1, 
47,Brentwood,San Francisco Bay,12/17/2020,1400,352,0.01, ,0.00, ,628, ,13.2, ,58.4, ,79, ,51.9, ,8.6, ,282, ,52.9, 
47,Brentwood,San Francisco Bay,12/17/2020,1500,352,0.00, ,0.00, ,409, ,12.7, ,58.6, ,76, ,51.0, ,7.3, ,301, ,53.6, 
47,Brentwood,San Francisco Bay,12/17/2020,1600,352,0.00, ,0.00, ,155, ,13.0, ,57.5, ,80, ,51.5, ,5.4, ,345, ,53.9, 
47,Brentwood,San Francisco Bay,12/17/2020,1700,352,0.00, ,0.00, ,53, ,13.8, ,55.1, ,93, ,53.2, ,4.4, ,357, ,53.8, 
47,Brentwood,San Francisco Bay,12/17/2020,1800,352,0.00, ,0.00, ,1, ,12.8, ,51.3, ,99, ,51.1, ,3.2, ,295, ,53.4, 
47,Brentwood,San Francisco Bay,12/17/2020,1900,352,0.00, ,0.00, ,0, ,12.0, ,49.5, ,100, ,49.4, ,3.6, ,255, ,52.8, 
47,Brentwood,San Francisco Bay,12/17/2020,2000,352,0.00, ,0.00, ,0, ,11.6, ,48.6, ,99, ,48.4, ,4.1, ,245, ,52.2, 
47,Brentwood,San Francisco Bay,12/17/2020,2100,352,0.00, ,0.00, ,0, ,11.0, ,47.2, ,99, ,47.1, ,4.4, ,235, ,51.6, 
47,Brentwood,San Francisco Bay,12/17/2020,2200,352,0.00, ,0.00, ,0, ,11.2, ,47.6, ,99, ,47.4, ,5.7, ,255, ,51.0, 
47,Brentwood,San Francisco Bay,12/17/2020,2300,352,0.00, ,0.00, ,0, ,10.9, ,50.0, ,89, ,46.9, ,9.0, ,305, ,50.5, 
47,Brentwood,San Francisco Bay,12/17/2020,2400,352,0.00, ,0.00, ,0, ,10.2, ,49.0, ,86, ,45.0, ,7.8, ,312, ,50.1, 
47,Brentwood,San Francisco Bay,12/18/2020,0100,353,0.00, ,0.00, ,0, ,9.1, ,48.1, ,79, ,42.1, ,6.3, ,302, ,49.8, 
47,Brentwood,San Francisco Bay,12/18/2020,0200,353,0.00, ,0.00, ,0, ,8.6, ,46.8, ,79, ,40.7, ,5.0, ,281, ,49.4, 
47,Brentwood,San Francisco Bay,12/18/2020,0300,353,0.00, ,0.00, ,0, ,7.8, ,47.3, ,70, ,38.2, ,5.7, ,291, ,49.0, 
47,Brentwood,San Francisco Bay,12/18/2020,0400,353,0.00, ,0.00, ,0, ,7.9, ,45.5, ,76, ,38.3, ,4.9, ,303, ,48.5, 
47,Brentwood,San Francisco Bay,12/18/2020,0500,353,0.00, ,0.00, ,0, ,7.8, ,45.7, ,74, ,38.0, ,6.3, ,324, ,48.1, 
47,Brentwood,San Francisco Bay,12/18/2020,0600,353,0.00, ,0.00, ,0, ,7.7, ,44.3, ,78, ,37.8, ,4.5, ,309, ,47.6, 
47,Brentwood,San Francisco Bay,12/18/2020,0700,353,0.00, ,0.00, ,0, ,7.8, ,44.4, ,78, ,38.1, ,5.9, ,318, ,47.2, 
47,Brentwood,San Francisco Bay,12/18/2020,0800,353,0.00, ,0.00, ,71, ,7.2, ,45.3, ,70, ,36.2, ,3.4, ,319, ,46.9, 
47,Brentwood,San Francisco Bay,12/18/2020,0900,353,0.00, ,0.00, ,333, ,7.2, ,50.1, ,58, ,36.1, ,5.8, ,345, ,46.5, 
47,Brentwood,San Francisco Bay,12/18/2020,1000,353,0.01, ,0.00, ,636, ,7.5, ,52.7, ,55, ,37.1, ,6.4, ,352, ,46.6, 
47,Brentwood,San Francisco Bay,12/18/2020,1100,353,0.01, ,0.00, ,875, ,7.6, ,55.7, ,50, ,37.4, ,6.4, ,349, ,47.1, 
47,Brentwood,San Francisco Bay,12/18/2020,1200,353,0.01, ,0.00, ,1006, ,7.8, ,57.5, ,48, ,38.1, ,6.6, ,354, ,48.1, 
47,Brentwood,San Francisco Bay,12/18/2020,1300,353,0.01, ,0.00, ,1014, ,8.0, ,59.3, ,46, ,38.7, ,5.9, ,353, ,49.4, 
47,Brentwood,San Francisco Bay,12/18/2020,1400,353,0.01, ,0.00, ,904, ,7.8, ,59.7, ,44, ,38.0, ,7.0, ,349, ,50.5, 
47,Brentwood,San Francisco Bay,12/18/2020,1500,353,0.01, ,0.00, ,681, ,7.1, ,60.9, ,39, ,35.7, ,4.6, ,9, ,51.3, 
47,Brentwood,San Francisco Bay,12/18/2020,1600,353,0.00, ,0.00, ,379, ,6.8, ,61.2, ,37, ,34.6, ,4.0, ,353, ,51.7, 
47,Brentwood,San Francisco Bay,12/18/2020,1700,353,0.00, ,0.00, ,86, ,7.6, ,56.5, ,49, ,37.6, ,3.5, ,350, ,51.8, 
47,Brentwood,San Francisco Bay,12/18/2020,1800,353,0.00, ,0.00, ,1, ,8.2, ,49.6, ,68, ,39.3, ,2.0, ,23, ,51.6, 
47,Brentwood,San Francisco Bay,12/18/2020,1900,353,0.00, ,0.00, ,0, ,8.5, ,47.5, ,76, ,40.4, ,3.2, ,193, ,51.2, 
47,Brentwood,San Francisco Bay,12/18/2020,2000,353,0.00, ,0.00, ,0, ,9.7, ,45.1, ,95, ,43.8, ,3.4, ,229, ,50.5, 
47,Brentwood,San Francisco Bay,12/18/2020,2100,353,0.00, ,0.00, ,0, ,9.5, ,43.4, ,99, ,43.2, ,3.6, ,193, ,49.9, 
47,Brentwood,San Francisco Bay,12/18/2020,2200,353,0.00, ,0.00, ,0, ,8.9, ,41.8, ,99, ,41.6, ,2.9, ,297, ,49.3, 
47,Brentwood,San Francisco Bay,12/18/2020,2300,353,0.00, ,0.00, ,0, ,8.3, ,39.7, ,99, ,39.6, ,2.9, ,193, ,48.7, 
47,Brentwood,San Francisco Bay,12/18/2020,2400,353,0.00, ,0.00, ,0, ,8.1, ,39.2, ,100, ,39.1, ,2.6, ,197, ,48.1, 
47,Brentwood,San Francisco Bay,12/19/2020,0100,354,0.00, ,0.00, ,0, ,7.8, ,38.3, ,100, ,38.1, ,2.1, ,170, ,47.6, 
47,Brentwood,San Francisco Bay,12/19/2020,0200,354,0.00, ,0.00, ,0, ,7.8, ,38.3, ,100, ,38.2, ,2.9, ,197, ,47.0, 
47,Brentwood,San Francisco Bay,12/19/2020,0300,354,0.00, ,0.00, ,0, ,7.4, ,36.8, ,100, ,36.7, ,1.2, ,24, ,46.5, 
47,Brentwood,San Francisco Bay,12/19/2020,0400,354,0.00, ,0.00, ,0, ,7.0, ,35.3, ,100, ,35.3, ,2.5, ,307, ,46.1, 
47,Brentwood,San Francisco Bay,12/19/2020,0500,354,0.00, ,0.00, ,0, ,7.1, ,35.6, ,100, ,35.6, ,2.5, ,269, ,45.6, 
47,Brentwood,San Francisco Bay,12/19/2020,0600,354,0.00, ,0.00, ,0, ,6.9, ,35.1, ,100, ,35.1, ,2.4, ,290, ,45.2, 
47,Brentwood,San Francisco Bay,12/19/2020,0700,354,0.00, ,0.00, ,0, ,6.5, ,33.5, ,100, ,33.5, ,3.9, ,305, ,44.9, 
47,Brentwood,San Francisco Bay,12/19/2020,0800,354,0.00, ,0.00, ,28, ,6.6, ,34.0, ,100, ,34.0, ,2.4, ,305, ,44.5, 
47,Brentwood,San Francisco Bay,12/19/2020,0900,354,0.00, ,0.00, ,127, ,7.0, ,35.5, ,100, ,35.5, ,3.2, ,302, ,44.3, 
47,Brentwood,San Francisco Bay,12/19/2020,1000,354,0.00, ,0.00, ,242, ,8.0, ,38.9, ,100, ,38.9, ,5.9, ,295, ,44.3, 
47,Brentwood,San Francisco Bay,12/19/2020,1100,354,0.00, ,0.00, ,351, ,8.8, ,41.3, ,100, ,41.3, ,4.9, ,289, ,44.6, 
47,Brentwood,San Francisco Bay,12/19/2020,1200,354,0.00, ,0.00, ,367, ,9.5, ,43.2, ,100, ,43.2, ,3.6, ,287, ,45.2, 
47,Brentwood,San Francisco Bay,12/19/2020,1300,354,0.00, ,0.00, ,329, ,10.2, ,45.1, ,100, ,45.1, ,2.6, ,299, ,46.1, 
47,Brentwood,San Francisco Bay,12/19/2020,1400,354,0.00, ,0.00, ,319, ,10.7, ,46.5, ,100, ,46.4, ,2.0, ,293, ,46.9, 
47,Brentwood,San Francisco Bay,12/19/2020,1500,354,0.00, ,0.00, ,599, ,11.8, ,48.9, ,100, ,48.9, ,2.0, ,27, ,47.8, 
47,Brentwood,San Francisco Bay,12/19/2020,1600,354,0.00, ,0.00, ,360, ,13.9, ,53.7, ,99, ,53.3, ,3.1, ,309, ,48.5, 
47,Brentwood,San Francisco Bay,12/19/2020,1700,354,0.00, ,0.00, ,82, ,12.6, ,51.7, ,96, ,50.6, ,2.7, ,202, ,48.8, 
47,Brentwood,San Francisco Bay,12/19/2020,1800,354,0.00, ,0.00, ,1, ,11.1, ,47.5, ,100, ,47.4, ,3.6, ,184, ,48.9, 
47,Brentwood,San Francisco Bay,12/19/2020,1900,354,0.00, ,0.00, ,0, ,10.4, ,45.8, ,100, ,45.7, ,3.4, ,231, ,48.6, 
47,Brentwood,San Francisco Bay,12/19/2020,2000,354,0.00, ,0.00, ,0, ,9.3, ,42.6, ,100, ,42.6, ,2.7, ,227, ,48.3, 
47,Brentwood,San Francisco Bay,12/19/2020,2100,354,0.00, ,0.00, ,0, ,9.0, ,41.8, ,100, ,41.7, ,1.9, ,222, ,47.8, 
47,Brentwood,San Francisco Bay,12/19/2020,2200,354,0.00, ,0.00, ,0, ,8.7, ,40.9, ,100, ,40.8, ,1.9, ,234, ,47.2, 
47,Brentwood,San Francisco Bay,12/19/2020,2300,354,0.00, ,0.00, ,0, ,8.3, ,39.9, ,100, ,39.8, ,1.7, ,255, ,46.7, 
47,Brentwood,San Francisco Bay,12/19/2020,2400,354,0.00, ,0.00, ,0, ,8.3, ,39.9, ,99, ,39.8, ,2.3, ,214, ,46.2, 
47,Brentwood,San Francisco Bay,12/20/2020,0100,355,0.00, ,0.00, ,0, ,7.9, ,38.4, ,100, ,38.3, ,1.7, ,240, ,45.7, 
47,Brentwood,San Francisco Bay,12/20/2020,0200,355,0.00, ,0.00, ,0, ,7.4, ,36.8, ,100, ,36.7, ,1.6, ,286, ,45.2, 
47,Brentwood,San Francisco Bay,12/20/2020,0300,355,0.00, ,0.00, ,0, ,7.1, ,35.7, ,100, ,35.7, ,1.9, ,153, ,44.8, 
47,Brentwood,San Francisco Bay,12/20/2020,0400,355,0.00, ,0.00, ,0, ,6.9, ,35.2, ,100, ,35.1, ,2.3, ,187, ,44.4, 
47,Brentwood,San Francisco Bay,12/20/2020,0500,355,0.00, ,0.00, ,0, ,6.5, ,33.6, ,100, ,33.5, ,1.4, ,275, ,44.1, 
47,Brentwood,San Francisco Bay,12/20/2020,0600,355,0.00, ,0.00, ,0, ,6.0, ,31.8, ,100, ,31.7, ,1.6, ,292, ,43.7, 
47,Brentwood,San Francisco Bay,12/20/2020,0700,355,0.00, ,0.00, ,0, ,6.1, ,31.9, ,100, ,31.8, ,1.3, ,354, ,43.4, 
47,Brentwood,San Francisco Bay,12/20/2020,0800,355,0.00, ,0.00, ,40, ,6.1, ,32.1, ,100, ,32.0, ,1.3, ,147, ,43.1, 
47,Brentwood,San Francisco Bay,12/20/2020,0900,355,0.00, ,0.00, ,306, ,7.2, ,36.2, ,100, ,36.2, ,1.3, ,157, ,42.9, 
47,Brentwood,San Francisco Bay,12/20/2020,1000,355,0.00, ,0.00, ,617, ,8.8, ,41.3, ,100, ,41.3, ,1.3, ,73, ,42.9, 
47,Brentwood,San Francisco Bay,12/20/2020,1100,355,0.01, ,0.00, ,860, ,11.0, ,47.7, ,97, ,47.0, ,2.2, ,46, ,43.3, 
47,Brentwood,San Francisco Bay,12/20/2020,1200,355,0.01, ,0.00, ,1001, ,12.6, ,52.2, ,95, ,50.8, ,1.9, ,51, ,44.4, 
47,Brentwood,San Francisco Bay,12/20/2020,1300,355,0.01, ,0.00, ,1019, ,11.6, ,56.5, ,75, ,48.6, ,2.8, ,312, ,46.0, 
47,Brentwood,San Francisco Bay,12/20/2020,1400,355,0.01, ,0.00, ,910, ,9.5, ,59.9, ,54, ,43.3, ,4.2, ,340, ,47.6, 
47,Brentwood,San Francisco Bay,12/20/2020,1500,355,0.01, ,0.00, ,689, ,9.4, ,59.7, ,54, ,43.0, ,3.4, ,324, ,48.8, 
47,Brentwood,San Francisco Bay,12/20/2020,1600,355,0.00, ,0.00, ,385, ,9.5, ,60.1, ,53, ,43.2, ,3.5, ,325, ,49.6, 
47,Brentwood,San Francisco Bay,12/20/2020,1700,355,0.00, ,0.00, ,88, ,9.8, ,55.5, ,65, ,44.0, ,3.0, ,14, ,49.9, 
47,Brentwood,San Francisco Bay,12/20/2020,1800,355,0.00, ,0.00, ,1, ,11.3, ,48.2, ,98, ,47.8, ,1.4, ,2, ,49.9, 
47,Brentwood,San Francisco Bay,12/20/2020,1900,355,0.00, ,0.00, ,0, ,10.5, ,46.0, ,99, ,45.8, ,2.9, ,188, ,49.4, 
47,Brentwood,San Francisco Bay,12/20/2020,2000,355,0.00, ,0.00, ,0, ,9.5, ,43.2, ,100, ,43.1, ,1.4, ,176, ,48.8, 
47,Brentwood,San Francisco Bay,12/20/2020,2100,355,0.00, ,0.00, ,0, ,8.8, ,41.3, ,100, ,41.2, ,1.5, ,227, ,48.2, 
47,Brentwood,San Francisco Bay,12/20/2020,2200,355,0.00, ,0.00, ,0, ,8.2, ,39.6, ,100, ,39.5, ,1.1, ,227, ,47.5, 
47,Brentwood,San Francisco Bay,12/20/2020,2300,355,0.00, ,0.00, ,0, ,7.8, ,38.3, ,100, ,38.1, ,1.8, ,197, ,46.9, 
47,Brentwood,San Francisco Bay,12/20/2020,2400,355,0.00, ,0.00, ,0, ,7.5, ,37.2, ,100, ,37.1, ,1.5, ,229, ,46.2, 
47,Brentwood,San Francisco Bay,12/21/2020,0100,356,0.00, ,0.00, ,0, ,6.9, ,35.2, ,100, ,35.2, ,3.8, ,110, ,45.7, 
47,Brentwood,San Francisco Bay,12/21/2020,0200,356,0.00, ,0.00, ,0, ,6.6, ,34.0, ,100, ,34.0, ,3.7, ,130, ,45.2, 
47,Brentwood,San Francisco Bay,12/21/2020,0300,356,0.00, ,0.00, ,0, ,6.7, ,34.2, ,100, ,34.2, ,3.8, ,126, ,44.9, 
47,Brentwood,San Francisco Bay,12/21/2020,0400,356,0.00, ,0.00, ,0, ,6.8, ,34.7, ,100, ,34.6, ,3.1, ,143, ,44.6, 
47,Brentwood,San Francisco Bay,12/21/2020,0500,356,0.00, ,0.00, ,0, ,6.8, ,34.6, ,100, ,34.6, ,4.3, ,123, ,44.5, 
47,Brentwood,San Francisco Bay,12/21/2020,0600,356,0.00, ,0.00, ,0, ,6.6, ,33.8, ,100, ,33.8, ,4.5, ,130, ,44.4, 
47,Brentwood,San Francisco Bay,12/21/2020,0700,356,0.00, ,0.00, ,0, ,6.4, ,33.3, ,100, ,33.2, ,3.5, ,179, ,44.3, 
47,Brentwood,San Francisco Bay,12/21/2020,0800,356,0.00, ,0.00, ,18, ,6.6, ,33.9, ,100, ,33.8, ,2.7, ,128, ,44.2, 
47,Brentwood,San Francisco Bay,12/21/2020,0900,356,0.00, ,0.00, ,96, ,7.0, ,35.3, ,100, ,35.2, ,3.9, ,136, ,44.1, 
47,Brentwood,San Francisco Bay,12/21/2020,1000,356,0.00, ,0.00, ,223, ,7.1, ,35.9, ,100, ,35.8, ,2.9, ,153, ,44.1, 
47,Brentwood,San Francisco Bay,12/21/2020,1100,356,0.00, ,0.00, ,294, ,7.5, ,37.1, ,100, ,37.0, ,2.3, ,125, ,44.3, 
47,Brentwood,San Francisco Bay,12/21/2020,1200,356,0.00, ,0.00, ,332, ,7.8, ,38.2, ,100, ,38.2, ,2.3, ,140, ,44.8, 
47,Brentwood,San Francisco Bay,12/21/2020,1300,356,0.00, ,0.00, ,316, ,8.1, ,39.3, ,100, ,39.2, ,2.1, ,145, ,45.3, 
47,Brentwood,San Francisco Bay,12/21/2020,1400,356,0.00, ,0.00, ,266, ,8.5, ,40.4, ,100, ,40.3, ,2.1, ,167, ,45.9, 
47,Brentwood,San Francisco Bay,12/21/2020,1500,356,0.00, ,0.00, ,206, ,8.6, ,40.8, ,100, ,40.7, ,3.7, ,121, ,46.4, 
47,Brentwood,San Francisco Bay,12/21/2020,1600,356,0.00, ,0.00, ,118, ,8.6, ,40.6, ,100, ,40.6, ,3.1, ,145, ,46.8, 
47,Brentwood,San Francisco Bay,12/21/2020,1700,356,0.00, ,0.00, ,27, ,8.4, ,40.0, ,100, ,40.0, ,4.3, ,144, ,47.0, 
47,Brentwood,San Francisco Bay,12/21/2020,1800,356,0.00, ,0.00, ,0, ,8.0, ,38.9, ,100, ,38.8, ,2.1, ,188, ,47.0, 
47,Brentwood,San Francisco Bay,12/21/2020,1900,356,0.00, ,0.00, ,0, ,7.9, ,38.6, ,100, ,38.6, ,2.3, ,279, ,46.9, 
47,Brentwood,San Francisco Bay,12/21/2020,2000,356,0.00, ,0.00, ,0, ,7.8, ,38.2, ,100, ,38.1, ,2.8, ,142, ,46.7, 
47,Brentwood,San Francisco Bay,12/21/2020,2100,356,0.00, ,0.00, ,0, ,7.3, ,36.4, ,100, ,36.3, ,3.2, ,126, ,46.5, 
47,Brentwood,San Francisco Bay,12/21/2020,2200,356,0.00, ,0.00, ,0, ,7.4, ,36.8, ,100, ,36.7, ,3.7, ,144, ,46.2, 
47,Brentwood,San Francisco Bay,12/21/2020,2300,356,0.00, ,0.00, ,0, ,7.6, ,37.5, ,100, ,37.4, ,5.5, ,144, ,46.0, 
47,Brentwood,San Francisco Bay,12/21/2020,2400,356,0.00, ,0.00, ,0, ,7.6, ,37.4, ,100, ,37.3, ,4.7, ,122, ,45.8, 
47,Brentwood,San Francisco Bay,12/22/2020,0100,357,0.00, ,0.00, ,0, ,7.4, ,36.9, ,100, ,36.8, ,2.8, ,87, ,45.6, 
47,Brentwood,San Francisco Bay,12/22/2020,0200,357,0.00, ,0.00, ,0, ,7.5, ,37.1, ,100, ,37.0, ,3.0, ,81, ,45.3, 
47,Brentwood,San Francisco Bay,12/22/2020,0300,357,0.00, ,0.00, ,0, ,7.5, ,37.2, ,100, ,37.1, ,4.2, ,128, ,45.0, 
47,Brentwood,San Francisco Bay,12/22/2020,0400,357,0.00, ,0.00, ,0, ,7.4, ,36.9, ,100, ,36.8, ,4.4, ,45, ,44.6, 
47,Brentwood,San Francisco Bay,12/22/2020,0500,357,0.00, ,0.00, ,0, ,7.5, ,37.3, ,100, ,37.2, ,3.6, ,16, ,44.4, 
47,Brentwood,San Francisco Bay,12/22/2020,0600,357,0.00, ,0.00, ,0, ,7.7, ,38.0, ,100, ,37.9, ,3.1, ,307, ,44.3, 
47,Brentwood,San Francisco Bay,12/22/2020,0700,357,0.00, ,0.00, ,0, ,8.0, ,38.8, ,100, ,38.7, ,3.7, ,241, ,44.3, 
47,Brentwood,San Francisco Bay,12/22/2020,0800,357,0.00, ,0.00, ,18, ,8.4, ,40.2, ,100, ,40.1, ,4.7, ,317, ,44.4, 
47,Brentwood,San Francisco Bay,12/22/2020,0900,357,0.00, ,0.00, ,76, ,8.8, ,41.2, ,100, ,41.1, ,6.3, ,292, ,44.4, 
47,Brentwood,San Francisco Bay,12/22/2020,1000,357,0.00, ,0.00, ,114, ,9.1, ,42.3, ,99, ,42.1, ,6.4, ,295, ,44.6, 
47,Brentwood,San Francisco Bay,12/22/2020,1100,357,0.00, ,0.00, ,138, ,9.6, ,43.7, ,99, ,43.5, ,7.6, ,292, ,44.9, 
47,Brentwood,San Francisco Bay,12/22/2020,1200,357,0.00, ,0.00, ,500, ,10.3, ,45.5, ,100, ,45.4, ,5.9, ,289, ,45.2, 
47,Brentwood,San Francisco Bay,12/22/2020,1300,357,0.01, ,0.00, ,999, ,12.6, ,51.0, ,99, ,50.6, ,5.9, ,308, ,45.8, 
47,Brentwood,San Francisco Bay,12/22/2020,1400,357,0.01, ,0.00, ,896, ,11.3, ,56.0, ,74, ,47.7, ,5.4, ,317, ,46.8, 
47,Brentwood,San Francisco Bay,12/22/2020,1500,357,0.01, ,0.00, ,691, ,9.2, ,58.9, ,54, ,42.3, ,7.4, ,328, ,47.8, 
47,Brentwood,San Francisco Bay,12/22/2020,1600,357,0.01, ,0.00, ,398, ,7.6, ,59.9, ,43, ,37.4, ,7.5, ,349, ,48.5, 
47,Brentwood,San Francisco Bay,12/22/2020,1700,357,0.00, ,0.00, ,92, ,6.6, ,55.8, ,44, ,34.1, ,5.2, ,337, ,48.7, 
47,Brentwood,San Francisco Bay,12/22/2020,1800,357,0.00, ,0.00, ,1, ,6.6, ,51.8, ,50, ,33.9, ,2.4, ,230, ,48.7, 
47,Brentwood,San Francisco Bay,12/22/2020,1900,357,0.00, ,0.00, ,0, ,6.6, ,47.6, ,58, ,33.7, ,3.1, ,226, ,48.3, 
47,Brentwood,San Francisco Bay,12/22/2020,2000,357,0.00, ,0.00, ,0, ,6.2, ,44.2, ,62, ,32.2, ,3.4, ,215, ,47.7, 
47,Brentwood,San Francisco Bay,12/22/2020,2100,357,0.00,Y,0.00, ,0, ,3.6, ,28.0,Y,69,Y,19.2,Y,4.3, ,230, ,47.1, 
47,Brentwood,San Francisco Bay,12/22/2020,2200,357,0.00,Y,0.00, ,0, ,4.4, ,28.1,Y,85,Y,24.3,Y,3.6, ,235, ,46.5, 
47,Brentwood,San Francisco Bay,12/22/2020,2300,357,0.00, ,0.00, ,0, ,5.4, ,42.8, ,58, ,29.0, ,3.0, ,227, ,46.0, 
47,Brentwood,San Francisco Bay,12/22/2020,2400,357,0.00, ,0.00, ,0, ,5.5, ,42.3, ,60, ,29.3, ,4.2, ,237, ,45.5, 
47,Brentwood,San Francisco Bay,12/23/2020,0100,358,0.00, ,0.00, ,0, ,4.5, ,27.8, ,87, ,24.4, ,4.7, ,240, ,45.0, 
47,Brentwood,San Francisco Bay,12/23/2020,0200,358,0.00, ,0.00, ,0, ,5.2, ,40.9, ,60, ,28.1, ,2.8, ,235, ,44.5, 
47,Brentwood,San Francisco Bay,12/23/2020,0300,358,0.00, ,0.00, ,0, ,5.0, ,38.7, ,62, ,27.0, ,4.9, ,285, ,44.1, 
47,Brentwood,San Francisco Bay,12/23/2020,0400,358,0.00,R,0.00, ,0, ,3.6,R,16.4,R,100,R,16.4,R,6.5, ,279, ,43.7, 
47,Brentwood,San Francisco Bay,12/23/2020,0500,358,0.00, ,0.00, ,0, ,5.4, ,37.7, ,71, ,29.0, ,3.8, ,317, ,43.4, 
47,Brentwood,San Francisco Bay,12/23/2020,0600,358,0.00, ,0.00, ,0, ,5.6, ,30.9, ,95, ,29.8, ,3.7, ,50, ,43.0, 
47,Brentwood,San Francisco Bay,12/23/2020,0700,358,0.00, ,0.00, ,0, ,5.2, ,28.5, ,97, ,27.8, ,4.0, ,70, ,42.7, 
47,Brentwood,San Francisco Bay,12/23/2020,0800,358,0.00, ,0.00, ,22, ,5.5, ,29.7, ,99, ,29.5, ,2.6, ,115, ,42.4, 
47,Brentwood,San Francisco Bay,12/23/2020,0900,358,0.00, ,0.00, ,130, ,5.7, ,30.6, ,99, ,30.4, ,2.1, ,156, ,42.2, 
47,Brentwood,San Francisco Bay,12/23/2020,1000,358,0.00,R,0.00, ,304, ,11.3,R,35.1, ,100,R,35.1,R,2.0, ,201, ,42.1, 
47,Brentwood,San Francisco Bay,12/23/2020,1100,358,0.00, ,0.00, ,357, ,7.3, ,36.8, ,99, ,36.6, ,2.0, ,162, ,42.3, 
47,Brentwood,San Francisco Bay,12/23/2020,1200,358,0.00, ,0.00, ,513, ,7.9, ,38.6, ,99, ,38.3, ,2.9, ,75, ,42.9, 
47,Brentwood,San Francisco Bay,12/23/2020,1300,358,0.01, ,0.00, ,927, ,8.7, ,41.2, ,99, ,40.9, ,4.4, ,75, ,43.7, 
47,Brentwood,San Francisco Bay,12/23/2020,1400,358,0.01,R,0.00, ,912, ,8.9,R,38.4, ,100,R,38.4,R,4.4, ,111, ,44.8, 
47,Brentwood,San Francisco Bay,12/23/2020,1500,358,0.00, ,0.00, ,541, ,9.8, ,45.4, ,95, ,44.0, ,5.3, ,101, ,45.7, 
47,Brentwood,San Francisco Bay,12/23/2020,1600,358,0.00, ,0.00, ,216, ,10.1, ,45.7, ,97, ,44.8, ,4.8, ,133, ,46.2, 
47,Brentwood,San Francisco Bay,12/23/2020,1700,358,0.00,R,0.00, ,45, ,7.4,R,29.6,R,100,R,29.6,R,3.1, ,124, ,46.4, 
47,Brentwood,San Francisco Bay,12/23/2020,1800,358,0.00,R,0.00, ,0, ,7.0,R,26.4,R,100,R,26.4,R,3.3, ,156, ,46.2, 
47,Brentwood,San Francisco Bay,12/23/2020,1900,358,0.00, ,0.00, ,0, ,8.2, ,40.2, ,98, ,39.5, ,2.5, ,200, ,45.9, 
47,Brentwood,San Francisco Bay,12/23/2020,2000,358,0.00, ,0.00, ,0, ,8.7, ,41.2, ,99, ,40.9, ,4.9, ,112, ,45.4, 
47,Brentwood,San Francisco Bay,12/23/2020,2100,358,0.00, ,0.00, ,0, ,8.5, ,40.5, ,99, ,40.2, ,4.2, ,122, ,45.0, 
47,Brentwood,San Francisco Bay,12/23/2020,2200,358,0.00, ,0.00, ,0, ,8.6, ,40.7, ,99, ,40.5, ,2.9, ,137, ,44.7, 
47,Brentwood,San Francisco Bay,12/23/2020,2300,358,0.00, ,0.00, ,0, ,9.0, ,42.0, ,99, ,41.7, ,5.2, ,129, ,44.5, 
47,Brentwood,San Francisco Bay,12/23/2020,2400,358,0.00, ,0.00, ,0, ,9.2, ,42.4, ,99, ,42.2, ,4.3, ,109, ,44.5, 
47,Brentwood,San Francisco Bay,12/24/2020,0100,359,0.00, ,0.00, ,0, ,9.2, ,42.6, ,99, ,42.4, ,4.9, ,116, ,44.6, 
47,Brentwood,San Francisco Bay,12/24/2020,0200,359,0.00, ,0.00, ,0, ,9.3, ,42.8, ,99, ,42.5, ,2.6, ,86, ,44.7, 
47,Brentwood,San Francisco Bay,12/24/2020,0300,359,0.00, ,0.00, ,0, ,9.4, ,43.1, ,99, ,42.9, ,2.7, ,1, ,44.8, 
47,Brentwood,San Francisco Bay,12/24/2020,0400,359,0.00, ,0.00, ,0, ,9.1, ,41.7, ,100, ,41.7, ,4.8, ,10, ,44.9, 
47,Brentwood,San Francisco Bay,12/24/2020,0500,359,0.00, ,0.00, ,0, ,9.1, ,42.4, ,99, ,42.2, ,4.8, ,7, ,44.9, 
47,Brentwood,San Francisco Bay,12/24/2020,0600,359,0.00, ,0.00, ,0, ,9.1, ,42.3, ,99, ,42.1, ,4.2, ,357, ,45.0, 
47,Brentwood,San Francisco Bay,12/24/2020,0700,359,0.00, ,0.00, ,0, ,9.0, ,42.0, ,99, ,41.7, ,4.0, ,356, ,45.0, 
47,Brentwood,San Francisco Bay,12/24/2020,0800,359,0.00, ,0.00, ,19, ,8.7, ,41.0, ,99, ,40.8, ,4.5, ,356, ,45.0, 
47,Brentwood,San Francisco Bay,12/24/2020,0900,359,0.00, ,0.00, ,104, ,8.9, ,41.7, ,99, ,41.4, ,4.2, ,347, ,45.0, 
47,Brentwood,San Francisco Bay,12/24/2020,1000,359,0.00, ,0.00, ,209, ,8.9, ,42.1, ,98, ,41.5, ,2.1, ,287, ,45.1, 
47,Brentwood,San Francisco Bay,12/24/2020,1100,359,0.00, ,0.00, ,341, ,9.6, ,44.0, ,98, ,43.5, ,1.8, ,336, ,45.4, 
47,Brentwood,San Francisco Bay,12/24/2020,1200,359,0.01, ,0.00, ,793, ,10.5, ,46.4, ,98, ,45.8, ,1.8, ,69, ,45.9, 
47,Brentwood,San Francisco Bay,12/24/2020,1300,359,0.01, ,0.00, ,762, ,10.9, ,47.7, ,97, ,46.9, ,2.6, ,66, ,46.7, 
47,Brentwood,San Francisco Bay,12/24/2020,1400,359,0.01, ,0.00, ,857, ,10.1, ,51.0, ,80, ,44.9, ,3.0, ,70, ,47.7, 
47,Brentwood,San Francisco Bay,12/24/2020,1500,359,0.00,A,0.00, ,444, ,0.2,Q,,S,,Q,,Q,3.9, ,64, ,48.6, 
47,Brentwood,San Francisco Bay,12/24/2020,1600,359,0.00,A,0.00, ,384, ,,S,,S,,Q,,Q,3.5, ,75, ,49.1, 
47,Brentwood,San Francisco Bay,12/24/2020,1700,359,0.00,A,0.00, ,73, ,,S,,S,,Q,,Q,2.6, ,106, ,49.3, 
47,Brentwood,San Francisco Bay,12/24/2020,1800,359,0.00,A,0.00, ,1, ,,S,,S,,Q,,Q,2.1, ,143, ,49.2, 
47,Brentwood,San Francisco Bay,12/24/2020,1900,359,0.00,A,0.00, ,0, ,,S,,S,,Q,,Q,2.6, ,117, ,48.8, 
47,Brentwood,San Francisco Bay,12/24/2020,2000,359,0.00,A,0.00, ,0, ,2.5,Q,,S,,Q,,Q,4.1, ,134, ,48.5, 
47,Brentwood,San Francisco Bay,12/24/2020,2100,359,0.00, ,0.00, ,0, ,9.9, ,45.0, ,98, ,44.4, ,3.5, ,126, ,48.3, 
47,Brentwood,San Francisco Bay,12/24/2020,2200,359,0.00, ,0.00, ,0, ,9.3, ,44.6, ,93, ,42.6, ,3.2, ,143, ,48.0, 
47,Brentwood,San Francisco Bay,12/24/2020,2300,359,0.00,R,0.00, ,0, ,1.2, ,21.8,R,31,R,-4.1,R,2.4, ,100, ,47.8, 
47,Brentwood,San Francisco Bay,12/24/2020,2400,359,0.00,R,0.00, ,0, ,0.7, ,16.9,R,21,R,-15.9,R,2.1, ,323, ,47.5, 
47,Brentwood,San Francisco Bay,12/25/2020,0100,360,0.00,R,0.00, ,0, ,0.7, ,17.0,R,21,R,-16.2,R,2.0, ,355, ,47.2, 
47,Brentwood,San Francisco Bay,12/25/2020,0200,360,0.00,A,0.00, ,0, ,0.2,Q,,S,,Q,,Q,3.1, ,129, ,47.0, 
47,Brentwood,San Francisco Bay,12/25/2020,0300,360,0.00,A,0.00, ,0, ,0.1,Q,,S,,Q,,Q,2.5, ,185, ,46.8, 
47,Brentwood,San Francisco Bay,12/25/2020,0400,360,0.00,A,0.00, ,0, ,,S,,S,,Q,,Q,1.6, ,114, ,46.4, 
47,Brentwood,San Francisco Bay,12/25/2020,0500,360,0.00,A,0.00, ,0, ,,S,,S,,Q,,Q,3.0, ,152, ,46.0, 
47,Brentwood,San Francisco Bay,12/25/2020,0600,360,0.00,A,0.00, ,0, ,,S,,S,,Q,,Q,2.8, ,155, ,45.9, 
47,Brentwood,San Francisco Bay,12/25/2020,0700,360,0.00,A,0.00, ,0, ,,S,,S,,Q,,Q,3.2, ,178, ,45.8, 
47,Brentwood,San Francisco Bay,12/25/2020,0800,360,0.00,A,0.00, ,5, ,,S,,S,,Q,,Q,2.3, ,307, ,45.8, 
47,Brentwood,San Francisco Bay,12/25/2020,0900,360,0.00,A,0.00, ,58, ,,S,,S,,Q,,Q,3.0, ,88, ,45.8, 
47,Brentwood,San Francisco Bay,12/25/2020,1000,360,0.00,A,0.00, ,200, ,,S,,S,,Q,,Q,5.2, ,123, ,45.8, 
47,Brentwood,San Francisco Bay,12/25/2020,1100,360,0.00,A,0.00, ,289, ,,S,,S,,Q,,Q,6.6, ,113, ,46.0, 
47,Brentwood,San Francisco Bay,12/25/2020,1200,360,0.01,A,0.00, ,369, ,,S,,S,,Q,,Q,6.4, ,136, ,46.3, 
47,Brentwood,San Francisco Bay,12/25/2020,1300,360,0.01,A,0.00, ,289, ,,S,,S,,Q,,Q,4.1, ,156, ,46.8, 
47,Brentwood,San Francisco Bay,12/25/2020,1400,360,0.01,A,0.00, ,187, ,,S,,S,,Q,,Q,2.0, ,311, ,47.4, 
47,Brentwood,San Francisco Bay,12/25/2020,1500,360,0.00,A,0.00, ,96, ,,S,,S,,Q,,Q,2.4, ,255, ,47.9, 
47,Brentwood,San Francisco Bay,12/25/2020,1600,360,0.00,A,0.00, ,38, ,,S,,S,,Q,,Q,3.1, ,110, ,48.3, 
47,Brentwood,San Francisco Bay,12/25/2020,1700,360,0.00,A,0.00, ,10, ,,S,,S,,Q,,Q,3.1, ,126, ,48.5, 
47,Brentwood,San Francisco Bay,12/25/2020,1800,360,0.00,A,0.00, ,0, ,,S,,S,,Q,,Q,6.2, ,143, ,48.6, 
47,Brentwood,San Francisco Bay,12/25/2020,1900,360,0.00,A,0.00, ,0, ,,S,,S,,Q,,Q,6.1, ,163, ,48.7, 
47,Brentwood,San Francisco Bay,12/25/2020,2000,360,0.00,A,0.01, ,0, ,,S,,S,,Q,,Q,5.7, ,163, ,48.7, 
47,Brentwood,San Francisco Bay,12/25/2020,2100,360,0.00,A,0.00, ,0, ,,S,,S,,Q,,Q,6.5, ,175, ,48.7, 
47,Brentwood,San Francisco Bay,12/25/2020,2200,360,0.00,A,0.00, ,0, ,,S,,S,,Q,,Q,11.3, ,186, ,48.8, 
47,Brentwood,San Francisco Bay,12/25/2020,2300,360,0.00,A,0.00, ,0, ,,S,,S,,Q,,Q,13.4, ,206, ,48.9, 
47,Brentwood,San Francisco Bay,12/25/2020,2400,360,0.00,A,0.00, ,0, ,,S,,S,,Q,,Q,6.7, ,218, ,49.1, 
47,Brentwood,San Francisco Bay,12/26/2020,0100,361,0.00,A,0.00, ,0, ,,S,,S,,Q,,Q,3.4, ,99, ,49.1, 
47,Brentwood,San Francisco Bay,12/26/2020,0200,361,0.00,A,0.00, ,0, ,,S,,S,,Q,,Q,1.7, ,75, ,49.0, 
47,Brentwood,San Francisco Bay,12/26/2020,0300,361,0.00,A,0.00, ,0, ,,S,,S,,Q,,Q,3.0, ,79, ,48.8, 
47,Brentwood,San Francisco Bay,12/26/2020,0400,361,0.00,A,0.00, ,0, ,,S,,S,,Q,,Q,2.2, ,102, ,48.6, 
47,Brentwood,San Francisco Bay,12/26/2020,0500,361,0.00,A,0.00, ,0, ,,S,,S,,Q,,Q,2.0, ,156, ,48.4, 
47,Brentwood,San Francisco Bay,12/26/2020,0600,361,0.00,A,0.00, ,0, ,,S,,S,,Q,,Q,3.9, ,235, ,48.2, 
47,Brentwood,San Francisco Bay,12/26/2020,0700,361,0.00,A,0.00, ,0, ,,S,,S,,Q,,Q,2.9, ,202, ,48.1, 
47,Brentwood,San Francisco Bay,12/26/2020,0800,361,0.00,A,0.00, ,18, ,,S,,S,,Q,,Q,3.0, ,276, ,47.8, 
47,Brentwood,San Francisco Bay,12/26/2020,0900,361,0.00,A,0.00, ,257, ,,S,,S,,Q,,Q,4.9, ,155, ,47.5, 
47,Brentwood,San Francisco Bay,12/26/2020,1000,361,0.00, ,0.00, ,667, ,10.1, ,48.1, ,88, ,44.7, ,5.6, ,186, ,47.5, 
47,Brentwood,San Francisco Bay,12/26/2020,1100,361,0.00, ,0.00, ,397, ,10.8, ,58.2, ,65, ,46.6, ,4.7, ,269, ,48.1, 
47,Brentwood,San Francisco Bay,12/26/2020,1200,361,0.01, ,0.00, ,662, ,10.5, ,58.8, ,62, ,45.7, ,5.3, ,267, ,49.0, 
47,Brentwood,San Francisco Bay,12/26/2020,1300,361,0.01, ,0.00, ,625, ,10.2, ,59.9, ,58, ,45.2, ,5.5, ,273, ,50.0, 
47,Brentwood,San Francisco Bay,12/26/2020,1400,361,0.01, ,0.00, ,549, ,9.8, ,60.2, ,55, ,44.1, ,6.1, ,296, ,51.0, 
47,Brentwood,San Francisco Bay,12/26/2020,1500,361,0.01, ,0.00, ,649, ,9.4, ,61.6, ,50, ,42.9, ,6.0, ,295, ,51.7, 
47,Brentwood,San Francisco Bay,12/26/2020,1600,361,0.00, ,0.00, ,366, ,9.3, ,60.8, ,51, ,42.5, ,5.8, ,289, ,52.0, 
47,Brentwood,San Francisco Bay,12/26/2020,1700,361,0.00, ,0.00, ,97, ,9.5, ,58.5, ,56, ,43.1, ,3.3, ,290, ,52.2, 
47,Brentwood,San Francisco Bay,12/26/2020,1800,361,0.00, ,0.00, ,1, ,9.4, ,53.2, ,68, ,43.0, ,2.2, ,307, ,52.0, 
47,Brentwood,San Francisco Bay,12/26/2020,1900,361,0.00, ,0.00, ,0, ,9.4, ,51.3, ,73, ,42.9, ,2.5, ,226, ,51.5, 
47,Brentwood,San Francisco Bay,12/26/2020,2000,361,0.00, ,0.00, ,0, ,9.7, ,47.8, ,86, ,43.8, ,3.6, ,277, ,51.0, 
47,Brentwood,San Francisco Bay,12/26/2020,2100,361,0.00, ,0.00, ,0, ,10.3, ,45.9, ,97, ,45.2, ,2.7, ,333, ,50.4, 
47,Brentwood,San Francisco Bay,12/26/2020,2200,361,0.00, ,0.00, ,0, ,10.3, ,46.1, ,97, ,45.2, ,3.9, ,293, ,49.7, 
47,Brentwood,San Francisco Bay,12/26/2020,2300,361,0.00, ,0.00, ,0, ,10.0, ,46.0, ,95, ,44.5, ,4.1, ,297, ,49.2, 
47,Brentwood,San Francisco Bay,12/26/2020,2400,361,0.00, ,0.00, ,0, ,10.4, ,46.6, ,96, ,45.6, ,5.1, ,275, ,48.7, 
47,Brentwood,San Francisco Bay,12/27/2020,0100,362,0.00, ,0.00, ,0, ,10.0, ,46.0, ,95, ,44.6, ,4.2, ,291, ,48.4, 
47,Brentwood,San Francisco Bay,12/27/2020,0200,362,0.00, ,0.00, ,0, ,9.9, ,45.6, ,95, ,44.2, ,3.4, ,282, ,48.1, 
47,Brentwood,San Francisco Bay,12/27/2020,0300,362,0.00, ,0.00, ,0, ,9.0, ,45.5, ,86, ,41.7, ,3.1, ,212, ,47.8, 
47,Brentwood,San Francisco Bay,12/27/2020,0400,362,0.00, ,0.00, ,0, ,10.0, ,45.4, ,97, ,44.5, ,3.1, ,276, ,47.6, 
47,Brentwood,San Francisco Bay,12/27/2020,0500,362,0.00, ,0.00, ,0, ,10.3, ,46.0, ,98, ,45.3, ,2.9, ,204, ,47.4, 
47,Brentwood,San Francisco Bay,12/27/2020,0600,362,0.00, ,0.00, ,0, ,9.6, ,44.1, ,98, ,43.5, ,2.4, ,176, ,47.2, 
47,Brentwood,San Francisco Bay,12/27/2020,0700,362,0.00, ,0.00, ,0, ,9.2, ,43.1, ,97, ,42.4, ,3.7, ,157, ,46.9, 
47,Brentwood,San Francisco Bay,12/27/2020,0800,362,0.00, ,0.00, ,24, ,9.1, ,42.9, ,96, ,42.0, ,2.7, ,157, ,46.7, 
47,Brentwood,San Francisco Bay,12/27/2020,0900,362,0.00, ,0.00, ,173, ,9.5, ,43.9, ,98, ,43.3, ,2.3, ,169, ,46.6, 
47,Brentwood,San Francisco Bay,12/27/2020,1000,362,0.00, ,0.00, ,339, ,10.8, ,47.1, ,98, ,46.6, ,3.5, ,150, ,46.6, 
47,Brentwood,San Francisco Bay,12/27/2020,1100,362,0.00, ,0.00, ,602, ,11.9, ,50.8, ,94, ,49.1, ,5.0, ,102, ,46.9, 
47,Brentwood,San Francisco Bay,12/27/2020,1200,362,0.01, ,0.00, ,973, ,10.5, ,53.5, ,75, ,45.8, ,4.0, ,82, ,47.7, 
47,Brentwood,San Francisco Bay,12/27/2020,1300,362,0.01, ,0.00, ,1025, ,8.8, ,57.9, ,53, ,41.1, ,3.2, ,22, ,48.8, 
47,Brentwood,San Francisco Bay,12/27/2020,1400,362,0.01, ,0.00, ,921, ,8.3, ,57.8, ,51, ,39.8, ,7.4, ,30, ,50.0, 
47,Brentwood,San Francisco Bay,12/27/2020,1500,362,0.01, ,0.00, ,689, ,8.4, ,55.4, ,56, ,40.0, ,6.6, ,49, ,50.9, 
47,Brentwood,San Francisco Bay,12/27/2020,1600,362,0.00, ,0.00, ,368, ,8.8, ,56.1, ,57, ,41.1, ,3.2, ,54, ,51.3, 
47,Brentwood,San Francisco Bay,12/27/2020,1700,362,0.00, ,0.00, ,68, ,8.7, ,54.2, ,61, ,41.0, ,3.4, ,342, ,51.4, 
47,Brentwood,San Francisco Bay,12/27/2020,1800,362,0.00, ,0.00, ,1, ,8.6, ,49.8, ,71, ,40.7, ,2.5, ,294, ,51.3, 
47,Brentwood,San Francisco Bay,12/27/2020,1900,362,0.00, ,0.00, ,0, ,8.8, ,47.8, ,78, ,41.3, ,3.0, ,286, ,50.8, 
47,Brentwood,San Francisco Bay,12/27/2020,2000,362,0.00, ,0.00, ,0, ,9.9, ,45.3, ,96, ,44.2, ,4.7, ,302, ,50.3, 
47,Brentwood,San Francisco Bay,12/27/2020,2100,362,0.00, ,0.00, ,0, ,9.8, ,44.7, ,98, ,44.1, ,6.0, ,311, ,49.7, 
47,Brentwood,San Francisco Bay,12/27/2020,2200,362,0.00, ,0.00, ,0, ,9.8, ,44.6, ,98, ,44.1, ,6.1, ,294, ,49.3, 
47,Brentwood,San Francisco Bay,12/27/2020,2300,362,0.00, ,0.00, ,0, ,9.8, ,44.5, ,98, ,44.0, ,6.5, ,296, ,48.9, 
47,Brentwood,San Francisco Bay,12/27/2020,2400,362,0.00, ,0.00, ,0, ,9.9, ,44.9, ,98, ,44.4, ,5.3, ,304, ,48.7, 
47,Brentwood,San Francisco Bay,12/28/2020,0100,363,0.00, ,0.00, ,0, ,10.1, ,45.3, ,98, ,44.8, ,5.2, ,289, ,48.5, 
47,Brentwood,San Francisco Bay,12/28/2020,0200,363,0.00, ,0.00, ,0, ,10.3, ,45.8, ,98, ,45.3, ,4.7, ,281, ,48.3, 
47,Brentwood,San Francisco Bay,12/28/2020,0300,363,0.00, ,0.00, ,0, ,10.3, ,45.9, ,98, ,45.4, ,4.3, ,315, ,48.3, 
47,Brentwood,San Francisco Bay,12/28/2020,0400,363,0.00, ,0.00, ,0, ,10.1, ,45.4, ,98, ,44.9, ,4.8, ,311, ,48.2, 
47,Brentwood,San Francisco Bay,12/28/2020,0500,363,0.00, ,0.01, ,0, ,10.1, ,45.2, ,98, ,44.8, ,3.9, ,340, ,48.1, 
47,Brentwood,San Francisco Bay,12/28/2020,0600,363,0.00, ,0.00, ,0, ,9.9, ,44.6, ,99, ,44.3, ,4.4, ,67, ,48.0, 
47,Brentwood,San Francisco Bay,12/28/2020,0700,363,0.00, ,0.00, ,0, ,9.9, ,44.6, ,99, ,44.2, ,2.9, ,84, ,48.0, 
47,Brentwood,San Francisco Bay,12/28/2020,0800,363,0.00, ,0.00, ,26, ,9.9, ,44.6, ,99, ,44.3, ,2.9, ,344, ,47.9, 
47,Brentwood,San Francisco Bay,12/28/2020,0900,363,0.00, ,0.00, ,162, ,10.8, ,46.9, ,99, ,46.5, ,3.3, ,323, ,47.9, 
47,Brentwood,San Francisco Bay,12/28/2020,1000,363,0.00, ,0.00, ,125, ,11.5, ,48.8, ,98, ,48.3, ,3.4, ,16, ,48.0, 
47,Brentwood,San Francisco Bay,12/28/2020,1100,363,0.00, ,0.00, ,192, ,12.0, ,49.9, ,98, ,49.4, ,4.6, ,8, ,48.3, 
47,Brentwood,San Francisco Bay,12/28/2020,1200,363,0.01, ,0.00, ,675, ,12.4, ,53.7, ,88, ,50.3, ,4.0, ,353, ,48.7, 
47,Brentwood,San Francisco Bay,12/28/2020,1300,363,0.01, ,0.00, ,722, ,10.1, ,55.2, ,68, ,44.7, ,2.7, ,19, ,49.5, 
47,Brentwood,San Francisco Bay,12/28/2020,1400,363,0.00, ,0.00, ,179, ,9.8, ,53.6, ,70, ,44.1, ,6.0, ,308, ,50.4, 
47,Brentwood,San Francisco Bay,12/28/2020,1500,363,0.01, ,0.00, ,540, ,9.6, ,56.0, ,63, ,43.6, ,6.4, ,322, ,51.0, 
47,Brentwood,San Francisco Bay,12/28/2020,1600,363,0.00, ,0.00, ,443, ,9.6, ,57.3, ,60, ,43.5, ,6.0, ,318, ,51.3, 
47,Brentwood,San Francisco Bay,12/28/2020,1700,363,0.00, ,0.00, ,119, ,9.4, ,54.2, ,65, ,42.8, ,4.1, ,271, ,51.4, 
47,Brentwood,San Francisco Bay,12/28/2020,1800,363,0.00, ,0.00, ,2, ,9.8, ,51.8, ,75, ,44.1, ,3.5, ,232, ,51.4, 
47,Brentwood,San Francisco Bay,12/28/2020,1900,363,0.00, ,0.00, ,0, ,10.4, ,49.0, ,88, ,45.6, ,2.9, ,232, ,51.1, 
47,Brentwood,San Francisco Bay,12/28/2020,2000,363,0.00, ,0.00, ,0, ,10.4, ,46.1, ,98, ,45.6, ,2.3, ,262, ,50.6, 
47,Brentwood,San Francisco Bay,12/28/2020,2100,363,0.00, ,0.00, ,0, ,9.7, ,44.1, ,98, ,43.6, ,2.1, ,174, ,50.0, 
47,Brentwood,San Francisco Bay,12/28/2020,2200,363,0.00, ,0.00, ,0, ,9.4, ,43.4, ,98, ,43.0, ,2.9, ,210, ,49.4, 
47,Brentwood,San Francisco Bay,12/28/2020,2300,363,0.00, ,0.00, ,0, ,9.1, ,42.6, ,98, ,42.2, ,3.0, ,203, ,48.7, 
47,Brentwood,San Francisco Bay,12/28/2020,2400,363,0.00, ,0.00, ,0, ,8.7, ,41.3, ,98, ,40.8, ,2.3, ,250, ,48.1, 
47,Brentwood,San Francisco Bay,12/29/2020,0100,364,0.00, ,0.00, ,0, ,8.4, ,40.5, ,98, ,40.1, ,3.1, ,274, ,47.6, 
47,Brentwood,San Francisco Bay,12/29/2020,0200,364,0.00, ,0.00, ,0, ,8.4, ,40.5, ,98, ,40.1, ,4.1, ,277, ,47.1, 
47,Brentwood,San Francisco Bay,12/29/2020,0300,364,0.00, ,0.00, ,0, ,9.1, ,42.6, ,98, ,42.2, ,5.5, ,282, ,46.6, 
47,Brentwood,San Francisco Bay,12/29/2020,0400,364,0.00, ,0.00, ,0, ,8.0, ,42.5, ,87, ,38.8, ,5.1, ,293, ,46.2, 
47,Brentwood,San Francisco Bay,12/29/2020,0500,364,0.00, ,0.00, ,0, ,7.4, ,41.9, ,82, ,36.7, ,3.8, ,261, ,45.9, 
47,Brentwood,San Francisco Bay,12/29/2020,0600,364,0.00, ,0.00, ,0, ,6.7, ,40.8, ,78, ,34.4, ,2.6, ,297, ,45.5, 
47,Brentwood,San Francisco Bay,12/29/2020,0700,364,0.00, ,0.00, ,0, ,5.9, ,41.5, ,66, ,30.9, ,4.1, ,271, ,45.1, 
47,Brentwood,San Francisco Bay,12/29/2020,0800,364,0.00, ,0.00, ,55, ,5.9, ,40.8, ,68, ,31.2, ,2.5, ,145, ,44.7, 
47,Brentwood,San Francisco Bay,12/29/2020,0900,364,0.00, ,0.00, ,318, ,7.1, ,44.7, ,70, ,35.6, ,1.8, ,270, ,44.4, 
47,Brentwood,San Francisco Bay,12/29/2020,1000,364,0.01, ,0.00, ,636, ,6.4, ,53.4, ,46, ,33.1, ,5.7, ,327, ,44.4, 
47,Brentwood,San Francisco Bay,12/29/2020,1100,364,0.01, ,0.00, ,895, ,6.0, ,55.7, ,40, ,31.7, ,8.6, ,333, ,44.9, 
47,Brentwood,San Francisco Bay,12/29/2020,1200,364,0.01, ,0.00, ,1043, ,5.8, ,57.9, ,35, ,30.6, ,8.4, ,340, ,45.9, 
47,Brentwood,San Francisco Bay,12/29/2020,1300,364,0.01, ,0.00, ,1068, ,5.7, ,60.0, ,32, ,30.2, ,5.6, ,330, ,47.1, 
47,Brentwood,San Francisco Bay,12/29/2020,1400,364,0.01, ,0.00, ,956, ,5.8, ,60.8, ,32, ,30.5, ,6.3, ,321, ,48.3, 
47,Brentwood,San Francisco Bay,12/29/2020,1500,364,0.01, ,0.00, ,642, ,5.8, ,60.4, ,32, ,30.5, ,8.0, ,323, ,49.2, 
47,Brentwood,San Francisco Bay,12/29/2020,1600,364,0.00, ,0.00, ,348, ,6.1, ,60.5, ,34, ,31.8, ,5.2, ,330, ,49.7, 
47,Brentwood,San Francisco Bay,12/29/2020,1700,364,0.00, ,0.00, ,139, ,6.8, ,57.7, ,42, ,34.6, ,2.6, ,37, ,49.9, 
47,Brentwood,San Francisco Bay,12/29/2020,1800,364,0.00, ,0.00, ,2, ,6.8, ,51.4, ,53, ,34.7, ,3.2, ,161, ,49.8, 
47,Brentwood,San Francisco Bay,12/29/2020,1900,364,0.00, ,0.00, ,0, ,6.4, ,45.9, ,61, ,33.2, ,2.6, ,260, ,49.4, 
47,Brentwood,San Francisco Bay,12/29/2020,2000,364,0.00, ,0.00, ,0, ,5.8, ,43.5, ,60, ,30.6, ,2.9, ,198, ,48.8, 
47,Brentwood,San Francisco Bay,12/29/2020,2100,364,0.00, ,0.00, ,0, ,5.3, ,42.7, ,56, ,28.3, ,4.4, ,198, ,48.1, 
47,Brentwood,San Francisco Bay,12/29/2020,2200,364,0.00, ,0.00, ,0, ,5.1, ,41.8, ,57, ,27.7, ,2.6, ,265, ,47.4, 
47,Brentwood,San Francisco Bay,12/29/2020,2300,364,0.00, ,0.00, ,0, ,5.4, ,40.1, ,64, ,28.7, ,1.7, ,228, ,46.8, 
47,Brentwood,San Francisco Bay,12/29/2020,2400,364,0.00, ,0.00, ,0, ,5.2, ,39.5, ,63, ,28.0, ,2.6, ,195, ,46.3, 
47,Brentwood,San Francisco Bay,12/30/2020,0100,365,0.00, ,0.00, ,0, ,5.2, ,37.3, ,68, ,27.9, ,1.5, ,276, ,45.7, 
47,Brentwood,San Francisco Bay,12/30/2020,0200,365,0.00, ,0.00, ,0, ,5.4, ,37.1, ,72, ,28.9, ,3.3, ,184, ,45.2, 
47,Brentwood,San Francisco Bay,12/30/2020,0300,365,0.00, ,0.00, ,0, ,5.4, ,35.0, ,78, ,28.8, ,2.6, ,260, ,44.7, 
47,Brentwood,San Francisco Bay,12/30/2020,0400,365,0.00, ,0.00, ,0, ,5.5, ,33.3, ,85, ,29.4, ,1.4, ,132, ,44.2, 
47,Brentwood,San Francisco Bay,12/30/2020,0500,365,0.00, ,0.00, ,0, ,5.8, ,33.4, ,89, ,30.6, ,1.6, ,187, ,43.8, 
47,Brentwood,San Francisco Bay,12/30/2020,0600,365,0.00, ,0.00, ,0, ,6.1, ,32.6, ,97, ,31.9, ,1.5, ,173, ,43.4, 
47,Brentwood,San Francisco Bay,12/30/2020,0700,365,0.00, ,0.00, ,0, ,6.1, ,32.6, ,98, ,32.1, ,2.5, ,142, ,43.0, 
47,Brentwood,San Francisco Bay,12/30/2020,0800,365,0.00, ,0.00, ,44, ,6.3, ,33.0, ,98, ,32.6, ,2.1, ,290, ,42.7, 
47,Brentwood,San Francisco Bay,12/30/2020,0900,365,0.00, ,0.00, ,270, ,7.2, ,38.4, ,91, ,36.2, ,4.2, ,317, ,42.4, 
47,Brentwood,San Francisco Bay,12/30/2020,1000,365,0.00, ,0.00, ,750, ,7.3, ,47.9, ,64, ,36.4, ,3.9, ,334, ,42.3, 
47,Brentwood,San Francisco Bay,12/30/2020,1100,365,0.01, ,0.00, ,615, ,7.7, ,48.9, ,65, ,37.7, ,4.4, ,42, ,42.9, 
47,Brentwood,San Francisco Bay,12/30/2020,1200,365,0.01, ,0.00, ,1029, ,7.7, ,51.9, ,58, ,37.8, ,3.5, ,49, ,44.0, 
47,Brentwood,San Francisco Bay,12/30/2020,1300,365,0.01, ,0.00, ,1035, ,7.1, ,53.7, ,51, ,35.9, ,3.0, ,82, ,45.4, 
47,Brentwood,San Francisco Bay,12/30/2020,1400,365,0.01, ,0.00, ,930, ,6.8, ,56.2, ,44, ,34.5, ,2.8, ,129, ,46.8, 
47,Brentwood,San Francisco Bay,12/30/2020,1500,365,0.01, ,0.00, ,669, ,6.9, ,56.4, ,45, ,35.1, ,5.3, ,129, ,48.0, 
47,Brentwood,San Francisco Bay,12/30/2020,1600,365,0.00, ,0.00, ,483, ,6.7, ,57.5, ,41, ,34.1, ,4.7, ,137, ,48.7, 
47,Brentwood,San Francisco Bay,12/30/2020,1700,365,0.00, ,0.00, ,43, ,6.7, ,55.6, ,45, ,34.4, ,2.9, ,133, ,49.1, 
47,Brentwood,San Francisco Bay,12/30/2020,1800,365,0.00, ,0.00, ,1, ,7.2, ,52.6, ,53, ,36.0, ,1.6, ,76, ,49.3, 
47,Brentwood,San Francisco Bay,12/30/2020,1900,365,0.00, ,0.00, ,0, ,7.7, ,50.6, ,61, ,37.8, ,2.7, ,212, ,49.1, 
47,Brentwood,San Francisco Bay,12/30/2020,2000,365,0.00, ,0.00, ,0, ,8.0, ,51.5, ,62, ,38.8, ,2.8, ,344, ,48.9, 
47,Brentwood,San Francisco Bay,12/30/2020,2100,365,0.00, ,0.00, ,0, ,8.9, ,51.6, ,68, ,41.5, ,3.5, ,103, ,48.8, 
47,Brentwood,San Francisco Bay,12/30/2020,2200,365,0.00, ,0.00, ,0, ,11.5, ,52.9, ,84, ,48.3, ,6.8, ,152, ,48.8, 
47,Brentwood,San Francisco Bay,12/30/2020,2300,365,0.00, ,0.00, ,0, ,13.1, ,52.2, ,98, ,51.7, ,9.2, ,158, ,48.8, 
47,Brentwood,San Francisco Bay,12/30/2020,2400,365,0.00, ,0.00, ,0, ,13.1, ,52.1, ,98, ,51.7, ,6.4, ,143, ,48.9, 
47,Brentwood,San Francisco Bay,12/31/2020,0100,366,0.00, ,0.02, ,0, ,13.1, ,52.1, ,99, ,51.7, ,3.5, ,270, ,48.8, 
47,Brentwood,San Francisco Bay,12/31/2020,0200,366,0.00, ,0.00, ,0, ,11.6, ,48.7, ,99, ,48.4, ,4.4, ,12, ,48.8, 
47,Brentwood,San Francisco Bay,12/31/2020,0300,366,0.00, ,0.00, ,0, ,11.5, ,48.7, ,99, ,48.3, ,5.2, ,246, ,48.7, 
47,Brentwood,San Francisco Bay,12/31/2020,0400,366,0.00, ,0.00, ,0, ,11.7, ,49.3, ,97, ,48.6, ,6.4, ,264, ,48.4, 
47,Brentwood,San Francisco Bay,12/31/2020,0500,366,0.00, ,0.00, ,0, ,11.2, ,49.0, ,94, ,47.4, ,8.4, ,275, ,48.1, 
47,Brentwood,San Francisco Bay,12/31/2020,0600,366,0.00, ,0.00, ,0, ,10.8, ,47.6, ,96, ,46.7, ,7.9, ,303, ,47.8, 
47,Brentwood,San Francisco Bay,12/31/2020,0700,366,0.00, ,0.00, ,0, ,10.2, ,45.4, ,99, ,45.0, ,9.3, ,312, ,47.6, 
47,Brentwood,San Francisco Bay,12/31/2020,0800,366,0.00, ,0.00, ,19, ,10.1, ,45.2, ,99, ,44.8, ,6.8, ,264, ,47.4, 
47,Brentwood,San Francisco Bay,12/31/2020,0900,366,0.00, ,0.00, ,141, ,10.6, ,46.6, ,98, ,46.1, ,7.9, ,290, ,47.4, 
47,Brentwood,San Francisco Bay,12/31/2020,1000,366,0.00, ,0.00, ,154, ,11.2, ,47.9, ,98, ,47.4, ,9.9, ,304, ,47.4, 
47,Brentwood,San Francisco Bay,12/31/2020,1100,366,0.00, ,0.00, ,559, ,12.1, ,50.8, ,96, ,49.6, ,9.9, ,318, ,47.6, 
47,Brentwood,San Francisco Bay,12/31/2020,1200,366,0.01, ,0.00, ,952, ,11.2, ,54.8, ,76, ,47.4, ,9.6, ,306, ,48.1, 
47,Brentwood,San Francisco Bay,12/31/2020,1300,366,0.01, ,0.00, ,926, ,9.5, ,57.5, ,59, ,43.3, ,12.1, ,307, ,49.0, 
47,Brentwood,San Francisco Bay,12/31/2020,1400,366,0.01, ,0.00, ,901, ,9.1, ,59.4, ,53, ,42.2, ,12.8, ,299, ,49.8, 
47,Brentwood,San Francisco Bay,12/31/2020,1500,366,0.01, ,0.00, ,706, ,8.7, ,61.1, ,47, ,41.0, ,11.7, ,297, ,50.4, 
47,Brentwood,San Francisco Bay,12/31/2020,1600,366,0.01, ,0.00, ,424, ,8.1, ,61.7, ,43, ,39.1, ,11.7, ,304, ,50.8, 
47,Brentwood,San Francisco Bay,12/31/2020,1700,366,0.00, ,0.00, ,130, ,8.4, ,59.2, ,49, ,40.1, ,8.5, ,296, ,51.0, 
47,Brentwood,San Francisco Bay,12/31/2020,1800,366,0.00, ,0.00, ,3, ,8.6, ,55.5, ,57, ,40.6, ,6.8, ,300, ,51.0, 
47,Brentwood,San Francisco Bay,12/31/2020,1900,366,0.00, ,0.00, ,0, ,8.5, ,52.8, ,63, ,40.4, ,3.1, ,283, ,50.7, 
47,Brentwood,San Francisco Bay,12/31/2020,2000,366,0.00, ,0.00, ,0, ,8.0, ,48.9, ,68, ,38.9, ,2.4, ,185, ,50.3, 
47,Brentwood,San Francisco Bay,12/31/2020,2100,366,0.00, ,0.00, ,0, ,8.1, ,47.4, ,72, ,39.0, ,3.1, ,247, ,49.7, 
47,Brentwood,San Francisco Bay,12/31/2020,2200,366,0.00, ,0.00, ,0, ,7.7, ,49.0, ,65, ,37.8, ,3.5, ,280, ,49.1, 
47,Brentwood,San Francisco Bay,12/31/2020,2300,366,0.00, ,0.00, ,0, ,7.5, ,50.9, ,59, ,37.0, ,5.0, ,295, ,48.6, 
47,Brentwood,San Francisco Bay,12/31/2020,2400,366,0.00, ,0.00, ,0, ,7.3, ,50.6, ,58, ,36.5, ,3.9, ,286, ,48.1, 
47,Brentwood,San Francisco Bay,1/1/2021,0100,001,0.00, ,0.00, ,0, ,7.2, ,49.3, ,60, ,36.0, ,2.3, ,293, ,47.7, 
47,Brentwood,San Francisco Bay,1/1/2021,0200,001,0.00, ,0.00, ,0, ,7.1, ,45.6, ,68, ,35.8, ,2.7, ,141, ,47.3, 
47,Brentwood,San Francisco Bay,1/1/2021,0300,001,0.00, ,0.00, ,0, ,7.0, ,41.3, ,79, ,35.4, ,2.7, ,148, ,46.9, 
47,Brentwood,San Francisco Bay,1/1/2021,0400,001,0.00, ,0.00, ,0, ,7.3, ,40.1, ,87, ,36.5, ,3.8, ,195, ,46.4, 
47,Brentwood,San Francisco Bay,1/1/2021,0500,001,0.00, ,0.00, ,0, ,7.6, ,38.8, ,95, ,37.4, ,2.6, ,240, ,46.0, 
47,Brentwood,San Francisco Bay,1/1/2021,0600,001,0.00, ,0.00, ,0, ,7.7, ,39.1, ,95, ,37.8, ,3.4, ,210, ,45.5, 
47,Brentwood,San Francisco Bay,1/1/2021,0700,001,0.00, ,0.00, ,0, ,7.1, ,36.1, ,98, ,35.6, ,3.1, ,4, ,45.1, 
47,Brentwood,San Francisco Bay,1/1/2021,0800,001,0.00, ,0.00, ,47, ,6.9, ,35.3, ,99, ,34.9, ,1.4, ,24, ,44.8, 
47,Brentwood,San Francisco Bay,1/1/2021,0900,001,0.00, ,0.00, ,263, ,7.2, ,36.4, ,99, ,36.2, ,2.6, ,89, ,44.4, 
47,Brentwood,San Francisco Bay,1/1/2021,1000,001,0.00, ,0.00, ,570, ,8.5, ,40.7, ,99, ,40.4, ,3.3, ,71, ,44.3, 
47,Brentwood,San Francisco Bay,1/1/2021,1100,001,0.01, ,0.00, ,915, ,9.6, ,43.9, ,98, ,43.5, ,3.8, ,95, ,44.9, 
47,Brentwood,San Francisco Bay,1/1/2021,1200,001,0.01, ,0.00, ,682, ,10.4, ,46.5, ,97, ,45.6, ,4.1, ,94, ,45.9, 
47,Brentwood,San Francisco Bay,1/1/2021,1300,001,0.01, ,0.00, ,767, ,10.5, ,49.7, ,87, ,45.8, ,3.4, ,81, ,47.1, 
47,Brentwood,San Francisco Bay,1/1/2021,1400,001,0.01, ,0.00, ,749, ,10.2, ,52.3, ,76, ,45.1, ,3.1, ,85, ,48.2, 
47,Brentwood,San Francisco Bay,1/1/2021,1500,001,0.00, ,0.00, ,476, ,9.3, ,53.0, ,68, ,42.6, ,4.9, ,94, ,49.1, 
47,Brentwood,San Francisco Bay,1/1/2021,1600,001,0.00, ,0.00, ,379, ,8.7, ,54.7, ,59, ,40.8, ,5.3, ,121, ,49.8, 
47,Brentwood,San Francisco Bay,1/1/2021,1700,001,0.00, ,0.00, ,110, ,8.3, ,53.9, ,59, ,39.8, ,3.7, ,108, ,50.1, 
47,Brentwood,San Francisco Bay,1/1/2021,1800,001,0.00, ,0.00, ,1, ,8.2, ,50.4, ,66, ,39.4, ,2.5, ,81, ,50.0, 
47,Brentwood,San Francisco Bay,1/1/2021,1900,001,0.00, ,0.00, ,0, ,8.2, ,47.1, ,74, ,39.4, ,2.7, ,210, ,49.7, 
47,Brentwood,San Francisco Bay,1/1/2021,2000,001,0.00, ,0.00, ,0, ,7.9, ,44.4, ,79, ,38.4, ,2.7, ,173, ,49.1, 
47,Brentwood,San Francisco Bay,1/1/2021,2100,001,0.00, ,0.00, ,0, ,9.0, ,43.1, ,95, ,41.9, ,1.6, ,208, ,48.6, 
47,Brentwood,San Francisco Bay,1/1/2021,2200,001,0.00, ,0.00, ,0, ,9.2, ,43.2, ,97, ,42.3, ,2.5, ,261, ,48.1, 
47,Brentwood,San Francisco Bay,1/1/2021,2300,001,0.00, ,0.00, ,0, ,9.5, ,43.6, ,98, ,43.1, ,2.1, ,310, ,47.7, 
47,Brentwood,San Francisco Bay,1/1/2021,2400,001,0.00, ,0.00, ,0, ,9.8, ,44.6, ,98, ,44.1, ,2.8, ,186, ,47.4, 
47,Brentwood,San Francisco Bay,1/2/2021,0100,002,0.00, ,0.00, ,0, ,9.9, ,44.6, ,98, ,44.2, ,1.5, ,351, ,47.3, 
47,Brentwood,San Francisco Bay,1/2/2021,0200,002,0.00, ,0.00, ,0, ,10.3, ,45.7, ,98, ,45.2, ,2.0, ,48, ,47.3, 
47,Brentwood,San Francisco Bay,1/2/2021,0300,002,0.00, ,0.00, ,0, ,10.4, ,46.0, ,98, ,45.6, ,2.3, ,191, ,47.3, 
47,Brentwood,San Francisco Bay,1/2/2021,0400,002,0.00, ,0.00, ,0, ,10.3, ,45.7, ,99, ,45.3, ,3.7, ,59, ,47.3, 
47,Brentwood,San Francisco Bay,1/2/2021,0500,002,0.00, ,0.00, ,0, ,10.4, ,46.0, ,99, ,45.6, ,2.7, ,141, ,47.4, 
47,Brentwood,San Francisco Bay,1/2/2021,0600,002,0.00, ,0.00, ,0, ,10.5, ,46.1, ,98, ,45.7, ,1.7, ,206, ,47.4, 
47,Brentwood,San Francisco Bay,1/2/2021,0700,002,0.00, ,0.00, ,0, ,10.5, ,46.1, ,99, ,45.8, ,1.2, ,40, ,47.5, 
47,Brentwood,San Francisco Bay,1/2/2021,0800,002,0.00, ,0.00, ,28, ,10.5, ,46.3, ,99, ,45.9, ,3.5, ,37, ,47.5, 
47,Brentwood,San Francisco Bay,1/2/2021,0900,002,0.00, ,0.00, ,111, ,10.9, ,47.3, ,99, ,46.9, ,4.0, ,335, ,47.6, 
47,Brentwood,San Francisco Bay,1/2/2021,1000,002,0.00, ,0.00, ,206, ,11.5, ,48.7, ,98, ,48.3, ,5.4, ,327, ,47.8, 
47,Brentwood,San Francisco Bay,1/2/2021,1100,002,0.00, ,0.00, ,313, ,12.2, ,50.2, ,98, ,49.7, ,5.0, ,343, ,48.1, 
47,Brentwood,San Francisco Bay,1/2/2021,1200,002,0.00, ,0.00, ,336, ,12.5, ,51.5, ,96, ,50.4, ,4.1, ,329, ,48.6, 
47,Brentwood,San Francisco Bay,1/2/2021,1300,002,0.00, ,0.00, ,441, ,12.8, ,51.9, ,97, ,51.2, ,5.7, ,356, ,49.2, 
47,Brentwood,San Francisco Bay,1/2/2021,1400,002,0.00, ,0.00, ,314, ,12.6, ,52.3, ,94, ,50.6, ,5.7, ,50, ,49.8, 
47,Brentwood,San Francisco Bay,1/2/2021,1500,002,0.00, ,0.00, ,360, ,12.2, ,52.7, ,90, ,49.9, ,4.7, ,167, ,50.3, 
47,Brentwood,San Francisco Bay,1/2/2021,1600,002,0.00, ,0.00, ,180, ,12.5, ,52.8, ,92, ,50.5, ,4.0, ,187, ,50.7, 
47,Brentwood,San Francisco Bay,1/2/2021,1700,002,0.00, ,0.00, ,36, ,12.4, ,52.3, ,93, ,50.3, ,1.2, ,120, ,50.9, 
47,Brentwood,San Francisco Bay,1/2/2021,1800,002,0.00, ,0.00, ,1, ,12.7, ,51.6, ,97, ,50.9, ,2.1, ,299, ,51.0, 
47,Brentwood,San Francisco Bay,1/2/2021,1900,002,0.00, ,0.00, ,0, ,12.6, ,51.1, ,98, ,50.7, ,3.7, ,329, ,50.8, 
47,Brentwood,San Francisco Bay,1/2/2021,2000,002,0.00, ,0.00, ,0, ,12.4, ,50.6, ,98, ,50.2, ,3.0, ,312, ,50.6, 
47,Brentwood,San Francisco Bay,1/2/2021,2100,002,0.00, ,0.00, ,0, ,12.2, ,50.2, ,99, ,49.8, ,3.4, ,324, ,50.5, 
47,Brentwood,San Francisco Bay,1/2/2021,2200,002,0.00, ,0.00, ,0, ,11.9, ,49.5, ,99, ,49.1, ,1.5, ,353, ,50.3, 
47,Brentwood,San Francisco Bay,1/2/2021,2300,002,0.00, ,0.00, ,0, ,11.6, ,48.8, ,99, ,48.4, ,2.1, ,277, ,50.2, 
47,Brentwood,San Francisco Bay,1/2/2021,2400,002,0.00, ,0.00, ,0, ,11.5, ,48.6, ,99, ,48.2, ,2.5, ,193, ,50.0, 
47,Brentwood,San Francisco Bay,1/3/2021,0100,003,0.00, ,0.00, ,0, ,11.4, ,48.2, ,99, ,47.9, ,2.3, ,185, ,49.8, 
47,Brentwood,San Francisco Bay,1/3/2021,0200,003,0.00, ,0.00, ,0, ,11.1, ,47.6, ,99, ,47.3, ,2.7, ,232, ,49.7, 
47,Brentwood,San Francisco Bay,1/3/2021,0300,003,0.00, ,0.00, ,0, ,10.9, ,47.0, ,99, ,46.7, ,2.1, ,166, ,49.5, 
47,Brentwood,San Francisco Bay,1/3/2021,0400,003,0.00, ,0.00, ,0, ,9.9, ,44.4, ,99, ,44.2, ,2.3, ,250, ,49.3, 
47,Brentwood,San Francisco Bay,1/3/2021,0500,003,0.00, ,0.00, ,0, ,9.2, ,42.7, ,99, ,42.5, ,2.0, ,179, ,48.9, 
47,Brentwood,San Francisco Bay,1/3/2021,0600,003,0.00, ,0.00, ,0, ,8.9, ,41.8, ,99, ,41.5, ,2.2, ,278, ,48.4, 
47,Brentwood,San Francisco Bay,1/3/2021,0700,003,0.00, ,0.00, ,0, ,8.6, ,41.0, ,99, ,40.8, ,1.9, ,251, ,47.9, 
47,Brentwood,San Francisco Bay,1/3/2021,0800,003,0.00, ,0.00, ,18, ,9.1, ,42.4, ,99, ,42.1, ,2.0, ,213, ,47.6, 
47,Brentwood,San Francisco Bay,1/3/2021,0900,003,0.00, ,0.00, ,336, ,10.1, ,45.1, ,99, ,44.9, ,2.9, ,195, ,47.3, 
47,Brentwood,San Francisco Bay,1/3/2021,1000,003,0.00, ,0.00, ,489, ,13.0, ,51.7, ,99, ,51.5, ,1.2, ,264, ,47.5, 
47,Brentwood,San Francisco Bay,1/3/2021,1100,003,0.00, ,0.00, ,568, ,14.4, ,55.5, ,96, ,54.3, ,1.9, ,61, ,48.3, 
47,Brentwood,San Francisco Bay,1/3/2021,1200,003,0.00, ,0.00, ,595, ,14.6, ,56.1, ,95, ,54.7, ,2.1, ,64, ,49.3, 
47,Brentwood,San Francisco Bay,1/3/2021,1300,003,0.01, ,0.00, ,582, ,14.1, ,59.6, ,81, ,53.6, ,2.8, ,16, ,50.3, 
47,Brentwood,San Francisco Bay,1/3/2021,1400,003,0.01, ,0.00, ,564, ,11.7, ,60.8, ,64, ,48.6, ,3.9, ,328, ,51.2, 
47,Brentwood,San Francisco Bay,1/3/2021,1500,003,0.00, ,0.00, ,285, ,11.6, ,58.7, ,69, ,48.5, ,5.3, ,352, ,52.1, 
47,Brentwood,San Francisco Bay,1/3/2021,1600,003,0.00, ,0.00, ,179, ,11.9, ,57.1, ,75, ,49.1, ,2.8, ,93, ,52.5, 
47,Brentwood,San Francisco Bay,1/3/2021,1700,003,0.00, ,0.00, ,53, ,14.5, ,55.7, ,96, ,54.5, ,3.0, ,144, ,52.7, 
47,Brentwood,San Francisco Bay,1/3/2021,1800,003,0.00, ,0.00, ,2, ,13.8, ,53.6, ,98, ,53.2, ,2.1, ,152, ,52.6, 
47,Brentwood,San Francisco Bay,1/3/2021,1900,003,0.00, ,0.00, ,0, ,12.5, ,50.9, ,98, ,50.5, ,2.5, ,167, ,52.2, 
47,Brentwood,San Francisco Bay,1/3/2021,2000,003,0.00, ,0.00, ,0, ,12.1, ,49.9, ,99, ,49.5, ,1.6, ,153, ,51.7, 
47,Brentwood,San Francisco Bay,1/3/2021,2100,003,0.00, ,0.00, ,0, ,11.8, ,49.3, ,99, ,48.9, ,2.0, ,113, ,51.3, 
47,Brentwood,San Francisco Bay,1/3/2021,2200,003,0.00, ,0.00, ,0, ,11.6, ,49.0, ,99, ,48.6, ,2.5, ,250, ,51.0, 
47,Brentwood,San Francisco Bay,1/3/2021,2300,003,0.00, ,0.00, ,0, ,11.3, ,48.1, ,99, ,47.7, ,2.4, ,9, ,50.6, 
47,Brentwood,San Francisco Bay,1/3/2021,2400,003,0.00, ,0.00, ,0, ,11.5, ,48.5, ,99, ,48.2, ,1.6, ,108, ,50.4, 
47,Brentwood,San Francisco Bay,1/4/2021,0100,004,0.00, ,0.00, ,0, ,11.5, ,48.6, ,99, ,48.2, ,2.4, ,162, ,50.2, 
47,Brentwood,San Francisco Bay,1/4/2021,0200,004,0.00, ,0.00, ,0, ,11.6, ,48.7, ,99, ,48.4, ,2.2, ,116, ,50.1, 
47,Brentwood,San Francisco Bay,1/4/2021,0300,004,0.00, ,0.00, ,0, ,11.5, ,48.6, ,99, ,48.3, ,1.9, ,304, ,50.0, 
47,Brentwood,San Francisco Bay,1/4/2021,0400,004,0.00, ,0.01, ,0, ,11.4, ,48.4, ,99, ,48.1, ,3.5, ,118, ,49.9, 
47,Brentwood,San Francisco Bay,1/4/2021,0500,004,0.00, ,0.00, ,0, ,11.3, ,47.9, ,99, ,47.7, ,2.9, ,146, ,49.8, 
47,Brentwood,San Francisco Bay,1/4/2021,0600,004,0.00, ,0.00, ,0, ,11.1, ,47.6, ,99, ,47.3, ,4.2, ,112, ,49.7, 
47,Brentwood,San Francisco Bay,1/4/2021,0700,004,0.00, ,0.00, ,0, ,11.4, ,48.4, ,99, ,48.1, ,5.0, ,122, ,49.6, 
47,Brentwood,San Francisco Bay,1/4/2021,0800,004,0.00, ,0.00, ,7, ,11.6, ,48.8, ,99, ,48.5, ,5.2, ,130, ,49.5, 
47,Brentwood,San Francisco Bay,1/4/2021,0900,004,0.00, ,0.02, ,45, ,12.4, ,50.7, ,98, ,50.3, ,6.9, ,130, ,49.5, 
47,Brentwood,San Francisco Bay,1/4/2021,1000,004,0.00, ,0.00, ,196, ,15.4, ,56.9, ,98, ,56.2, ,13.2, ,175, ,49.6, 
47,Brentwood,San Francisco Bay,1/4/2021,1100,004,0.00, ,0.01, ,304, ,16.1, ,61.3, ,87, ,57.4, ,12.4, ,164, ,50.0, 
47,Brentwood,San Francisco Bay,1/4/2021,1200,004,0.00, ,0.02, ,219, ,17.2, ,59.8, ,98, ,59.3, ,10.6, ,182, ,50.5, 
47,Brentwood,San Francisco Bay,1/4/2021,1300,004,0.00, ,0.00, ,159, ,17.1, ,59.5, ,98, ,59.0, ,9.2, ,177, ,51.1, 
47,Brentwood,San Francisco Bay,1/4/2021,1400,004,0.00, ,0.00, ,279, ,16.5, ,61.2, ,89, ,58.0, ,7.8, ,197, ,51.6, 
47,Brentwood,San Francisco Bay,1/4/2021,1500,004,0.01, ,0.00, ,531, ,15.3, ,61.2, ,83, ,56.0, ,12.7, ,222, ,52.0, 
47,Brentwood,San Francisco Bay,1/4/2021,1600,004,0.01, ,0.00, ,385, ,10.8, ,59.6, ,62, ,46.7, ,12.7, ,231, ,52.4, 
47,Brentwood,San Francisco Bay,1/4/2021,1700,004,0.00, ,0.00, ,59, ,10.3, ,56.7, ,66, ,45.4, ,9.4, ,239, ,52.6, 
47,Brentwood,San Francisco Bay,1/4/2021,1800,004,0.00, ,0.00, ,3, ,11.3, ,53.3, ,82, ,47.8, ,4.0, ,194, ,52.4, 
47,Brentwood,San Francisco Bay,1/4/2021,1900,004,0.00, ,0.00, ,0, ,12.5, ,51.4, ,97, ,50.4, ,5.6, ,193, ,52.1, 
47,Brentwood,San Francisco Bay,1/4/2021,2000,004,0.00, ,0.00, ,0, ,11.8, ,50.0, ,96, ,48.8, ,4.1, ,191, ,51.6, 
47,Brentwood,San Francisco Bay,1/4/2021,2100,004,0.00, ,0.00, ,0, ,11.0, ,47.4, ,98, ,47.0, ,3.0, ,170, ,51.1, 
47,Brentwood,San Francisco Bay,1/4/2021,2200,004,0.00, ,0.00, ,0, ,9.6, ,43.9, ,99, ,43.5, ,3.1, ,328, ,50.5, 
47,Brentwood,San Francisco Bay,1/4/2021,2300,004,0.00, ,0.00, ,0, ,9.4, ,43.2, ,99, ,42.9, ,3.0, ,218, ,49.9, 
47,Brentwood,San Francisco Bay,1/4/2021,2400,004,0.00, ,0.00, ,0, ,8.8, ,41.5, ,99, ,41.2, ,2.4, ,225, ,49.3, 
47,Brentwood,San Francisco Bay,1/5/2021,0100,005,0.00, ,0.00, ,0, ,8.6, ,40.8, ,99, ,40.5, ,2.4, ,196, ,48.8, 
47,Brentwood,San Francisco Bay,1/5/2021,0200,005,0.00, ,0.00, ,0, ,8.9, ,41.9, ,99, ,41.6, ,4.0, ,258, ,48.2, 
47,Brentwood,San Francisco Bay,1/5/2021,0300,005,0.00, ,0.00, ,0, ,8.7, ,41.3, ,99, ,41.0, ,2.4, ,258, ,47.7, 
47,Brentwood,San Francisco Bay,1/5/2021,0400,005,0.00, ,0.00, ,0, ,8.8, ,41.6, ,99, ,41.3, ,2.6, ,251, ,47.2, 
47,Brentwood,San Francisco Bay,1/5/2021,0500,005,0.00, ,0.00, ,0, ,8.3, ,39.9, ,99, ,39.6, ,2.7, ,240, ,46.7, 
47,Brentwood,San Francisco Bay,1/5/2021,0600,005,0.00, ,0.00, ,0, ,8.0, ,38.9, ,99, ,38.6, ,2.5, ,202, ,46.3, 
47,Brentwood,San Francisco Bay,1/5/2021,0700,005,0.00, ,0.00, ,0, ,7.6, ,37.9, ,99, ,37.6, ,2.3, ,215, ,45.9, 
47,Brentwood,San Francisco Bay,1/5/2021,0800,005,0.00, ,0.00, ,33, ,7.4, ,37.1, ,99, ,36.8, ,2.7, ,268, ,45.5, 
47,Brentwood,San Francisco Bay,1/5/2021,0900,005,0.00, ,0.00, ,282, ,10.1, ,45.0, ,99, ,44.7, ,4.3, ,300, ,45.2, 
47,Brentwood,San Francisco Bay,1/5/2021,1000,005,0.00, ,0.00, ,308, ,10.7, ,46.6, ,99, ,46.2, ,6.4, ,310, ,45.2, 
47,Brentwood,San Francisco Bay,1/5/2021,1100,005,0.01, ,0.00, ,691, ,11.4, ,48.3, ,99, ,48.0, ,6.4, ,324, ,45.8, 
47,Brentwood,San Francisco Bay,1/5/2021,1200,005,0.01, ,0.00, ,919, ,12.9, ,52.6, ,95, ,51.2, ,8.3, ,328, ,46.7, 
47,Brentwood,San Francisco Bay,1/5/2021,1300,005,0.01, ,0.00, ,915, ,12.8, ,52.5, ,95, ,51.2, ,7.0, ,355, ,47.9, 
47,Brentwood,San Francisco Bay,1/5/2021,1400,005,0.01, ,0.00, ,854, ,12.9, ,52.7, ,95, ,51.3, ,3.5, ,17, ,49.2, 
47,Brentwood,San Francisco Bay,1/5/2021,1500,005,0.01, ,0.00, ,739, ,12.7, ,55.2, ,86, ,50.9, ,2.0, ,263, ,50.1, 
47,Brentwood,San Francisco Bay,1/5/2021,1600,005,0.00, ,0.00, ,438, ,11.3, ,57.4, ,70, ,47.8, ,5.7, ,319, ,50.8, 
47,Brentwood,San Francisco Bay,1/5/2021,1700,005,0.00, ,0.00, ,101, ,10.6, ,54.9, ,72, ,46.0, ,3.6, ,314, ,51.1, 
47,Brentwood,San Francisco Bay,1/5/2021,1800,005,0.00, ,0.00, ,2, ,11.9, ,51.2, ,93, ,49.1, ,2.4, ,257, ,51.0, 
47,Brentwood,San Francisco Bay,1/5/2021,1900,005,0.00, ,0.00, ,0, ,11.1, ,47.9, ,98, ,47.4, ,2.7, ,216, ,50.6, 
47,Brentwood,San Francisco Bay,1/5/2021,2000,005,0.00, ,0.00, ,0, ,10.4, ,45.9, ,98, ,45.5, ,3.1, ,230, ,50.0, 
47,Brentwood,San Francisco Bay,1/5/2021,2100,005,0.00, ,0.00, ,0, ,10.1, ,45.3, ,98, ,44.9, ,3.7, ,233, ,49.5, 
47,Brentwood,San Francisco Bay,1/5/2021,2200,005,0.00, ,0.00, ,0, ,9.7, ,44.1, ,98, ,43.7, ,4.3, ,201, ,49.0, 
47,Brentwood,San Francisco Bay,1/5/2021,2300,005,0.00, ,0.00, ,0, ,9.4, ,43.3, ,99, ,42.9, ,3.7, ,259, ,48.5, 
47,Brentwood,San Francisco Bay,1/5/2021,2400,005,0.00, ,0.00, ,0, ,8.7, ,41.4, ,99, ,41.0, ,1.3, ,211, ,48.1, 
47,Brentwood,San Francisco Bay,1/6/2021,0100,006,0.00, ,0.00, ,0, ,8.3, ,40.1, ,99, ,39.8, ,3.5, ,235, ,47.6, 
47,Brentwood,San Francisco Bay,1/6/2021,0200,006,0.00, ,0.00, ,0, ,8.4, ,40.2, ,99, ,39.9, ,2.9, ,200, ,47.0, 
47,Brentwood,San Francisco Bay,1/6/2021,0300,006,0.00, ,0.00, ,0, ,7.8, ,38.3, ,99, ,38.0, ,2.4, ,312, ,46.6, 
47,Brentwood,San Francisco Bay,1/6/2021,0400,006,0.00, ,0.00, ,0, ,7.5, ,37.5, ,99, ,37.2, ,2.5, ,188, ,46.2, 
47,Brentwood,San Francisco Bay,1/6/2021,0500,006,0.00, ,0.00, ,0, ,7.4, ,37.0, ,99, ,36.8, ,2.6, ,241, ,45.8, 
47,Brentwood,San Francisco Bay,1/6/2021,0600,006,0.00, ,0.00, ,0, ,7.0, ,35.5, ,99, ,35.3, ,1.7, ,64, ,45.4, 
47,Brentwood,San Francisco Bay,1/6/2021,0700,006,0.00, ,0.00, ,0, ,6.6, ,34.2, ,99, ,33.9, ,1.9, ,316, ,45.0, 
47,Brentwood,San Francisco Bay,1/6/2021,0800,006,0.00, ,0.00, ,41, ,6.9, ,35.1, ,99, ,34.9, ,1.9, ,341, ,44.7, 
47,Brentwood,San Francisco Bay,1/6/2021,0900,006,0.00, ,0.00, ,182, ,7.7, ,37.9, ,99, ,37.6, ,3.3, ,144, ,44.4, 
47,Brentwood,San Francisco Bay,1/6/2021,1000,006,0.00, ,0.00, ,412, ,9.0, ,42.0, ,99, ,41.7, ,3.1, ,242, ,44.4, 
47,Brentwood,San Francisco Bay,1/6/2021,1100,006,0.00, ,0.00, ,500, ,11.5, ,48.7, ,99, ,48.3, ,3.2, ,316, ,44.9, 
47,Brentwood,San Francisco Bay,1/6/2021,1200,006,0.00, ,0.00, ,584, ,12.3, ,50.7, ,97, ,50.0, ,3.8, ,85, ,45.8, 
47,Brentwood,San Francisco Bay,1/6/2021,1300,006,0.01, ,0.00, ,761, ,12.0, ,54.6, ,83, ,49.4, ,4.7, ,304, ,46.9, 
47,Brentwood,San Francisco Bay,1/6/2021,1400,006,0.00, ,0.01, ,365, ,12.3, ,55.7, ,81, ,50.1, ,5.8, ,39, ,48.0, 
47,Brentwood,San Francisco Bay,1/6/2021,1500,006,0.00, ,0.00, ,503, ,13.3, ,53.3, ,96, ,52.2, ,4.6, ,83, ,49.0, 
47,Brentwood,San Francisco Bay,1/6/2021,1600,006,0.00, ,0.00, ,411, ,12.9, ,55.6, ,85, ,51.3, ,2.1, ,67, ,49.5, 
47,Brentwood,San Francisco Bay,1/6/2021,1700,006,0.00, ,0.00, ,151, ,12.7, ,54.9, ,87, ,51.0, ,2.1, ,269, ,49.8, 
47,Brentwood,San Francisco Bay,1/6/2021,1800,006,0.00, ,0.00, ,2, ,12.7, ,51.8, ,97, ,50.9, ,2.5, ,244, ,49.9, 
47,Brentwood,San Francisco Bay,1/6/2021,1900,006,0.00, ,0.00, ,0, ,12.1, ,49.9, ,98, ,49.5, ,3.1, ,243, ,49.7, 
47,Brentwood,San Francisco Bay,1/6/2021,2000,006,0.00, ,0.00, ,0, ,10.7, ,46.8, ,99, ,46.4, ,3.0, ,253, ,49.5, 
47,Brentwood,San Francisco Bay,1/6/2021,2100,006,0.00, ,0.00, ,0, ,9.9, ,44.6, ,99, ,44.2, ,1.7, ,162, ,49.0, 
47,Brentwood,San Francisco Bay,1/6/2021,2200,006,0.00, ,0.00, ,0, ,9.1, ,42.4, ,99, ,42.1, ,2.0, ,230, ,48.6, 
47,Brentwood,San Francisco Bay,1/6/2021,2300,006,0.00, ,0.00, ,0, ,9.2, ,42.5, ,99, ,42.2, ,2.8, ,218, ,48.0, 
47,Brentwood,San Francisco Bay,1/6/2021,2400,006,0.00, ,0.00, ,0, ,8.6, ,40.8, ,99, ,40.5, ,2.8, ,252, ,47.5, 
47,Brentwood,San Francisco Bay,1/7/2021,0100,007,0.00, ,0.00, ,0, ,8.9, ,41.6, ,99, ,41.4, ,1.5, ,284, ,47.0, 
47,Brentwood,San Francisco Bay,1/7/2021,0200,007,0.00, ,0.00, ,0, ,10.0, ,44.8, ,99, ,44.6, ,2.8, ,271, ,46.8, 
47,Brentwood,San Francisco Bay,1/7/2021,0300,007,0.00, ,0.00, ,0, ,10.3, ,45.7, ,99, ,45.4, ,7.7, ,307, ,46.8, 
47,Brentwood,San Francisco Bay,1/7/2021,0400,007,0.00, ,0.00, ,0, ,10.4, ,45.8, ,99, ,45.5, ,5.9, ,293, ,46.9, 
47,Brentwood,San Francisco Bay,1/7/2021,0500,007,0.00, ,0.00, ,0, ,10.2, ,45.3, ,99, ,45.1, ,3.5, ,253, ,47.0, 
47,Brentwood,San Francisco Bay,1/7/2021,0600,007,0.00, ,0.00, ,0, ,10.5, ,46.1, ,99, ,45.8, ,3.3, ,277, ,47.0, 
47,Brentwood,San Francisco Bay,1/7/2021,0700,007,0.00, ,0.00, ,0, ,10.6, ,46.5, ,99, ,46.2, ,4.5, ,280, ,47.0, 
47,Brentwood,San Francisco Bay,1/7/2021,0800,007,0.00, ,0.00, ,20, ,10.4, ,46.0, ,99, ,45.6, ,4.6, ,250, ,47.1, 
47,Brentwood,San Francisco Bay,1/7/2021,0900,007,0.00, ,0.00, ,180, ,11.0, ,47.4, ,99, ,47.0, ,4.2, ,264, ,47.1, 
47,Brentwood,San Francisco Bay,1/7/2021,1000,007,0.00, ,0.00, ,541, ,11.7, ,51.5, ,90, ,48.6, ,4.8, ,340, ,47.2, 
47,Brentwood,San Francisco Bay,1/7/2021,1100,007,0.01, ,0.00, ,864, ,11.3, ,53.4, ,81, ,47.7, ,8.5, ,341, ,47.8, 
47,Brentwood,San Francisco Bay,1/7/2021,1200,007,0.01, ,0.00, ,1061, ,9.8, ,55.5, ,65, ,44.0, ,8.0, ,340, ,48.6, 
47,Brentwood,San Francisco Bay,1/7/2021,1300,007,0.01, ,0.00, ,1055, ,9.8, ,57.6, ,60, ,44.0, ,5.1, ,357, ,49.8, 
47,Brentwood,San Francisco Bay,1/7/2021,1400,007,0.01, ,0.00, ,891, ,9.6, ,58.5, ,57, ,43.5, ,5.6, ,351, ,50.8, 
47,Brentwood,San Francisco Bay,1/7/2021,1500,007,0.01, ,0.00, ,702, ,9.8, ,57.4, ,61, ,44.1, ,4.1, ,38, ,51.6, 
47,Brentwood,San Francisco Bay,1/7/2021,1600,007,0.00, ,0.00, ,440, ,10.0, ,56.3, ,65, ,44.6, ,3.7, ,71, ,52.2, 
47,Brentwood,San Francisco Bay,1/7/2021,1700,007,0.00, ,0.00, ,157, ,10.0, ,54.1, ,70, ,44.6, ,2.9, ,88, ,52.5, 
47,Brentwood,San Francisco Bay,1/7/2021,1800,007,0.00, ,0.00, ,3, ,10.3, ,50.5, ,82, ,45.4, ,3.0, ,47, ,52.3, 
47,Brentwood,San Francisco Bay,1/7/2021,1900,007,0.00, ,0.00, ,0, ,10.7, ,46.7, ,98, ,46.3, ,2.2, ,80, ,51.9, 
47,Brentwood,San Francisco Bay,1/7/2021,2000,007,0.00, ,0.00, ,0, ,9.7, ,44.2, ,99, ,43.9, ,1.3, ,150, ,51.2, 
47,Brentwood,San Francisco Bay,1/7/2021,2100,007,0.00, ,0.00, ,0, ,8.9, ,41.9, ,99, ,41.6, ,2.0, ,218, ,50.4, 
47,Brentwood,San Francisco Bay,1/7/2021,2200,007,0.00, ,0.00, ,0, ,8.2, ,39.6, ,99, ,39.3, ,2.3, ,212, ,49.5, 
47,Brentwood,San Francisco Bay,1/7/2021,2300,007,0.00, ,0.00, ,0, ,8.1, ,39.4, ,99, ,39.1, ,2.3, ,180, ,48.8, 
47,Brentwood,San Francisco Bay,1/7/2021,2400,007,0.00, ,0.00, ,0, ,8.4, ,40.3, ,99, ,40.0, ,2.3, ,258, ,48.1, 
47,Brentwood,San Francisco Bay,1/8/2021,0100,008,0.00, ,0.00, ,0, ,8.1, ,39.3, ,99, ,39.1, ,1.6, ,87, ,47.7, 
47,Brentwood,San Francisco Bay,1/8/2021,0200,008,0.00, ,0.00, ,0, ,8.0, ,38.9, ,99, ,38.7, ,2.5, ,171, ,47.3, 
47,Brentwood,San Francisco Bay,1/8/2021,0300,008,0.00, ,0.00, ,0, ,8.2, ,39.7, ,99, ,39.5, ,2.5, ,112, ,47.1, 
47,Brentwood,San Francisco Bay,1/8/2021,0400,008,0.00, ,0.00, ,0, ,8.5, ,40.7, ,99, ,40.5, ,2.7, ,113, ,46.9, 
47,Brentwood,San Francisco Bay,1/8/2021,0500,008,0.00, ,0.00, ,0, ,8.7, ,41.2, ,99, ,40.9, ,6.0, ,111, ,46.8, 
47,Brentwood,San Francisco Bay,1/8/2021,0600,008,0.00, ,0.00, ,0, ,8.8, ,41.5, ,99, ,41.2, ,3.5, ,84, ,46.8, 
47,Brentwood,San Francisco Bay,1/8/2021,0700,008,0.00, ,0.00, ,0, ,8.8, ,41.4, ,99, ,41.2, ,3.2, ,177, ,46.8, 
47,Brentwood,San Francisco Bay,1/8/2021,0800,008,0.00, ,0.00, ,24, ,8.6, ,40.9, ,99, ,40.6, ,3.3, ,229, ,46.8, 
47,Brentwood,San Francisco Bay,1/8/2021,0900,008,0.00, ,0.00, ,197, ,8.9, ,41.9, ,99, ,41.6, ,3.9, ,6, ,46.7, 
47,Brentwood,San Francisco Bay,1/8/2021,1000,008,0.00, ,0.00, ,319, ,9.2, ,42.7, ,99, ,42.4, ,3.4, ,38, ,46.8, 
47,Brentwood,San Francisco Bay,1/8/2021,1100,008,0.00, ,0.00, ,364, ,9.8, ,44.4, ,99, ,44.1, ,3.5, ,48, ,47.2, 
47,Brentwood,San Francisco Bay,1/8/2021,1200,008,0.00, ,0.00, ,329, ,10.2, ,45.4, ,99, ,45.1, ,3.6, ,41, ,47.8, 
47,Brentwood,San Francisco Bay,1/8/2021,1300,008,0.01, ,0.00, ,724, ,11.3, ,48.1, ,99, ,47.8, ,2.7, ,119, ,48.4, 
47,Brentwood,San Francisco Bay,1/8/2021,1400,008,0.01, ,0.00, ,843, ,13.3, ,52.9, ,97, ,52.1, ,4.2, ,133, ,49.2, 
47,Brentwood,San Francisco Bay,1/8/2021,1500,008,0.01, ,0.00, ,787, ,13.6, ,56.9, ,86, ,52.8, ,3.8, ,153, ,50.2, 
47,Brentwood,San Francisco Bay,1/8/2021,1600,008,0.00, ,0.00, ,432, ,13.6, ,56.7, ,87, ,52.8, ,5.7, ,122, ,50.9, 
47,Brentwood,San Francisco Bay,1/8/2021,1700,008,0.00, ,0.00, ,68, ,13.7, ,54.6, ,94, ,53.0, ,2.9, ,123, ,51.3, 
47,Brentwood,San Francisco Bay,1/8/2021,1800,008,0.00, ,0.00, ,3, ,12.5, ,50.8, ,99, ,50.4, ,7.7, ,342, ,51.4, 
47,Brentwood,San Francisco Bay,1/8/2021,1900,008,0.00, ,0.00, ,0, ,11.6, ,48.8, ,99, ,48.4, ,6.7, ,308, ,51.1, 
47,Brentwood,San Francisco Bay,1/8/2021,2000,008,0.00, ,0.00, ,0, ,11.9, ,49.7, ,98, ,49.2, ,7.1, ,314, ,50.9, 
47,Brentwood,San Francisco Bay,1/8/2021,2100,008,0.00, ,0.00, ,0, ,11.9, ,49.7, ,98, ,49.2, ,5.7, ,327, ,50.7, 
47,Brentwood,San Francisco Bay,1/8/2021,2200,008,0.00, ,0.00, ,0, ,12.0, ,49.7, ,98, ,49.3, ,3.2, ,318, ,50.5, 
47,Brentwood,San Francisco Bay,1/8/2021,2300,008,0.00, ,0.00, ,0, ,12.0, ,49.8, ,98, ,49.3, ,2.3, ,301, ,50.4, 
47,Brentwood,San Francisco Bay,1/8/2021,2400,008,0.00, ,0.00, ,0, ,11.9, ,49.6, ,98, ,49.1, ,2.8, ,266, ,50.3, 
47,Brentwood,San Francisco Bay,1/9/2021,0100,009,0.00, ,0.00, ,0, ,11.5, ,49.2, ,96, ,48.2, ,3.4, ,250, ,50.1, 
47,Brentwood,San Francisco Bay,1/9/2021,0200,009,0.00, ,0.00, ,0, ,10.5, ,46.4, ,98, ,45.9, ,4.6, ,236, ,49.9, 
47,Brentwood,San Francisco Bay,1/9/2021,0300,009,0.00, ,0.00, ,0, ,10.0, ,44.9, ,98, ,44.4, ,3.7, ,253, ,49.4, 
47,Brentwood,San Francisco Bay,1/9/2021,0400,009,0.00, ,0.00, ,0, ,9.6, ,44.3, ,97, ,43.5, ,4.2, ,282, ,48.9, 
47,Brentwood,San Francisco Bay,1/9/2021,0500,009,0.00, ,0.00, ,0, ,9.3, ,43.1, ,98, ,42.6, ,2.6, ,309, ,48.3, 
47,Brentwood,San Francisco Bay,1/9/2021,0600,009,0.00, ,0.00, ,0, ,8.9, ,41.9, ,98, ,41.5, ,2.2, ,220, ,47.8, 
47,Brentwood,San Francisco Bay,1/9/2021,0700,009,0.00, ,0.00, ,0, ,8.5, ,40.9, ,98, ,40.3, ,2.3, ,150, ,47.2, 
47,Brentwood,San Francisco Bay,1/9/2021,0800,009,0.00, ,0.00, ,54, ,8.4, ,41.9, ,93, ,40.0, ,3.2, ,285, ,46.7, 
47,Brentwood,San Francisco Bay,1/9/2021,0900,009,0.00, ,0.00, ,317, ,8.5, ,47.0, ,77, ,40.2, ,2.2, ,289, ,46.2, 
47,Brentwood,San Francisco Bay,1/9/2021,1000,009,0.01, ,0.00, ,619, ,6.9, ,52.4, ,51, ,34.9, ,3.0, ,310, ,46.2, 
47,Brentwood,San Francisco Bay,1/9/2021,1100,009,0.01, ,0.00, ,870, ,6.8, ,55.5, ,45, ,34.5, ,4.6, ,325, ,46.9, 
47,Brentwood,San Francisco Bay,1/9/2021,1200,009,0.01, ,0.00, ,1030, ,6.6, ,57.7, ,41, ,33.9, ,6.3, ,334, ,48.0, 
47,Brentwood,San Francisco Bay,1/9/2021,1300,009,0.01, ,0.00, ,1062, ,6.8, ,59.1, ,39, ,34.5, ,6.4, ,310, ,49.3, 
47,Brentwood,San Francisco Bay,1/9/2021,1400,009,0.01, ,0.00, ,962, ,6.0, ,61.8, ,32, ,31.5, ,6.9, ,319, ,50.5, 
47,Brentwood,San Francisco Bay,1/9/2021,1500,009,0.01, ,0.00, ,732, ,6.1, ,62.0, ,32, ,32.1, ,5.6, ,31, ,51.2, 
47,Brentwood,San Francisco Bay,1/9/2021,1600,009,0.01, ,0.00, ,478, ,7.8, ,57.9, ,47, ,38.0, ,5.7, ,85, ,51.7, 
47,Brentwood,San Francisco Bay,1/9/2021,1700,009,0.00, ,0.00, ,119, ,8.0, ,54.7, ,55, ,38.8, ,5.4, ,93, ,51.9, 
47,Brentwood,San Francisco Bay,1/9/2021,1800,009,0.00, ,0.00, ,4, ,8.2, ,50.7, ,65, ,39.3, ,3.9, ,110, ,51.8, 
47,Brentwood,San Francisco Bay,1/9/2021,1900,009,0.00, ,0.00, ,0, ,7.9, ,48.6, ,68, ,38.5, ,2.8, ,139, ,51.5, 
47,Brentwood,San Francisco Bay,1/9/2021,2000,009,0.00, ,0.00, ,0, ,7.8, ,46.0, ,74, ,38.1, ,1.6, ,103, ,50.9, 
47,Brentwood,San Francisco Bay,1/9/2021,2100,009,0.00, ,0.00, ,0, ,8.4, ,44.2, ,85, ,40.1, ,3.1, ,178, ,50.3, 
47,Brentwood,San Francisco Bay,1/9/2021,2200,009,0.00, ,0.00, ,0, ,7.6, ,42.6, ,82, ,37.5, ,2.6, ,174, ,49.6, 
47,Brentwood,San Francisco Bay,1/9/2021,2300,009,0.00, ,0.00, ,0, ,7.6, ,41.0, ,87, ,37.5, ,2.2, ,229, ,49.0, 
47,Brentwood,San Francisco Bay,1/9/2021,2400,009,0.00, ,0.00, ,0, ,7.7, ,38.6, ,97, ,37.7, ,2.4, ,81, ,48.4, 
47,Brentwood,San Francisco Bay,1/10/2021,0100,010,0.00, ,0.00, ,0, ,7.9, ,38.9, ,98, ,38.4, ,3.0, ,170, ,47.9, 
47,Brentwood,San Francisco Bay,1/10/2021,0200,010,0.00, ,0.00, ,0, ,7.6, ,37.8, ,98, ,37.4, ,1.9, ,149, ,47.4, 
47,Brentwood,San Francisco Bay,1/10/2021,0300,010,0.00, ,0.00, ,0, ,7.2, ,36.6, ,98, ,36.2, ,1.9, ,244, ,46.9, 
47,Brentwood,San Francisco Bay,1/10/2021,0400,010,0.00, ,0.00, ,0, ,6.9, ,35.4, ,99, ,35.1, ,2.0, ,11, ,46.4, 
47,Brentwood,San Francisco Bay,1/10/2021,0500,010,0.00, ,0.00, ,0, ,6.6, ,34.4, ,99, ,34.0, ,2.2, ,283, ,45.8, 
47,Brentwood,San Francisco Bay,1/10/2021,0600,010,0.00, ,0.00, ,0, ,6.4, ,33.5, ,99, ,33.2, ,2.1, ,199, ,45.4, 
47,Brentwood,San Francisco Bay,1/10/2021,0700,010,0.00, ,0.00, ,0, ,6.6, ,34.1, ,99, ,33.8, ,1.4, ,148, ,44.9, 
47,Brentwood,San Francisco Bay,1/10/2021,0800,010,0.00, ,0.00, ,21, ,6.6, ,34.1, ,99, ,33.9, ,1.6, ,162, ,44.6, 
47,Brentwood,San Francisco Bay,1/10/2021,0900,010,0.00, ,0.00, ,145, ,7.3, ,36.7, ,99, ,36.5, ,2.2, ,93, ,44.4, 
47,Brentwood,San Francisco Bay,1/10/2021,1000,010,0.00, ,0.00, ,215, ,8.1, ,39.5, ,99, ,39.2, ,4.7, ,302, ,44.5, 
47,Brentwood,San Francisco Bay,1/10/2021,1100,010,0.00, ,0.00, ,204, ,9.0, ,41.9, ,99, ,41.7, ,5.5, ,302, ,44.9, 
47,Brentwood,San Francisco Bay,1/10/2021,1200,010,0.00, ,0.00, ,472, ,9.7, ,44.1, ,99, ,43.9, ,5.2, ,322, ,45.4, 
47,Brentwood,San Francisco Bay,1/10/2021,1300,010,0.00, ,0.00, ,629, ,11.4, ,48.7, ,97, ,47.9, ,3.9, ,327, ,46.1, 
47,Brentwood,San Francisco Bay,1/10/2021,1400,010,0.00, ,0.00, ,557, ,11.6, ,50.6, ,92, ,48.5, ,6.9, ,321, ,47.2, 
47,Brentwood,San Francisco Bay,1/10/2021,1500,010,0.00, ,0.00, ,398, ,11.8, ,51.8, ,90, ,49.0, ,7.5, ,329, ,48.1, 
47,Brentwood,San Francisco Bay,1/10/2021,1600,010,0.00, ,0.00, ,218, ,12.2, ,52.2, ,91, ,49.8, ,6.8, ,329, ,48.8, 
47,Brentwood,San Francisco Bay,1/10/2021,1700,010,0.00, ,0.00, ,64, ,12.2, ,52.0, ,93, ,49.9, ,5.5, ,319, ,49.2, 
47,Brentwood,San Francisco Bay,1/10/2021,1800,010,0.00, ,0.00, ,3, ,12.4, ,51.2, ,96, ,50.2, ,1.8, ,44, ,49.4, 
47,Brentwood,San Francisco Bay,1/10/2021,1900,010,0.00, ,0.00, ,0, ,12.5, ,51.3, ,97, ,50.5, ,2.1, ,218, ,49.4, 
47,Brentwood,San Francisco Bay,1/10/2021,2000,010,0.00, ,0.00, ,0, ,12.2, ,50.5, ,97, ,49.8, ,3.0, ,237, ,49.4, 
47,Brentwood,San Francisco Bay,1/10/2021,2100,010,0.00, ,0.00, ,0, ,11.5, ,48.8, ,98, ,48.3, ,3.4, ,247, ,49.2, 
47,Brentwood,San Francisco Bay,1/10/2021,2200,010,0.00, ,0.00, ,0, ,10.5, ,46.1, ,98, ,45.7, ,3.6, ,277, ,48.9, 
47,Brentwood,San Francisco Bay,1/10/2021,2300,010,0.00, ,0.00, ,0, ,9.8, ,44.5, ,98, ,44.0, ,3.3, ,266, ,48.5, 
47,Brentwood,San Francisco Bay,1/10/2021,2400,010,0.00, ,0.00, ,0, ,9.6, ,43.9, ,98, ,43.4, ,2.9, ,216, ,48.1, 
47,Brentwood,San Francisco Bay,1/11/2021,0100,011,0.00, ,0.00, ,0, ,9.1, ,42.5, ,98, ,42.1, ,2.8, ,233, ,47.6, 
47,Brentwood,San Francisco Bay,1/11/2021,0200,011,0.00, ,0.00, ,0, ,8.6, ,40.9, ,99, ,40.5, ,2.1, ,245, ,47.2, 
47,Brentwood,San Francisco Bay,1/11/2021,0300,011,0.00, ,0.00, ,0, ,8.5, ,40.6, ,98, ,40.2, ,1.9, ,219, ,46.7, 
47,Brentwood,San Francisco Bay,1/11/2021,0400,011,0.00, ,0.00, ,0, ,8.4, ,40.4, ,98, ,40.0, ,3.1, ,189, ,46.3, 
47,Brentwood,San Francisco Bay,1/11/2021,0500,011,0.00, ,0.00, ,0, ,8.2, ,39.6, ,99, ,39.3, ,2.1, ,271, ,45.9, 
47,Brentwood,San Francisco Bay,1/11/2021,0600,011,0.00, ,0.00, ,0, ,7.8, ,38.4, ,99, ,38.1, ,2.2, ,217, ,45.5, 
47,Brentwood,San Francisco Bay,1/11/2021,0700,011,0.00, ,0.00, ,0, ,7.5, ,37.4, ,99, ,37.1, ,2.6, ,169, ,45.1, 
47,Brentwood,San Francisco Bay,1/11/2021,0800,011,0.00, ,0.00, ,26, ,7.2, ,36.3, ,99, ,36.0, ,3.4, ,164, ,44.8, 
47,Brentwood,San Francisco Bay,1/11/2021,0900,011,0.00, ,0.00, ,296, ,9.0, ,42.0, ,99, ,41.8, ,2.6, ,314, ,44.5, 
47,Brentwood,San Francisco Bay,1/11/2021,1000,011,0.00, ,0.00, ,598, ,11.1, ,48.6, ,95, ,47.3, ,7.2, ,321, ,44.6, 
47,Brentwood,San Francisco Bay,1/11/2021,1100,011,0.01, ,0.00, ,873, ,11.5, ,52.5, ,85, ,48.2, ,4.2, ,66, ,45.2, 
47,Brentwood,San Francisco Bay,1/11/2021,1200,011,0.01, ,0.00, ,910, ,12.2, ,51.5, ,94, ,49.9, ,7.5, ,99, ,46.4, 
47,Brentwood,San Francisco Bay,1/11/2021,1300,011,0.01, ,0.00, ,830, ,11.8, ,53.3, ,85, ,49.0, ,3.8, ,51, ,47.7, 
47,Brentwood,San Francisco Bay,1/11/2021,1400,011,0.01, ,0.00, ,968, ,10.2, ,55.9, ,67, ,45.1, ,4.4, ,85, ,48.8, 
47,Brentwood,San Francisco Bay,1/11/2021,1500,011,0.01, ,0.00, ,722, ,9.1, ,57.6, ,56, ,42.0, ,3.0, ,117, ,49.7, 
47,Brentwood,San Francisco Bay,1/11/2021,1600,011,0.00, ,0.00, ,444, ,9.2, ,59.3, ,53, ,42.3, ,2.4, ,58, ,50.4, 
47,Brentwood,San Francisco Bay,1/11/2021,1700,011,0.00, ,0.00, ,97, ,9.4, ,55.0, ,63, ,42.8, ,3.8, ,51, ,50.8, 
47,Brentwood,San Francisco Bay,1/11/2021,1800,011,0.00, ,0.00, ,3, ,8.8, ,51.7, ,68, ,41.3, ,2.0, ,45, ,50.9, 
47,Brentwood,San Francisco Bay,1/11/2021,1900,011,0.00, ,0.00, ,0, ,9.1, ,49.8, ,75, ,42.2, ,3.1, ,126, ,50.6, 
47,Brentwood,San Francisco Bay,1/11/2021,2000,011,0.00, ,0.00, ,0, ,8.7, ,47.6, ,78, ,40.9, ,2.7, ,200, ,50.1, 
47,Brentwood,San Francisco Bay,1/11/2021,2100,011,0.00, ,0.00, ,0, ,9.4, ,45.5, ,91, ,43.0, ,2.5, ,293, ,49.6, 
47,Brentwood,San Francisco Bay,1/11/2021,2200,011,0.00, ,0.00, ,0, ,9.9, ,44.8, ,98, ,44.3, ,2.3, ,201, ,49.1, 
47,Brentwood,San Francisco Bay,1/11/2021,2300,011,0.00, ,0.00, ,0, ,9.8, ,44.5, ,98, ,44.0, ,3.0, ,240, ,48.7, 
47,Brentwood,San Francisco Bay,1/11/2021,2400,011,0.00, ,0.00, ,0, ,9.8, ,44.6, ,98, ,44.1, ,1.8, ,267, ,48.3, 
47,Brentwood,San Francisco Bay,1/12/2021,0100,012,0.00, ,0.00, ,0, ,9.9, ,44.8, ,98, ,44.4, ,1.8, ,179, ,48.0, 
47,Brentwood,San Francisco Bay,1/12/2021,0200,012,0.00, ,0.00, ,0, ,9.1, ,42.3, ,98, ,42.0, ,2.0, ,61, ,47.8, 
47,Brentwood,San Francisco Bay,1/12/2021,0300,012,0.00, ,0.00, ,0, ,9.2, ,42.8, ,98, ,42.4, ,2.3, ,242, ,47.5, 
47,Brentwood,San Francisco Bay,1/12/2021,0400,012,0.00, ,0.00, ,0, ,9.0, ,42.2, ,99, ,41.8, ,2.5, ,295, ,47.2, 
47,Brentwood,San Francisco Bay,1/12/2021,0500,012,0.00, ,0.00, ,0, ,9.2, ,42.8, ,99, ,42.4, ,1.8, ,222, ,47.0, 
47,Brentwood,San Francisco Bay,1/12/2021,0600,012,0.00, ,0.00, ,0, ,8.8, ,41.6, ,99, ,41.2, ,2.0, ,310, ,46.8, 
47,Brentwood,San Francisco Bay,1/12/2021,0700,012,0.00, ,0.00, ,0, ,9.0, ,42.1, ,99, ,41.8, ,1.7, ,142, ,46.6, 
47,Brentwood,San Francisco Bay,1/12/2021,0800,012,0.00, ,0.00, ,11, ,9.4, ,43.1, ,99, ,42.8, ,3.8, ,134, ,46.4, 
47,Brentwood,San Francisco Bay,1/12/2021,0900,012,0.00, ,0.00, ,63, ,9.9, ,44.6, ,99, ,44.3, ,3.4, ,148, ,46.4, 
47,Brentwood,San Francisco Bay,1/12/2021,1000,012,0.00, ,0.00, ,192, ,10.5, ,46.3, ,99, ,45.9, ,2.4, ,325, ,46.5, 
47,Brentwood,San Francisco Bay,1/12/2021,1100,012,0.00, ,0.00, ,271, ,11.8, ,49.4, ,98, ,49.0, ,1.5, ,293, ,46.8, 
47,Brentwood,San Francisco Bay,1/12/2021,1200,012,0.00, ,0.00, ,394, ,12.7, ,51.9, ,96, ,50.9, ,2.5, ,49, ,47.4, 
47,Brentwood,San Francisco Bay,1/12/2021,1300,012,0.00, ,0.00, ,488, ,12.6, ,54.1, ,88, ,50.7, ,1.9, ,79, ,48.2, 
47,Brentwood,San Francisco Bay,1/12/2021,1400,012,0.00, ,0.00, ,330, ,12.1, ,56.4, ,78, ,49.6, ,2.8, ,319, ,49.2, 
47,Brentwood,San Francisco Bay,1/12/2021,1500,012,0.00, ,0.00, ,267, ,10.8, ,56.9, ,68, ,46.6, ,2.5, ,52, ,50.0, 
47,Brentwood,San Francisco Bay,1/12/2021,1600,012,0.00, ,0.00, ,183, ,10.8, ,57.0, ,68, ,46.6, ,2.0, ,85, ,50.6, 
47,Brentwood,San Francisco Bay,1/12/2021,1700,012,0.00, ,0.00, ,46, ,11.2, ,55.7, ,74, ,47.5, ,3.1, ,101, ,51.1, 
47,Brentwood,San Francisco Bay,1/12/2021,1800,012,0.00, ,0.00, ,3, ,11.4, ,55.0, ,77, ,47.9, ,2.4, ,136, ,51.2, 
47,Brentwood,San Francisco Bay,1/12/2021,1900,012,0.00, ,0.00, ,1, ,12.0, ,54.0, ,84, ,49.5, ,2.8, ,182, ,51.2, 
47,Brentwood,San Francisco Bay,1/12/2021,2000,012,0.00, ,0.00, ,1, ,12.5, ,53.5, ,89, ,50.4, ,2.5, ,223, ,51.1, 
47,Brentwood,San Francisco Bay,1/12/2021,2100,012,0.00, ,0.00, ,0, ,13.0, ,52.1, ,98, ,51.6, ,2.5, ,235, ,50.9, 
47,Brentwood,San Francisco Bay,1/12/2021,2200,012,0.00, ,0.00, ,0, ,12.7, ,51.4, ,98, ,50.9, ,3.4, ,230, ,50.6, 
47,Brentwood,San Francisco Bay,1/12/2021,2300,012,0.00, ,0.00, ,0, ,12.8, ,51.5, ,98, ,51.0, ,3.2, ,234, ,50.4, 
47,Brentwood,San Francisco Bay,1/12/2021,2400,012,0.00, ,0.00, ,0, ,11.8, ,49.3, ,98, ,48.9, ,3.5, ,286, ,50.2, 
47,Brentwood,San Francisco Bay,1/13/2021,0100,013,0.00, ,0.00, ,0, ,12.4, ,50.8, ,98, ,50.3, ,3.9, ,305, ,49.9, 
47,Brentwood,San Francisco Bay,1/13/2021,0200,013,0.00, ,0.00, ,0, ,11.8, ,49.2, ,99, ,48.9, ,2.6, ,149, ,49.7, 
47,Brentwood,San Francisco Bay,1/13/2021,0300,013,0.00, ,0.00, ,0, ,10.5, ,46.2, ,99, ,45.9, ,2.1, ,304, ,49.5, 
47,Brentwood,San Francisco Bay,1/13/2021,0400,013,0.00, ,0.00, ,0, ,10.1, ,45.1, ,99, ,44.8, ,3.9, ,178, ,49.2, 
47,Brentwood,San Francisco Bay,1/13/2021,0500,013,0.00, ,0.00, ,0, ,9.9, ,44.5, ,99, ,44.2, ,2.6, ,228, ,48.8, 
47,Brentwood,San Francisco Bay,1/13/2021,0600,013,0.00, ,0.00, ,0, ,9.7, ,44.1, ,99, ,43.8, ,3.8, ,220, ,48.5, 
47,Brentwood,San Francisco Bay,1/13/2021,0700,013,0.00, ,0.00, ,0, ,9.7, ,43.9, ,99, ,43.6, ,3.9, ,200, ,48.2, 
47,Brentwood,San Francisco Bay,1/13/2021,0800,013,0.00, ,0.00, ,28, ,10.2, ,45.5, ,99, ,45.2, ,3.9, ,170, ,47.9, 
47,Brentwood,San Francisco Bay,1/13/2021,0900,013,0.00, ,0.00, ,279, ,12.4, ,50.6, ,98, ,50.2, ,2.3, ,341, ,47.8, 
47,Brentwood,San Francisco Bay,1/13/2021,1000,013,0.00, ,0.00, ,578, ,14.1, ,56.6, ,90, ,53.8, ,3.5, ,188, ,48.0, 
47,Brentwood,San Francisco Bay,1/13/2021,1100,013,0.01,Y,0.00, ,796, ,14.5, ,61.4,Y,78,Y,54.5,Y,5.7, ,156, ,48.7, 
47,Brentwood,San Francisco Bay,1/13/2021,1200,013,0.01,Y,0.00, ,945, ,12.6, ,63.6,Y,63,Y,50.8,Y,5.4, ,138, ,49.9, 
47,Brentwood,San Francisco Bay,1/13/2021,1300,013,0.01,Y,0.00, ,1019, ,13.0, ,67.3,Y,57,Y,51.6,Y,3.1, ,143, ,51.4, 
47,Brentwood,San Francisco Bay,1/13/2021,1400,013,0.01,Y,0.00, ,920, ,14.2, ,70.8,Y,55,Y,54.0,Y,4.0, ,7, ,52.9, 
47,Brentwood,San Francisco Bay,1/13/2021,1500,013,0.01,Y,0.00, ,593, ,15.2, ,71.0,Y,59,Y,55.8,Y,5.2, ,328, ,54.1, 
47,Brentwood,San Francisco Bay,1/13/2021,1600,013,0.00,Y,0.00, ,356, ,15.4, ,69.8,Y,62,Y,56.1,Y,5.9, ,331, ,55.0, 
47,Brentwood,San Francisco Bay,1/13/2021,1700,013,0.00,Y,0.00, ,166, ,15.2, ,67.6,Y,66,Y,55.8,Y,8.1, ,317, ,55.3, 
47,Brentwood,San Francisco Bay,1/13/2021,1800,013,0.00,Y,0.00, ,3, ,14.2, ,61.9,Y,75,Y,53.9,Y,5.7, ,333, ,55.5, 
47,Brentwood,San Francisco Bay,1/13/2021,1900,013,0.00, ,0.00, ,0, ,14.5, ,58.4, ,87, ,54.5, ,5.3, ,319, ,55.3, 
47,Brentwood,San Francisco Bay,1/13/2021,2000,013,0.00, ,0.00, ,0, ,15.3, ,56.6, ,98, ,56.0, ,7.4, ,319, ,54.9, 
47,Brentwood,San Francisco Bay,1/13/2021,2100,013,0.00, ,0.00, ,0, ,14.7, ,55.3, ,98, ,54.8, ,6.8, ,297, ,54.5, 
47,Brentwood,San Francisco Bay,1/13/2021,2200,013,0.00, ,0.00, ,0, ,14.5, ,54.9, ,98, ,54.4, ,6.3, ,286, ,54.1, 
47,Brentwood,San Francisco Bay,1/13/2021,2300,013,0.00, ,0.00, ,1, ,14.0, ,54.0, ,98, ,53.6, ,4.7, ,276, ,53.6, 
47,Brentwood,San Francisco Bay,1/13/2021,2400,013,0.00, ,0.00, ,1, ,13.5, ,53.0, ,98, ,52.6, ,4.5, ,252, ,53.2, 
47,Brentwood,San Francisco Bay,1/14/2021,0100,014,0.00, ,0.00, ,2, ,13.6, ,53.2, ,98, ,52.7, ,5.1, ,276, ,52.7, 
47,Brentwood,San Francisco Bay,1/14/2021,0200,014,0.00, ,0.00, ,1, ,13.4, ,52.9, ,98, ,52.4, ,4.4, ,270, ,52.3, 
47,Brentwood,San Francisco Bay,1/14/2021,0300,014,0.00, ,0.00, ,1, ,12.9, ,51.8, ,98, ,51.4, ,3.7, ,222, ,51.9, 
47,Brentwood,San Francisco Bay,1/14/2021,0400,014,0.00, ,0.00, ,0, ,12.4, ,50.6, ,99, ,50.3, ,3.0, ,237, ,51.5, 
47,Brentwood,San Francisco Bay,1/14/2021,0500,014,0.00, ,0.00, ,0, ,11.5, ,48.5, ,99, ,48.2, ,3.1, ,202, ,51.1, 
47,Brentwood,San Francisco Bay,1/14/2021,0600,014,0.00, ,0.00, ,0, ,11.3, ,48.2, ,99, ,47.9, ,2.0, ,223, ,50.7, 
47,Brentwood,San Francisco Bay,1/14/2021,0700,014,0.00, ,0.00, ,0, ,10.9, ,47.1, ,99, ,46.8, ,2.4, ,217, ,50.3, 
47,Brentwood,San Francisco Bay,1/14/2021,0800,014,0.00, ,0.00, ,60, ,10.4, ,46.0, ,99, ,45.7, ,2.6, ,237, ,49.9, 
47,Brentwood,San Francisco Bay,1/14/2021,0900,014,0.00, ,0.00, ,332, ,13.3, ,53.2, ,96, ,52.2, ,3.3, ,276, ,49.6, 
47,Brentwood,San Francisco Bay,1/14/2021,1000,014,0.01,Y,0.00, ,638, ,14.5, ,59.4,Y,84,Y,54.6,Y,6.3, ,314, ,49.7, 
47,Brentwood,San Francisco Bay,1/14/2021,1100,014,0.01,Y,0.00, ,903, ,12.5, ,63.2,Y,63,Y,50.4,Y,5.0, ,337, ,50.5, 
47,Brentwood,San Francisco Bay,1/14/2021,1200,014,0.01,Y,0.00, ,1051, ,11.8, ,64.4,Y,57,Y,48.9,Y,6.9, ,323, ,51.7, 
47,Brentwood,San Francisco Bay,1/14/2021,1300,014,0.01,Y,0.00, ,1092, ,11.1, ,65.9,Y,51,Y,47.4,Y,7.4, ,338, ,53.1, 
47,Brentwood,San Francisco Bay,1/14/2021,1400,014,0.01, ,0.00, ,999, ,10.4, ,66.1, ,48, ,45.6, ,9.7, ,339, ,54.3, 
47,Brentwood,San Francisco Bay,1/14/2021,1500,014,0.01, ,0.00, ,770, ,10.6, ,66.0, ,48, ,46.0, ,7.0, ,337, ,55.0, 
47,Brentwood,San Francisco Bay,1/14/2021,1600,014,0.01, ,0.00, ,521, ,10.4, ,66.0, ,48, ,45.6, ,6.8, ,313, ,55.3, 
47,Brentwood,San Francisco Bay,1/14/2021,1700,014,0.00, ,0.00, ,186, ,10.1, ,64.0, ,50, ,44.9, ,5.7, ,301, ,55.5, 
47,Brentwood,San Francisco Bay,1/14/2021,1800,014,0.00, ,0.00, ,4, ,9.8, ,59.3, ,57, ,44.0, ,2.7, ,282, ,55.4, 
47,Brentwood,San Francisco Bay,1/14/2021,1900,014,0.00, ,0.00, ,0, ,9.6, ,55.4, ,64, ,43.5, ,3.4, ,218, ,55.0, 
47,Brentwood,San Francisco Bay,1/14/2021,2000,014,0.00, ,0.00, ,0, ,8.7, ,50.7, ,69, ,40.9, ,2.0, ,146, ,54.4, 
47,Brentwood,San Francisco Bay,1/14/2021,2100,014,0.00, ,0.00, ,1, ,9.4, ,50.9, ,74, ,43.0, ,1.6, ,210, ,53.7, 
47,Brentwood,San Francisco Bay,1/14/2021,2200,014,0.00, ,0.00, ,0, ,8.5, ,46.9, ,77, ,40.2, ,3.5, ,171, ,53.1, 
47,Brentwood,San Francisco Bay,1/14/2021,2300,014,0.00, ,0.00, ,0, ,9.6, ,46.5, ,89, ,43.5, ,3.0, ,258, ,52.4, 
47,Brentwood,San Francisco Bay,1/14/2021,2400,014,0.00, ,0.00, ,0, ,9.1, ,43.6, ,94, ,42.1, ,3.5, ,195, ,51.9, 
47,Brentwood,San Francisco Bay,1/15/2021,0100,015,0.00, ,0.00, ,0, ,4.8, ,36.8, ,65, ,26.2, ,2.6, ,305, ,51.3, 
47,Brentwood,San Francisco Bay,1/15/2021,0200,015,0.00, ,0.00, ,0, ,7.1, ,35.4, ,100, ,35.4, ,3.8, ,293, ,50.8, 
47,Brentwood,San Francisco Bay,1/15/2021,0300,015,0.00, ,0.00, ,0, ,5.4, ,39.1, ,67, ,29.1, ,2.5, ,84, ,50.3, 
47,Brentwood,San Francisco Bay,1/15/2021,0400,015,0.00, ,0.00, ,0, ,3.4, ,34.0, ,52, ,18.2, ,2.8, ,187, ,49.8, 
47,Brentwood,San Francisco Bay,1/15/2021,0500,015,0.00, ,0.00, ,0, ,6.7, ,38.1, ,86, ,34.2, ,2.2, ,185, ,49.3, 
47,Brentwood,San Francisco Bay,1/15/2021,0600,015,0.00, ,0.00, ,0, ,3.9, ,28.3, ,75, ,21.2, ,2.3, ,134, ,48.9, 
47,Brentwood,San Francisco Bay,1/15/2021,0700,015,0.00,Y,0.00, ,0, ,1.6, ,18.1,Y,48,Y,1.8,Y,1.7, ,78, ,48.5, 
47,Brentwood,San Francisco Bay,1/15/2021,0800,015,0.00, ,0.00, ,58, ,3.0, ,30.3, ,53, ,15.3, ,2.4, ,315, ,48.1, 
47,Brentwood,San Francisco Bay,1/15/2021,0900,015,0.00, ,0.00, ,233, ,8.5, ,41.1, ,97, ,40.4, ,4.6, ,322, ,47.8, 
47,Brentwood,San Francisco Bay,1/15/2021,1000,015,0.00, ,0.00, ,566, ,11.3, ,48.2, ,98, ,47.8, ,5.2, ,349, ,47.9, 
47,Brentwood,San Francisco Bay,1/15/2021,1100,015,0.01, ,0.00, ,830, ,13.2, ,52.9, ,96, ,51.9, ,4.9, ,342, ,48.5, 
47,Brentwood,San Francisco Bay,1/15/2021,1200,015,0.01, ,0.00, ,1041, ,13.5, ,56.2, ,88, ,52.6, ,4.2, ,6, ,49.6, 
47,Brentwood,San Francisco Bay,1/15/2021,1300,015,0.01, ,0.00, ,1088, ,12.0, ,60.5, ,67, ,49.5, ,4.2, ,9, ,51.1, 
47,Brentwood,San Francisco Bay,1/15/2021,1400,015,0.01, ,0.00, ,980, ,11.6, ,64.0, ,57, ,48.6, ,3.9, ,23, ,52.5, 
47,Brentwood,San Francisco Bay,1/15/2021,1500,015,0.01, ,0.00, ,815, ,11.6, ,66.2, ,53, ,48.4, ,5.8, ,342, ,53.6, 
47,Brentwood,San Francisco Bay,1/15/2021,1600,015,0.00, ,0.00, ,445, ,11.2, ,65.8, ,52, ,47.5, ,3.8, ,316, ,54.4, 
47,Brentwood,San Francisco Bay,1/15/2021,1700,015,0.00, ,0.00, ,161, ,10.2, ,63.5, ,51, ,45.1, ,6.0, ,317, ,54.8, 
47,Brentwood,San Francisco Bay,1/15/2021,1800,015,0.00, ,0.00, ,4, ,10.1, ,46.6, ,94, ,44.8, ,3.8, ,291, ,54.8, 
47,Brentwood,San Francisco Bay,1/15/2021,1900,015,0.00,R,0.00, ,0, ,3.2, ,28.8,R,60,R,16.7,R,2.6, ,260, ,54.5, 
47,Brentwood,San Francisco Bay,1/15/2021,2000,015,0.00,A,0.00, ,2, ,0.8,Q,,S,,Q,,Q,3.3, ,275, ,54.0, 
47,Brentwood,San Francisco Bay,1/15/2021,2100,015,0.00,A,0.00, ,2, ,2.2,Q,,S,,Q,,Q,3.5, ,238, ,53.4, 
47,Brentwood,San Francisco Bay,1/15/2021,2200,015,0.00,A,0.00, ,2, ,,S,,S,,Q,,Q,3.4, ,273, ,53.0, 
47,Brentwood,San Francisco Bay,1/15/2021,2300,015,0.00,A,0.00, ,1, ,0.2,Q,,S,,Q,,Q,3.0, ,279, ,52.7, 
47,Brentwood,San Francisco Bay,1/15/2021,2400,015,0.00,A,0.00, ,2, ,,S,,S,,Q,,Q,3.3, ,288, ,52.4, 
47,Brentwood,San Francisco Bay,1/16/2021,0100,016,0.00,A,0.00, ,0, ,30.8,Q,,S,,Q,,Q,4.0, ,268, ,52.1, 
47,Brentwood,San Francisco Bay,1/16/2021,0200,016,0.00, ,0.00, ,1, ,5.8, ,38.0, ,75, ,30.9, ,2.9, ,267, ,51.8, 
47,Brentwood,San Francisco Bay,1/16/2021,0300,016,0.00, ,0.00, ,1, ,5.5, ,42.6, ,59, ,29.3, ,3.0, ,278, ,51.5, 
47,Brentwood,San Francisco Bay,1/16/2021,0400,016,0.00, ,0.00, ,0, ,5.1, ,41.8, ,56, ,27.4, ,3.4, ,235, ,51.2, 
47,Brentwood,San Francisco Bay,1/16/2021,0500,016,0.00, ,0.00, ,0, ,4.1, ,37.3, ,55, ,22.6, ,3.5, ,216, ,50.9, 
47,Brentwood,San Francisco Bay,1/16/2021,0600,016,0.00,R,0.00, ,0, ,27.2,R,39.3, ,100,R,39.3,R,3.0, ,217, ,50.5, 
47,Brentwood,San Francisco Bay,1/16/2021,0700,016,0.00,A,0.00, ,0, ,0.1,Q,,S,,Q,,Q,3.0, ,172, ,50.2, 
47,Brentwood,San Francisco Bay,1/16/2021,0800,016,0.00, ,0.00, ,56, ,6.2, ,34.1, ,94, ,32.5, ,2.8, ,184, ,49.9, 
47,Brentwood,San Francisco Bay,1/16/2021,0900,016,0.00, ,0.00, ,315, ,8.9, ,51.9, ,68, ,41.5, ,2.3, ,177, ,49.6, 
47,Brentwood,San Francisco Bay,1/16/2021,1000,016,0.01,Y,0.00, ,626, ,10.9, ,61.5,Y,59,Y,46.9,Y,2.1, ,154, ,49.8, 
47,Brentwood,San Francisco Bay,1/16/2021,1100,016,0.01,Y,0.00, ,882, ,10.1, ,65.1,Y,48,Y,44.8,Y,2.7, ,224, ,50.7, 
47,Brentwood,San Francisco Bay,1/16/2021,1200,016,0.01,Y,0.00, ,1013, ,9.5, ,68.6,Y,40,Y,43.2,Y,7.1, ,330, ,52.0, 
47,Brentwood,San Francisco Bay,1/16/2021,1300,016,0.01,Y,0.00, ,1071, ,9.3, ,69.4,Y,38,Y,42.8,Y,4.6, ,4, ,53.5, 
47,Brentwood,San Francisco Bay,1/16/2021,1400,016,0.01, ,0.00, ,967, ,7.2, ,57.9, ,44, ,36.2, ,4.3, ,328, ,54.9, 
47,Brentwood,San Francisco Bay,1/16/2021,1500,016,0.01, ,0.00, ,796, ,5.4, ,48.2, ,47, ,29.1, ,5.5, ,301, ,56.0, 
47,Brentwood,San Francisco Bay,1/16/2021,1600,016,0.01, ,0.00, ,515, ,3.7, ,52.0, ,28, ,19.6, ,4.8, ,306, ,56.6, 
47,Brentwood,San Francisco Bay,1/16/2021,1700,016,0.00, ,0.00, ,199, ,6.3, ,44.3, ,64, ,32.8, ,4.1, ,314, ,57.0, 
47,Brentwood,San Francisco Bay,1/16/2021,1800,016,0.00,A,0.00, ,3, ,0.1,Q,,S,,Q,,Q,2.6, ,59, ,57.0, 
47,Brentwood,San Francisco Bay,1/16/2021,1900,016,0.00,A,0.00, ,0, ,0.0,Q,,S,,Q,,Q,2.2, ,117, ,56.7, 
47,Brentwood,San Francisco Bay,1/16/2021,2000,016,0.00,A,0.00, ,0, ,,S,,S,,Q,,Q,3.4, ,209, ,56.2, 
47,Brentwood,San Francisco Bay,1/16/2021,2100,016,0.00,A,0.00, ,0, ,,S,,S,,Q,,Q,2.5, ,223, ,55.6, 
47,Brentwood,San Francisco Bay,1/16/2021,2200,016,0.00,A,0.00, ,0, ,,S,,S,,Q,,Q,2.1, ,249, ,55.0, 
47,Brentwood,San Francisco Bay,1/16/2021,2300,016,0.00,A,0.00, ,1, ,,S,,S,,Q,,Q,2.3, ,14, ,54.3, 
47,Brentwood,San Francisco Bay,1/16/2021,2400,016,0.00,A,0.00, ,1, ,,S,,S,,Q,,Q,2.9, ,176, ,53.7, 
47,Brentwood,San Francisco Bay,1/17/2021,0100,017,0.00,A,0.00, ,0, ,,S,,S,,Q,,Q,2.7, ,254, ,53.1, 
47,Brentwood,San Francisco Bay,1/17/2021,0200,017,0.00,A,0.00, ,0, ,,S,,S,,Q,,Q,2.7, ,303, ,52.6, 
47,Brentwood,San Francisco Bay,1/17/2021,0300,017,0.00,A,0.00, ,0, ,,S,,S,,Q,,Q,4.2, ,320, ,52.0, 
47,Brentwood,San Francisco Bay,1/17/2021,0400,017,0.00,A,0.00, ,0, ,,S,,S,,Q,,Q,3.0, ,18, ,51.5, 
47,Brentwood,San Francisco Bay,1/17/2021,0500,017,0.00,A,0.00, ,0, ,,S,,S,,Q,,Q,3.0, ,302, ,51.1, 
47,Brentwood,San Francisco Bay,1/17/2021,0600,017,0.00,A,0.00, ,0, ,,S,,S,,Q,,Q,3.7, ,227, ,50.7, 
47,Brentwood,San Francisco Bay,1/17/2021,0700,017,0.00,A,0.00, ,0, ,,S,,S,,Q,,Q,3.2, ,241, ,50.3, 
47,Brentwood,San Francisco Bay,1/17/2021,0800,017,0.00,A,0.00, ,55, ,,S,,S,,Q,,Q,2.5, ,281, ,49.9, 
47,Brentwood,San Francisco Bay,1/17/2021,0900,017,0.00,A,0.00, ,321, ,,S,,S,,Q,,Q,4.7, ,290, ,49.6, 
47,Brentwood,San Francisco Bay,1/17/2021,1000,017,0.00,A,0.00, ,640, ,,S,,S,,Q,,Q,5.2, ,323, ,49.7, 
47,Brentwood,San Francisco Bay,1/17/2021,1100,017,0.00,A,0.00, ,904, ,,S,,S,,Q,,Q,2.4, ,67, ,50.5, 
47,Brentwood,San Francisco Bay,1/17/2021,1200,017,0.01,A,0.00, ,1065, ,,S,,S,,Q,,Q,2.6, ,332, ,51.9, 
47,Brentwood,San Francisco Bay,1/17/2021,1300,017,0.01,A,0.00, ,1106, ,,S,,S,,Q,,Q,4.3, ,323, ,53.7, 
47,Brentwood,San Francisco Bay,1/17/2021,1400,017,0.01,A,0.00, ,1024, ,,S,,S,,Q,,Q,5.9, ,348, ,55.3, 
47,Brentwood,San Francisco Bay,1/17/2021,1500,017,0.00,A,0.00, ,826, ,,S,,S,,Q,,Q,6.7, ,334, ,56.4, 
47,Brentwood,San Francisco Bay,1/17/2021,1600,017,0.00,A,0.00, ,531, ,,S,,S,,Q,,Q,4.5, ,9, ,56.9, 
47,Brentwood,San Francisco Bay,1/17/2021,1700,017,0.00,A,0.00, ,196, ,,S,,S,,Q,,Q,2.6, ,12, ,57.2, 
47,Brentwood,San Francisco Bay,1/17/2021,1800,017,0.00,A,0.00, ,5, ,,S,,S,,Q,,Q,2.4, ,337, ,57.1, 
47,Brentwood,San Francisco Bay,1/17/2021,1900,017,0.00,A,0.00, ,0, ,,S,,S,,Q,,Q,2.2, ,214, ,56.7, 
47,Brentwood,San Francisco Bay,1/17/2021,2000,017,0.00,A,0.00, ,0, ,,S,,S,,Q,,Q,2.9, ,218, ,56.1, 
47,Brentwood,San Francisco Bay,1/17/2021,2100,017,0.00,A,0.00, ,0, ,,S,,S,,Q,,Q,3.0, ,216, ,55.4, 
47,Brentwood,San Francisco Bay,1/17/2021,2200,017,0.00,A,0.00, ,1, ,,S,,S,,Q,,Q,3.6, ,249, ,54.7, 
47,Brentwood,San Francisco Bay,1/17/2021,2300,017,0.00,A,0.00, ,0, ,,S,,S,,Q,,Q,6.6, ,266, ,54.1, 
47,Brentwood,San Francisco Bay,1/17/2021,2400,017,0.00,A,0.00, ,0, ,,S,,S,,Q,,Q,7.7, ,301, ,53.7, 
47,Brentwood,San Francisco Bay,1/18/2021,0100,018,0.00,A,0.00, ,0, ,,S,,S,,Q,,Q,7.0, ,306, ,53.5, 
47,Brentwood,San Francisco Bay,1/18/2021,0200,018,0.00,A,0.00, ,0, ,,S,,S,,Q,,Q,6.8, ,296, ,53.3, 
47,Brentwood,San Francisco Bay,1/18/2021,0300,018,0.00,A,0.00, ,0, ,,S,,S,,Q,,Q,6.1, ,276, ,53.2, 
47,Brentwood,San Francisco Bay,1/18/2021,0400,018,0.00,A,0.00, ,0, ,,S,,S,,Q,,Q,4.8, ,321, ,53.1, 
47,Brentwood,San Francisco Bay,1/18/2021,0500,018,0.00,A,0.00, ,1, ,,S,,S,,Q,,Q,3.5, ,266, ,53.0, 
47,Brentwood,San Francisco Bay,1/18/2021,0600,018,0.00,A,0.00, ,2, ,,S,,S,,Q,,Q,4.2, ,282, ,52.6, 
47,Brentwood,San Francisco Bay,1/18/2021,0700,018,0.00,A,0.00, ,2, ,,S,,S,,Q,,Q,5.4, ,289, ,52.3, 
47,Brentwood,San Francisco Bay,1/18/2021,0800,018,0.00,A,0.00, ,58, ,,S,,S,,Q,,Q,6.1, ,271, ,52.0, 
47,Brentwood,San Francisco Bay,1/18/2021,0900,018,0.00,A,0.00, ,338, ,,S,,S,,Q,,Q,13.6, ,330, ,51.7, 
47,Brentwood,San Francisco Bay,1/18/2021,1000,018,0.00,A,0.00, ,673, ,,S,,S,,Q,,Q,20.8, ,334, ,51.7, 
47,Brentwood,San Francisco Bay,1/18/2021,1100,018,0.00,A,0.00, ,951, ,,S,,S,,Q,,Q,19.6, ,326, ,52.0, 
47,Brentwood,San Francisco Bay,1/18/2021,1200,018,0.01,A,0.00, ,1125, ,,S,,S,,Q,,Q,19.7, ,323, ,52.6, 
47,Brentwood,San Francisco Bay,1/18/2021,1300,018,0.01,A,0.00, ,1168, ,,S,,S,,Q,,Q,21.1, ,322, ,53.4, 
47,Brentwood,San Francisco Bay,1/18/2021,1400,018,0.01,A,0.00, ,1077, ,,S,,S,,Q,,Q,18.8, ,336, ,54.1, 
47,Brentwood,San Francisco Bay,1/18/2021,1500,018,0.00,A,0.00, ,875, ,,S,,S,,Q,,Q,18.7, ,330, ,54.8, 
47,Brentwood,San Francisco Bay,1/18/2021,1600,018,0.00,A,0.00, ,568, ,,S,,S,,Q,,Q,19.3, ,330, ,55.2, 
47,Brentwood,San Francisco Bay,1/18/2021,1700,018,0.00,A,0.00, ,221, ,,S,,S,,Q,,Q,19.2, ,326, ,55.4, 
47,Brentwood,San Francisco Bay,1/18/2021,1800,018,0.00,A,0.00, ,6, ,,S,,S,,Q,,Q,18.0, ,318, ,55.4, 
47,Brentwood,San Francisco Bay,1/18/2021,1900,018,0.00,A,0.00, ,0, ,,S,,S,,Q,,Q,20.4, ,318, ,55.3, 
47,Brentwood,San Francisco Bay,1/18/2021,2000,018,0.00,A,0.00, ,0, ,,S,,S,,Q,,Q,16.5, ,311, ,55.1, 
47,Brentwood,San Francisco Bay,1/18/2021,2100,018,0.00,A,0.00, ,0, ,,S,,S,,Q,,Q,18.7, ,330, ,54.9, 
47,Brentwood,San Francisco Bay,1/18/2021,2200,018,0.00,A,0.00, ,0, ,,S,,S,,Q,,Q,17.2, ,324, ,54.6, 
47,Brentwood,San Francisco Bay,1/18/2021,2300,018,0.00,A,0.00, ,0, ,,S,,S,,Q,,Q,17.5, ,317, ,54.3, 
47,Brentwood,San Francisco Bay,1/18/2021,2400,018,0.00,A,0.00, ,0, ,,S,,S,,Q,,Q,17.3, ,318, ,54.1, 
47,Brentwood,San Francisco Bay,1/19/2021,0100,019,0.00,A,0.00, ,0, ,,S,,S,,Q,,Q,14.4, ,329, ,53.7, 
47,Brentwood,San Francisco Bay,1/19/2021,0200,019,0.00,A,0.00, ,0, ,,S,,S,,Q,,Q,17.6, ,344, ,53.4, 
47,Brentwood,San Francisco Bay,1/19/2021,0300,019,0.00,A,0.00, ,0, ,,S,,S,,Q,,Q,15.4, ,337, ,53.0, 
47,Brentwood,San Francisco Bay,1/19/2021,0400,019,0.00,A,0.00, ,1, ,,S,,S,,Q,,Q,18.3, ,346, ,52.7, 
47,Brentwood,San Francisco Bay,1/19/2021,0500,019,0.00,A,0.00, ,2, ,,S,,S,,Q,,Q,16.6, ,347, ,52.3, 
47,Brentwood,San Francisco Bay,1/19/2021,0600,019,0.00,A,0.00, ,1, ,,S,,S,,Q,,Q,17.6, ,344, ,52.0, 
47,Brentwood,San Francisco Bay,1/19/2021,0700,019,0.00,A,0.00, ,1, ,,S,,S,,Q,,Q,18.3, ,346, ,51.7, 
47,Brentwood,San Francisco Bay,1/19/2021,0800,019,0.00,A,0.00, ,65, ,,S,,S,,Q,,Q,17.5, ,341, ,51.4, 
47,Brentwood,San Francisco Bay,1/19/2021,0900,019,0.00,A,0.00, ,352, ,,S,,S,,Q,,Q,21.3, ,347, ,51.2, 
47,Brentwood,San Francisco Bay,1/19/2021,1000,019,0.00,A,0.00, ,685, ,,S,,S,,Q,,Q,22.9, ,347, ,51.1, 
47,Brentwood,San Francisco Bay,1/19/2021,1100,019,0.00,A,0.00, ,956, ,,S,,S,,Q,,Q,22.6, ,350, ,51.2, 
47,Brentwood,San Francisco Bay,1/19/2021,1200,019,0.01,A,0.00, ,1123, ,,S,,S,,Q,,Q,21.1, ,348, ,51.6, 
47,Brentwood,San Francisco Bay,1/19/2021,1300,019,0.01,A,0.00, ,1153, ,,S,,S,,Q,,Q,19.7, ,346, ,52.2, 
47,Brentwood,San Francisco Bay,1/19/2021,1400,019,0.01,A,0.00, ,1065, ,,S,,S,,Q,,Q,19.4, ,353, ,52.9, 
47,Brentwood,San Francisco Bay,1/19/2021,1500,019,0.00,A,0.00, ,849, ,,S,,S,,Q,,Q,16.8, ,343, ,53.5, 
47,Brentwood,San Francisco Bay,1/19/2021,1600,019,0.00,A,0.00, ,548, ,,S,,S,,Q,,Q,14.4, ,338, ,53.9, 
47,Brentwood,San Francisco Bay,1/19/2021,1700,019,0.00,A,0.00, ,212, ,,S,,S,,Q,,Q,12.3, ,334, ,54.1, 
47,Brentwood,San Francisco Bay,1/19/2021,1800,019,0.00,A,0.00, ,8, ,,S,,S,,Q,,Q,11.3, ,327, ,54.1, 
47,Brentwood,San Francisco Bay,1/19/2021,1900,019,0.00,A,0.00, ,0, ,,S,,S,,Q,,Q,10.7, ,319, ,53.9, 
47,Brentwood,San Francisco Bay,1/19/2021,2000,019,0.00,A,0.00, ,0, ,,S,,S,,Q,,Q,8.4, ,298, ,53.5, 
47,Brentwood,San Francisco Bay,1/19/2021,2100,019,0.00,A,0.00, ,0, ,,S,,S,,Q,,Q,7.9, ,297, ,53.0, 
47,Brentwood,San Francisco Bay,1/19/2021,2200,019,0.00,A,0.00, ,1, ,,S,,S,,Q,,Q,7.6, ,295, ,52.6, 
47,Brentwood,San Francisco Bay,1/19/2021,2300,019,0.00,A,0.00, ,1, ,,S,,S,,Q,,Q,5.6, ,278, ,52.2, 
47,Brentwood,San Francisco Bay,1/19/2021,2400,019,0.00,A,0.00, ,0, ,,S,,S,,Q,,Q,4.3, ,273, ,51.7, 
47,Brentwood,San Francisco Bay,1/20/2021,0100,020,0.00,A,0.00, ,0, ,,S,,S,,Q,,Q,4.3, ,269, ,51.1, 
47,Brentwood,San Francisco Bay,1/20/2021,0200,020,0.00,A,0.00, ,0, ,,S,,S,,Q,,Q,5.5, ,277, ,50.6, 
47,Brentwood,San Francisco Bay,1/20/2021,0300,020,0.00,A,0.00, ,0, ,,S,,S,,Q,,Q,5.3, ,267, ,50.1, 
47,Brentwood,San Francisco Bay,1/20/2021,0400,020,0.00,A,0.00, ,0, ,,S,,S,,Q,,Q,4.3, ,263, ,49.7, 
47,Brentwood,San Francisco Bay,1/20/2021,0500,020,0.00,A,0.00, ,0, ,,S,,S,,Q,,Q,4.2, ,218, ,49.3, 
47,Brentwood,San Francisco Bay,1/20/2021,0600,020,0.00,A,0.00, ,0, ,,S,,S,,Q,,Q,3.9, ,222, ,48.9, 
47,Brentwood,San Francisco Bay,1/20/2021,0700,020,0.00,A,0.00, ,0, ,,S,,S,,Q,,Q,3.2, ,219, ,48.5, 
47,Brentwood,San Francisco Bay,1/20/2021,0800,020,0.00,A,0.00, ,60, ,,S,,S,,Q,,Q,2.2, ,186, ,48.1, 
47,Brentwood,San Francisco Bay,1/20/2021,0900,020,0.00,A,0.00, ,342, ,,S,,S,,Q,,Q,2.1, ,178, ,47.7, 
47,Brentwood,San Francisco Bay,1/20/2021,1000,020,0.00,A,0.00, ,678, ,,S,,S,,Q,,Q,2.1, ,126, ,47.9, 
47,Brentwood,San Francisco Bay,1/20/2021,1100,020,0.00,A,0.00, ,945, ,,S,,S,,Q,,Q,5.8, ,322, ,48.7, 
47,Brentwood,San Francisco Bay,1/20/2021,1200,020,0.01,A,0.00, ,1108, ,,S,,S,,Q,,Q,7.5, ,332, ,50.0, 
47,Brentwood,San Francisco Bay,1/20/2021,1300,020,0.01,A,0.00, ,1147, ,,S,,S,,Q,,Q,7.3, ,325, ,51.5, 
47,Brentwood,San Francisco Bay,1/20/2021,1400,020,0.01,A,0.00, ,1063, ,,S,,S,,Q,,Q,5.6, ,319, ,53.0, 
47,Brentwood,San Francisco Bay,1/20/2021,1500,020,0.01,A,0.00, ,862, ,,S,,S,,Q,,Q,5.3, ,347, ,54.1, 
47,Brentwood,San Francisco Bay,1/20/2021,1600,020,0.00,A,0.00, ,560, ,,S,,S,,Q,,Q,4.7, ,339, ,54.8, 
47,Brentwood,San Francisco Bay,1/20/2021,1700,020,0.00,A,0.00, ,217, ,,S,,S,,Q,,Q,3.3, ,25, ,55.1, 
47,Brentwood,San Francisco Bay,1/20/2021,1800,020,0.00,A,0.00, ,9, ,,S,,S,,Q,,Q,3.2, ,132, ,55.0, 
47,Brentwood,San Francisco Bay,1/20/2021,1900,020,0.00,A,0.00, ,0, ,,S,,S,,Q,,Q,2.9, ,201, ,54.5, 
47,Brentwood,San Francisco Bay,1/20/2021,2000,020,0.00,A,0.00, ,1, ,,S,,S,,Q,,Q,2.1, ,234, ,53.9, 
47,Brentwood,San Francisco Bay,1/20/2021,2100,020,0.00,A,0.00, ,0, ,,S,,S,,Q,,Q,1.6, ,230, ,53.1, 
47,Brentwood,San Francisco Bay,1/20/2021,2200,020,0.00,A,0.00, ,0, ,,S,,S,,Q,,Q,2.4, ,222, ,52.3, 
47,Brentwood,San Francisco Bay,1/20/2021,2300,020,0.00,A,0.00, ,0, ,,S,,S,,Q,,Q,2.7, ,237, ,51.5, 
47,Brentwood,San Francisco Bay,1/20/2021,2400,020,0.00,A,0.00, ,0, ,,S,,S,,Q,,Q,2.5, ,244, ,50.8, 
47,Brentwood,San Francisco Bay,1/21/2021,0100,021,0.00,A,0.00, ,0, ,,S,,S,,Q,,Q,2.6, ,269, ,50.2, 
47,Brentwood,San Francisco Bay,1/21/2021,0200,021,0.00,A,0.00, ,0, ,,S,,S,,Q,,Q,2.1, ,184, ,49.5, 
47,Brentwood,San Francisco Bay,1/21/2021,0300,021,0.00,A,0.00, ,0, ,,S,,S,,Q,,Q,2.1, ,321, ,48.9, 
47,Brentwood,San Francisco Bay,1/21/2021,0400,021,0.00,A,0.00, ,0, ,,S,,S,,Q,,Q,3.7, ,231, ,48.3, 
47,Brentwood,San Francisco Bay,1/21/2021,0500,021,0.00,A,0.00, ,0, ,,S,,S,,Q,,Q,2.0, ,246, ,47.8, 
47,Brentwood,San Francisco Bay,1/21/2021,0600,021,0.00,A,0.00, ,0, ,,S,,S,,Q,,Q,2.6, ,266, ,47.3, 
47,Brentwood,San Francisco Bay,1/21/2021,0700,021,0.00,A,0.00, ,0, ,,S,,S,,Q,,Q,1.9, ,305, ,46.8, 
47,Brentwood,San Francisco Bay,1/21/2021,0800,021,0.00,A,0.00, ,61, ,,S,,S,,Q,,Q,2.4, ,273, ,46.3, 
47,Brentwood,San Francisco Bay,1/21/2021,0900,021,0.00,A,0.00, ,343, ,,S,,S,,Q,,Q,2.2, ,309, ,45.9, 
47,Brentwood,San Francisco Bay,1/21/2021,1000,021,0.00,A,0.00, ,678, ,,S,,S,,Q,,Q,2.5, ,55, ,46.1, 
47,Brentwood,San Francisco Bay,1/21/2021,1100,021,0.00,A,0.00, ,932, ,,S,,S,,Q,,Q,3.3, ,61, ,46.9, 
47,Brentwood,San Francisco Bay,1/21/2021,1200,021,0.01,A,0.00, ,980, ,,S,,S,,Q,,Q,2.9, ,65, ,48.2, 
47,Brentwood,San Francisco Bay,1/21/2021,1300,021,0.01,A,0.00, ,904, ,,S,,S,,Q,,Q,2.4, ,88, ,49.7, 
47,Brentwood,San Francisco Bay,1/21/2021,1400,021,0.01,A,0.00, ,955, ,,S,,S,,Q,,Q,3.5, ,106, ,51.2, 
47,Brentwood,San Francisco Bay,1/21/2021,1500,021,0.01,A,0.00, ,688, ,,S,,S,,Q,,Q,3.4, ,109, ,52.4, 
47,Brentwood,San Francisco Bay,1/21/2021,1600,021,0.00,A,0.00, ,313, ,,S,,S,,Q,,Q,2.1, ,127, ,53.2, 
47,Brentwood,San Francisco Bay,1/21/2021,1700,021,0.00,A,0.00, ,174, ,,S,,S,,Q,,Q,2.6, ,340, ,53.7, 
47,Brentwood,San Francisco Bay,1/21/2021,1800,021,0.00,A,0.00, ,7, ,,S,,S,,Q,,Q,2.4, ,289, ,53.8, 
47,Brentwood,San Francisco Bay,1/21/2021,1900,021,0.00,A,0.00, ,1, ,,S,,S,,Q,,Q,2.7, ,255, ,53.4, 
47,Brentwood,San Francisco Bay,1/21/2021,2000,021,0.00,A,0.00, ,1, ,,S,,S,,Q,,Q,3.1, ,204, ,52.9, 
47,Brentwood,San Francisco Bay,1/21/2021,2100,021,0.00,A,0.00, ,0, ,,S,,S,,Q,,Q,2.9, ,108, ,52.3, 
47,Brentwood,San Francisco Bay,1/21/2021,2200,021,0.00,A,0.00, ,0, ,,S,,S,,Q,,Q,3.2, ,318, ,51.7, 
47,Brentwood,San Francisco Bay,1/21/2021,2300,021,0.00,A,0.00, ,0, ,,S,,S,,Q,,Q,5.1, ,320, ,51.2, 
47,Brentwood,San Francisco Bay,1/21/2021,2400,021,0.00,A,0.00, ,0, ,,S,,S,,Q,,Q,3.0, ,185, ,50.8, 
47,Brentwood,San Francisco Bay,1/22/2021,0100,022,0.00,A,0.00, ,0, ,,S,,S,,Q,,Q,2.4, ,6, ,50.4, 
47,Brentwood,San Francisco Bay,1/22/2021,0200,022,0.00,A,0.00, ,0, ,,S,,S,,Q,,Q,4.8, ,281, ,50.1, 
47,Brentwood,San Francisco Bay,1/22/2021,0300,022,0.00,A,0.00, ,0, ,,S,,S,,Q,,Q,9.6, ,219, ,49.9, 
47,Brentwood,San Francisco Bay,1/22/2021,0400,022,0.00,A,0.00, ,0, ,,S,,S,,Q,,Q,6.4, ,225, ,49.9, 
47,Brentwood,San Francisco Bay,1/22/2021,0500,022,0.00,A,0.00, ,0, ,,S,,S,,Q,,Q,4.2, ,144, ,49.8, 
47,Brentwood,San Francisco Bay,1/22/2021,0600,022,0.00,A,0.00, ,0, ,,S,,S,,Q,,Q,6.6, ,208, ,49.7, 
47,Brentwood,San Francisco Bay,1/22/2021,0700,022,0.00,A,0.00, ,0, ,,S,,S,,Q,,Q,6.4, ,201, ,49.7, 
47,Brentwood,San Francisco Bay,1/22/2021,0800,022,0.00,A,0.00, ,19, ,,S,,S,,Q,,Q,5.4, ,214, ,49.7, 
47,Brentwood,San Francisco Bay,1/22/2021,0900,022,0.00,A,0.00, ,127, ,,S,,S,,Q,,Q,7.6, ,222, ,49.6, 
47,Brentwood,San Francisco Bay,1/22/2021,1000,022,0.00,A,0.00, ,455, ,,S,,S,,Q,,Q,10.3, ,217, ,49.6, 
47,Brentwood,San Francisco Bay,1/22/2021,1100,022,0.00,A,0.00, ,395, ,,S,,S,,Q,,Q,8.5, ,230, ,49.8, 
47,Brentwood,San Francisco Bay,1/22/2021,1200,022,0.01,A,0.01, ,403, ,,S,,S,,Q,,Q,7.4, ,222, ,50.3, 
47,Brentwood,San Francisco Bay,1/22/2021,1300,022,0.01,A,0.00, ,345, ,,S,,S,,Q,,Q,8.6, ,204, ,50.7, 
47,Brentwood,San Francisco Bay,1/22/2021,1400,022,0.01,A,0.00, ,455, ,,S,,S,,Q,,Q,6.7, ,179, ,51.0, 
47,Brentwood,San Francisco Bay,1/22/2021,1500,022,0.01,A,0.07, ,99, ,,S,,S,,Q,,Q,9.0, ,225, ,51.3, 
47,Brentwood,San Francisco Bay,1/22/2021,1600,022,0.00,A,0.00, ,288, ,,S,,S,,Q,,Q,5.2, ,188, ,51.4, 
47,Brentwood,San Francisco Bay,1/22/2021,1700,022,0.00,A,0.00, ,215, ,,S,,S,,Q,,Q,5.6, ,83, ,51.4, 
47,Brentwood,San Francisco Bay,1/22/2021,1800,022,0.00,A,0.00, ,8, ,,S,,S,,Q,,Q,5.9, ,97, ,51.2, 
47,Brentwood,San Francisco Bay,1/22/2021,1900,022,0.00,A,0.00, ,0, ,,S,,S,,Q,,Q,3.7, ,154, ,50.8, 
47,Brentwood,San Francisco Bay,1/22/2021,2000,022,0.00,A,0.00, ,0, ,,S,,S,,Q,,Q,2.9, ,194, ,50.4, 
47,Brentwood,San Francisco Bay,1/22/2021,2100,022,0.00,A,0.00, ,0, ,,S,,S,,Q,,Q,1.8, ,172, ,49.9, 
47,Brentwood,San Francisco Bay,1/22/2021,2200,022,0.00,A,0.00, ,0, ,,S,,S,,Q,,Q,1.8, ,153, ,49.5, 
47,Brentwood,San Francisco Bay,1/22/2021,2300,022,0.00,A,0.00, ,0, ,,S,,S,,Q,,Q,1.5, ,46, ,49.2, 
47,Brentwood,San Francisco Bay,1/22/2021,2400,022,0.00,A,0.00, ,0, ,,S,,S,,Q,,Q,2.0, ,332, ,49.0, 
47,Brentwood,San Francisco Bay,1/23/2021,0100,023,0.00,A,0.00, ,0, ,,S,,S,,Q,,Q,2.2, ,176, ,48.7, 
47,Brentwood,San Francisco Bay,1/23/2021,0200,023,0.00,A,0.00, ,0, ,,S,,S,,Q,,Q,2.4, ,262, ,48.3, 
47,Brentwood,San Francisco Bay,1/23/2021,0300,023,0.00,A,0.00, ,0, ,,S,,S,,Q,,Q,3.5, ,280, ,48.0, 
47,Brentwood,San Francisco Bay,1/23/2021,0400,023,0.00,A,0.00, ,0, ,,S,,S,,Q,,Q,3.6, ,292, ,47.8, 
47,Brentwood,San Francisco Bay,1/23/2021,0500,023,0.00,A,0.00, ,0, ,,S,,S,,Q,,Q,5.6, ,296, ,47.8, 
47,Brentwood,San Francisco Bay,1/23/2021,0600,023,0.00,A,0.00, ,0, ,,S,,S,,Q,,Q,4.9, ,294, ,47.8, 
47,Brentwood,San Francisco Bay,1/23/2021,0700,023,0.00,A,0.00, ,0, ,,S,,S,,Q,,Q,5.2, ,297, ,47.8, 
47,Brentwood,San Francisco Bay,1/23/2021,0800,023,0.00,A,0.00, ,7, ,,S,,S,,Q,,Q,6.0, ,297, ,47.9, 
47,Brentwood,San Francisco Bay,1/23/2021,0900,023,0.00,A,0.00, ,114, ,,S,,S,,Q,,Q,6.1, ,296, ,47.9, 
47,Brentwood,San Francisco Bay,1/23/2021,1000,023,0.00,A,0.00, ,378, ,,S,,S,,Q,,Q,6.9, ,311, ,48.1, 
47,Brentwood,San Francisco Bay,1/23/2021,1100,023,0.00,A,0.00, ,846, ,,S,,S,,Q,,Q,6.7, ,304, ,48.5, 
47,Brentwood,San Francisco Bay,1/23/2021,1200,023,0.01,A,0.00, ,894, ,,S,,S,,Q,,Q,8.2, ,307, ,49.4, 
47,Brentwood,San Francisco Bay,1/23/2021,1300,023,0.01,A,0.00, ,940, ,,S,,S,,Q,,Q,8.2, ,299, ,50.4, 
47,Brentwood,San Francisco Bay,1/23/2021,1400,023,0.01,A,0.00, ,1012, ,,S,,S,,Q,,Q,6.8, ,300, ,51.4, 
47,Brentwood,San Francisco Bay,1/23/2021,1500,023,0.01,A,0.00, ,843, ,,S,,S,,Q,,Q,7.3, ,301, ,52.2, 
47,Brentwood,San Francisco Bay,1/23/2021,1600,023,0.00,A,0.00, ,541, ,,S,,S,,Q,,Q,7.4, ,307, ,52.7, 
47,Brentwood,San Francisco Bay,1/23/2021,1700,023,0.00,A,0.00, ,227, ,,S,,S,,Q,,Q,5.5, ,295, ,52.9, 
47,Brentwood,San Francisco Bay,1/23/2021,1800,023,0.00,A,0.00, ,15, ,,S,,S,,Q,,Q,4.0, ,242, ,52.7, 
47,Brentwood,San Francisco Bay,1/23/2021,1900,023,0.00,A,0.00, ,1, ,,S,,S,,Q,,Q,3.6, ,227, ,52.3, 
47,Brentwood,San Francisco Bay,1/23/2021,2000,023,0.00,A,0.00, ,0, ,,S,,S,,Q,,Q,3.2, ,219, ,51.7, 
47,Brentwood,San Francisco Bay,1/23/2021,2100,023,0.00,A,0.00, ,0, ,,S,,S,,Q,,Q,3.6, ,246, ,51.0, 
47,Brentwood,San Francisco Bay,1/23/2021,2200,023,0.00,A,0.00, ,0, ,,S,,S,,Q,,Q,4.1, ,249, ,50.4, 
47,Brentwood,San Francisco Bay,1/23/2021,2300,023,0.00,A,0.00, ,0, ,,S,,S,,Q,,Q,3.3, ,256, ,49.7, 
47,Brentwood,San Francisco Bay,1/23/2021,2400,023,0.00,A,0.00, ,0, ,,S,,S,,Q,,Q,2.9, ,184, ,49.1, 
47,Brentwood,San Francisco Bay,1/24/2021,0100,024,0.00,A,0.00, ,0, ,,S,,S,,Q,,Q,3.3, ,292, ,48.5, 
47,Brentwood,San Francisco Bay,1/24/2021,0200,024,0.00,A,0.00, ,0, ,,S,,S,,Q,,Q,2.6, ,187, ,47.9, 
47,Brentwood,San Francisco Bay,1/24/2021,0300,024,0.00,A,0.00, ,0, ,,S,,S,,Q,,Q,2.4, ,91, ,47.4, 
47,Brentwood,San Francisco Bay,1/24/2021,0400,024,0.00,A,0.00, ,0, ,,S,,S,,Q,,Q,1.7, ,192, ,46.9, 
47,Brentwood,San Francisco Bay,1/24/2021,0500,024,0.00,A,0.00, ,0, ,,S,,S,,Q,,Q,2.4, ,180, ,46.5, 
47,Brentwood,San Francisco Bay,1/24/2021,0600,024,0.00,A,0.00, ,0, ,,S,,S,,Q,,Q,2.8, ,269, ,46.0, 
47,Brentwood,San Francisco Bay,1/24/2021,0700,024,0.00,A,0.00, ,0, ,,S,,S,,Q,,Q,2.3, ,164, ,45.6, 
47,Brentwood,San Francisco Bay,1/24/2021,0800,024,0.00,A,0.00, ,93, ,,S,,S,,Q,,Q,2.3, ,101, ,45.2, 
47,Brentwood,San Francisco Bay,1/24/2021,0900,024,0.00,A,0.00, ,227, ,,S,,S,,Q,,Q,6.4, ,204, ,45.0, 
47,Brentwood,San Francisco Bay,1/24/2021,1000,024,0.00,A,0.00, ,573, ,,S,,S,,Q,,Q,7.1, ,213, ,45.2, 
47,Brentwood,San Francisco Bay,1/24/2021,1100,024,0.00,A,0.00, ,415, ,,S,,S,,Q,,Q,10.1, ,209, ,46.0, 
47,Brentwood,San Francisco Bay,1/24/2021,1200,024,0.01,A,0.00, ,553, ,,S,,S,,Q,,Q,10.4, ,221, ,46.7, 
47,Brentwood,San Francisco Bay,1/24/2021,1300,024,0.01,A,0.00, ,566, ,,S,,S,,Q,,Q,9.8, ,225, ,47.4, 
47,Brentwood,San Francisco Bay,1/24/2021,1400,024,0.01,A,0.00, ,398, ,,S,,S,,Q,,Q,7.9, ,235, ,48.2, 
47,Brentwood,San Francisco Bay,1/24/2021,1500,024,0.01,A,0.00, ,295, ,,S,,S,,Q,,Q,8.7, ,249, ,48.9, 
47,Brentwood,San Francisco Bay,1/24/2021,1600,024,0.00,A,0.00, ,170, ,,S,,S,,Q,,Q,9.5, ,232, ,49.3, 
47,Brentwood,San Francisco Bay,1/24/2021,1700,024,0.00,A,0.00, ,35, ,,S,,S,,Q,,Q,7.3, ,194, ,49.6, 
47,Brentwood,San Francisco Bay,1/24/2021,1800,024,0.00,A,0.03, ,3, ,,S,,S,,Q,,Q,6.8, ,201, ,49.6, 
47,Brentwood,San Francisco Bay,1/24/2021,1900,024,0.00,A,0.02, ,0, ,,S,,S,,Q,,Q,3.6, ,197, ,49.5, 
47,Brentwood,San Francisco Bay,1/24/2021,2000,024,0.00,A,0.03, ,0, ,,S,,S,,Q,,Q,8.0, ,185, ,49.4, 
47,Brentwood,San Francisco Bay,1/24/2021,2100,024,0.00,A,0.12, ,0, ,,S,,S,,Q,,Q,8.1, ,236, ,49.1, 
47,Brentwood,San Francisco Bay,1/24/2021,2200,024,0.00,A,0.01, ,0, ,,S,,S,,Q,,Q,7.9, ,254, ,49.0, 
47,Brentwood,San Francisco Bay,1/24/2021,2300,024,0.00,A,0.00, ,0, ,,S,,S,,Q,,Q,11.5, ,258, ,48.8, 
47,Brentwood,San Francisco Bay,1/24/2021,2400,024,0.00,A,0.00, ,0, ,,S,,S,,Q,,Q,13.0, ,264, ,48.5, 
47,Brentwood,San Francisco Bay,1/25/2021,0100,025,0.00,A,0.00, ,0, ,,S,,S,,Q,,Q,12.7, ,264, ,48.1, 
47,Brentwood,San Francisco Bay,1/25/2021,0200,025,0.00,A,0.00, ,0, ,,S,,S,,Q,,Q,15.5, ,276, ,47.7, 
47,Brentwood,San Francisco Bay,1/25/2021,0300,025,0.00,A,0.00, ,0, ,,S,,S,,Q,,Q,14.2, ,278, ,47.3, 
47,Brentwood,San Francisco Bay,1/25/2021,0400,025,0.00,A,0.00, ,0, ,,S,,S,,Q,,Q,12.6, ,275, ,46.9, 
47,Brentwood,San Francisco Bay,1/25/2021,0500,025,0.00,A,0.00, ,0, ,,S,,S,,Q,,Q,11.8, ,273, ,46.5, 
47,Brentwood,San Francisco Bay,1/25/2021,0600,025,0.00,A,0.00, ,0, ,,S,,S,,Q,,Q,14.4, ,271, ,46.1, 
47,Brentwood,San Francisco Bay,1/25/2021,0700,025,0.00,A,0.00, ,0, ,,S,,S,,Q,,Q,12.8, ,274, ,45.9, 
47,Brentwood,San Francisco Bay,1/25/2021,0800,025,0.00,A,0.00, ,25, ,,S,,S,,Q,,Q,12.8, ,266, ,45.7, 
47,Brentwood,San Francisco Bay,1/25/2021,0900,025,0.00,A,0.00, ,165, ,,S,,S,,Q,,Q,14.5, ,269, ,45.5, 
47,Brentwood,San Francisco Bay,1/25/2021,1000,025,0.00,A,0.00, ,361, ,,S,,S,,Q,,Q,14.2, ,269, ,45.5, 
47,Brentwood,San Francisco Bay,1/25/2021,1100,025,0.01,A,0.00, ,593, ,,S,,S,,Q,,Q,12.7, ,279, ,45.7, 
47,Brentwood,San Francisco Bay,1/25/2021,1200,025,0.01,A,0.00, ,1072, ,,S,,S,,Q,,Q,13.0, ,277, ,46.2, 
47,Brentwood,San Francisco Bay,1/25/2021,1300,025,0.01,A,0.00, ,1205, ,,S,,S,,Q,,Q,13.6, ,276, ,47.0, 
47,Brentwood,San Francisco Bay,1/25/2021,1400,025,0.01,A,0.00, ,1127, ,,S,,S,,Q,,Q,13.7, ,275, ,48.0, 
47,Brentwood,San Francisco Bay,1/25/2021,1500,025,0.01,A,0.00, ,934, ,,S,,S,,Q,,Q,12.9, ,275, ,48.8, 
47,Brentwood,San Francisco Bay,1/25/2021,1600,025,0.00,A,0.00, ,615, ,,S,,S,,Q,,Q,12.0, ,278, ,49.3, 
47,Brentwood,San Francisco Bay,1/25/2021,1700,025,0.00,A,0.00, ,256, ,,S,,S,,Q,,Q,14.1, ,263, ,49.5, 
47,Brentwood,San Francisco Bay,1/25/2021,1800,025,0.00,A,0.00, ,18, ,,S,,S,,Q,,Q,12.2, ,261, ,49.4, 
47,Brentwood,San Francisco Bay,1/25/2021,1900,025,0.00,A,0.00, ,0, ,,S,,S,,Q,,Q,13.0, ,266, ,49.1, 
47,Brentwood,San Francisco Bay,1/25/2021,2000,025,0.00,A,0.00, ,0, ,,S,,S,,Q,,Q,11.0, ,259, ,48.7, 
47,Brentwood,San Francisco Bay,1/25/2021,2100,025,0.00,A,0.00, ,0, ,,S,,S,,Q,,Q,10.5, ,261, ,48.3, 
47,Brentwood,San Francisco Bay,1/25/2021,2200,025,0.00,A,0.00, ,0, ,,S,,S,,Q,,Q,9.5, ,256, ,47.8, 
47,Brentwood,San Francisco Bay,1/25/2021,2300,025,0.00,A,0.00, ,0, ,,S,,S,,Q,,Q,9.0, ,258, ,47.4, 
47,Brentwood,San Francisco Bay,1/25/2021,2400,025,0.00,A,0.00, ,0, ,,S,,S,,Q,,Q,7.9, ,265, ,46.9, 
47,Brentwood,San Francisco Bay,1/26/2021,0100,026,0.00,A,0.00, ,0, ,,S,,S,,Q,,Q,7.9, ,272, ,46.5, 
47,Brentwood,San Francisco Bay,1/26/2021,0200,026,0.00,A,0.00, ,0, ,,S,,S,,Q,,Q,5.4, ,214, ,46.0, 
47,Brentwood,San Francisco Bay,1/26/2021,0300,026,0.00,A,0.00, ,0, ,,S,,S,,Q,,Q,4.5, ,209, ,45.6, 
47,Brentwood,San Francisco Bay,1/26/2021,0400,026,0.00,A,0.00, ,0, ,,S,,S,,Q,,Q,5.3, ,218, ,45.1, 
47,Brentwood,San Francisco Bay,1/26/2021,0500,026,0.00,A,0.00, ,0, ,,S,,S,,Q,,Q,4.5, ,203, ,44.6, 
47,Brentwood,San Francisco Bay,1/26/2021,0600,026,0.00,A,0.00, ,0, ,,S,,S,,Q,,Q,3.4, ,210, ,44.2, 
47,Brentwood,San Francisco Bay,1/26/2021,0700,026,0.00,A,0.00, ,0, ,,S,,S,,Q,,Q,2.1, ,252, ,43.8, 
47,Brentwood,San Francisco Bay,1/26/2021,0800,026,0.00,A,0.00, ,79, ,,S,,S,,Q,,Q,2.0, ,159, ,43.3, 
47,Brentwood,San Francisco Bay,1/26/2021,0900,026,0.00,A,0.00, ,379, ,,S,,S,,Q,,Q,2.4, ,142, ,42.9, 
47,Brentwood,San Francisco Bay,1/26/2021,1000,026,0.00,A,0.00, ,715, ,,S,,S,,Q,,Q,8.1, ,108, ,42.9, 
47,Brentwood,San Francisco Bay,1/26/2021,1100,026,0.01,A,0.00, ,899, ,,S,,S,,Q,,Q,9.5, ,119, ,43.6, 
47,Brentwood,San Francisco Bay,1/26/2021,1200,026,0.01,A,0.00, ,889, ,,S,,S,,Q,,Q,10.0, ,122, ,44.7, 
47,Brentwood,San Francisco Bay,1/26/2021,1300,026,0.01,A,0.00, ,767, ,,S,,S,,Q,,Q,8.7, ,138, ,45.8, 
47,Brentwood,San Francisco Bay,1/26/2021,1400,026,0.01,A,0.00, ,475, ,,S,,S,,Q,,Q,9.7, ,179, ,46.8, 
47,Brentwood,San Francisco Bay,1/26/2021,1500,026,0.01,A,0.00, ,292, ,,S,,S,,Q,,Q,7.8, ,151, ,47.5, 
47,Brentwood,San Francisco Bay,1/26/2021,1600,026,0.00,A,0.00, ,102, ,,S,,S,,Q,,Q,9.8, ,147, ,47.9, 
47,Brentwood,San Francisco Bay,1/26/2021,1700,026,0.00,A,0.00, ,39, ,,S,,S,,Q,,Q,12.7, ,157, ,48.0, 
47,Brentwood,San Francisco Bay,1/26/2021,1800,026,0.00,A,0.00, ,3, ,,S,,S,,Q,,Q,11.9, ,139, ,47.9, 
47,Brentwood,San Francisco Bay,1/26/2021,1900,026,0.00,A,0.01, ,0, ,,S,,S,,Q,,Q,11.3, ,135, ,47.7, 
47,Brentwood,San Francisco Bay,1/26/2021,2000,026,0.00,A,0.01, ,0, ,,S,,S,,Q,,Q,19.5, ,133, ,47.4, 
47,Brentwood,San Francisco Bay,1/26/2021,2100,026,0.00,A,0.01, ,0, ,,S,,S,,Q,,Q,21.3, ,125, ,47.0, 
47,Brentwood,San Francisco Bay,1/26/2021,2200,026,0.00,A,0.00, ,0, ,,S,,S,,Q,,Q,25.5, ,120, ,46.6, 
47,Brentwood,San Francisco Bay,1/26/2021,2300,026,0.00,A,0.02, ,0, ,,S,,S,,Q,,Q,28.5, ,119, ,46.2, 
47,Brentwood,San Francisco Bay,1/26/2021,2400,026,0.00,A,0.09, ,0, ,,S,,S,,Q,,Q,27.2, ,119, ,45.5, 
47,Brentwood,San Francisco Bay,1/27/2021,0100,027,0.00,A,0.19, ,0, ,,S,,S,,Q,,Q,25.3, ,118, ,44.1, 
47,Brentwood,San Francisco Bay,1/27/2021,0200,027,0.00,A,0.23, ,0, ,,S,,S,,Q,,Q,23.6, ,117, ,43.5, 
47,Brentwood,San Francisco Bay,1/27/2021,0300,027,0.00,A,0.10, ,0, ,,S,,S,,Q,,Q,25.2, ,116, ,43.6, 
47,Brentwood,San Francisco Bay,1/27/2021,0400,027,0.00,A,0.01, ,0, ,,S,,S,,Q,,Q,20.9, ,127, ,44.1, 
47,Brentwood,San Francisco Bay,1/27/2021,0500,027,0.00,A,0.03, ,0, ,,S,,S,,Q,,Q,15.2, ,129, ,44.4, 
47,Brentwood,San Francisco Bay,1/27/2021,0600,027,0.00,A,0.00, ,0, ,,S,,S,,Q,,Q,14.0, ,125, ,44.5, 
47,Brentwood,San Francisco Bay,1/27/2021,0700,027,0.00,A,0.00, ,0, ,,S,,S,,Q,,Q,14.3, ,130, ,44.6, 
47,Brentwood,San Francisco Bay,1/27/2021,0800,027,0.00,A,0.00, ,16, ,,S,,S,,Q,,Q,10.7, ,120, ,44.7, 
47,Brentwood,San Francisco Bay,1/27/2021,0900,027,0.00,A,0.00, ,90, ,,S,,S,,Q,,Q,11.0, ,121, ,44.7, 
47,Brentwood,San Francisco Bay,1/27/2021,1000,027,0.00,A,0.00, ,379, ,,S,,S,,Q,,Q,13.9, ,132, ,44.8, 
47,Brentwood,San Francisco Bay,1/27/2021,1100,027,0.01,A,0.00, ,395, ,,S,,S,,Q,,Q,16.1, ,124, ,45.2, 
47,Brentwood,San Francisco Bay,1/27/2021,1200,027,0.01,A,0.00, ,276, ,,S,,S,,Q,,Q,16.8, ,121, ,45.7, 
47,Brentwood,San Francisco Bay,1/27/2021,1300,027,0.01,A,0.00, ,266, ,,S,,S,,Q,,Q,18.1, ,116, ,46.2, 
47,Brentwood,San Francisco Bay,1/27/2021,1400,027,0.01,A,0.00, ,185, ,,S,,S,,Q,,Q,17.0, ,117, ,46.5, 
47,Brentwood,San Francisco Bay,1/27/2021,1500,027,0.01,A,0.02, ,100, ,,S,,S,,Q,,Q,18.0, ,120, ,46.8, 
47,Brentwood,San Francisco Bay,1/27/2021,1600,027,0.00,A,0.06, ,41, ,,S,,S,,Q,,Q,20.9, ,117, ,46.9, 
47,Brentwood,San Francisco Bay,1/27/2021,1700,027,0.00,A,0.07, ,14, ,,S,,S,,Q,,Q,20.3, ,111, ,46.8, 
47,Brentwood,San Francisco Bay,1/27/2021,1800,027,0.00,A,0.01, ,2, ,,S,,S,,Q,,Q,16.5, ,122, ,46.7, 
47,Brentwood,San Francisco Bay,1/27/2021,1900,027,0.00,A,0.03, ,0, ,,S,,S,,Q,,Q,14.8, ,134, ,46.6, 
47,Brentwood,San Francisco Bay,1/27/2021,2000,027,0.00,A,0.01, ,0, ,,S,,S,,Q,,Q,12.9, ,119, ,46.4, 
47,Brentwood,San Francisco Bay,1/27/2021,2100,027,0.00,A,0.00, ,0, ,,S,,S,,Q,,Q,5.2, ,111, ,46.3, 
47,Brentwood,San Francisco Bay,1/27/2021,2200,027,0.00,A,0.02, ,0, ,,S,,S,,Q,,Q,2.9, ,322, ,46.3, 
47,Brentwood,San Francisco Bay,1/27/2021,2300,027,0.00,A,0.00, ,0, ,,S,,S,,Q,,Q,3.4, ,80, ,46.4, 
47,Brentwood,San Francisco Bay,1/27/2021,2400,027,0.00,A,0.02, ,0, ,,S,,S,,Q,,Q,2.2, ,98, ,46.4, 
47,Brentwood,San Francisco Bay,1/28/2021,0100,028,0.00,A,0.01, ,0, ,,S,,S,,Q,,Q,9.5, ,125, ,46.5, 
47,Brentwood,San Francisco Bay,1/28/2021,0200,028,0.00,A,0.00, ,0, ,,S,,S,,Q,,Q,9.9, ,126, ,46.6, 
47,Brentwood,San Francisco Bay,1/28/2021,0300,028,0.00,A,0.04, ,0, ,,S,,S,,Q,,Q,8.9, ,133, ,46.7, 
47,Brentwood,San Francisco Bay,1/28/2021,0400,028,0.00,A,0.05, ,0, ,,S,,S,,Q,,Q,7.1, ,139, ,46.9, 
47,Brentwood,San Francisco Bay,1/28/2021,0500,028,0.00,A,0.02, ,0, ,,S,,S,,Q,,Q,7.7, ,124, ,47.0, 
47,Brentwood,San Francisco Bay,1/28/2021,0600,028,0.00,A,0.07, ,0, ,,S,,S,,Q,,Q,7.8, ,119, ,47.1, 
47,Brentwood,San Francisco Bay,1/28/2021,0700,028,0.00,A,0.07, ,0, ,,S,,S,,Q,,Q,6.8, ,126, ,47.1, 
47,Brentwood,San Francisco Bay,1/28/2021,0800,028,0.00,A,0.03, ,19, ,,S,,S,,Q,,Q,6.3, ,116, ,47.2, 
47,Brentwood,San Francisco Bay,1/28/2021,0900,028,0.00,A,0.02, ,99, ,,S,,S,,Q,,Q,8.5, ,113, ,47.2, 
47,Brentwood,San Francisco Bay,1/28/2021,1000,028,0.00,A,0.02, ,138, ,,S,,S,,Q,,Q,7.0, ,109, ,47.3, 
47,Brentwood,San Francisco Bay,1/28/2021,1100,028,0.01,A,0.11, ,91, ,,S,,S,,Q,,Q,5.2, ,100, ,47.6, 
47,Brentwood,San Francisco Bay,1/28/2021,1200,028,0.01,A,0.14, ,142, ,,S,,S,,Q,,Q,3.2, ,359, ,47.9, 
47,Brentwood,San Francisco Bay,1/28/2021,1300,028,0.01,A,0.00, ,178, ,,S,,S,,Q,,Q,5.7, ,100, ,48.2, 
47,Brentwood,San Francisco Bay,1/28/2021,1400,028,0.01,A,0.00, ,211, ,,S,,S,,Q,,Q,7.8, ,125, ,48.5, 
47,Brentwood,San Francisco Bay,1/28/2021,1500,028,0.01,A,0.00, ,277, ,,S,,S,,Q,,Q,7.4, ,126, ,48.7, 
47,Brentwood,San Francisco Bay,1/28/2021,1600,028,0.00,A,0.00, ,137, ,,S,,S,,Q,,Q,7.2, ,120, ,49.0, 
47,Brentwood,San Francisco Bay,1/28/2021,1700,028,0.00,A,0.00, ,68, ,,S,,S,,Q,,Q,8.5, ,117, ,49.1, 
47,Brentwood,San Francisco Bay,1/28/2021,1800,028,0.00,A,0.01, ,13, ,,S,,S,,Q,,Q,6.2, ,122, ,49.1, 
47,Brentwood,San Francisco Bay,1/28/2021,1900,028,0.00,A,0.01, ,0, ,,S,,S,,Q,,Q,6.7, ,117, ,49.0, 
47,Brentwood,San Francisco Bay,1/28/2021,2000,028,0.00,A,0.00, ,0, ,,S,,S,,Q,,Q,5.4, ,123, ,48.8, 
47,Brentwood,San Francisco Bay,1/28/2021,2100,028,0.00,A,0.00, ,0, ,,S,,S,,Q,,Q,6.0, ,113, ,48.7, 
47,Brentwood,San Francisco Bay,1/28/2021,2200,028,0.00,A,0.00, ,0, ,,S,,S,,Q,,Q,6.2, ,108, ,48.5, 
47,Brentwood,San Francisco Bay,1/28/2021,2300,028,0.00,A,0.00, ,0, ,,S,,S,,Q,,Q,4.4, ,109, ,48.3, 
47,Brentwood,San Francisco Bay,1/28/2021,2400,028,0.00,A,0.00, ,0, ,,S,,S,,Q,,Q,2.3, ,138, ,48.2, 
47,Brentwood,San Francisco Bay,1/29/2021,0100,029,0.00,A,0.00, ,0, ,,S,,S,,Q,,Q,3.9, ,96, ,48.0, 
47,Brentwood,San Francisco Bay,1/29/2021,0200,029,0.00,A,0.01, ,0, ,,S,,S,,Q,,Q,6.8, ,114, ,47.9, 
47,Brentwood,San Francisco Bay,1/29/2021,0300,029,0.00,A,0.00, ,0, ,,S,,S,,Q,,Q,6.6, ,124, ,47.8, 
47,Brentwood,San Francisco Bay,1/29/2021,0400,029,0.00,A,0.02, ,0, ,,S,,S,,Q,,Q,4.8, ,138, ,47.7, 
47,Brentwood,San Francisco Bay,1/29/2021,0500,029,0.00,A,0.02, ,0, ,,S,,S,,Q,,Q,2.1, ,205, ,47.6, 
47,Brentwood,San Francisco Bay,1/29/2021,0600,029,0.00,A,0.00, ,0, ,,S,,S,,Q,,Q,3.2, ,346, ,47.5, 
47,Brentwood,San Francisco Bay,1/29/2021,0700,029,0.00,A,0.00, ,0, ,,S,,S,,Q,,Q,2.3, ,169, ,47.3, 
47,Brentwood,San Francisco Bay,1/29/2021,0800,029,0.00,A,0.00, ,62, ,,S,,S,,Q,,Q,2.4, ,137, ,47.0, 
47,Brentwood,San Francisco Bay,1/29/2021,0900,029,0.00,A,0.00, ,231, ,,S,,S,,Q,,Q,1.8, ,164, ,46.7, 
47,Brentwood,San Francisco Bay,1/29/2021,1000,029,0.00,A,0.00, ,817, ,,S,,S,,Q,,Q,1.6, ,2, ,46.9, 
47,Brentwood,San Francisco Bay,1/29/2021,1100,029,0.01,A,0.00, ,726, ,,S,,S,,Q,,Q,4.5, ,6, ,47.9, 
47,Brentwood,San Francisco Bay,1/29/2021,1200,029,0.01,A,0.00, ,1183, ,,S,,S,,Q,,Q,4.1, ,22, ,49.2, 
47,Brentwood,San Francisco Bay,1/29/2021,1300,029,0.01,A,0.00, ,1464,Y,,S,,S,,Q,,Q,3.1, ,80, ,50.7, 
47,Brentwood,San Francisco Bay,1/29/2021,1400,029,0.01,A,0.00, ,764, ,,S,,S,,Q,,Q,5.2, ,349, ,52.4, 
47,Brentwood,San Francisco Bay,1/29/2021,1500,029,0.01,A,0.00, ,570, ,,S,,S,,Q,,Q,3.7, ,20, ,53.6, 
47,Brentwood,San Francisco Bay,1/29/2021,1600,029,0.00,A,0.00, ,596, ,,S,,S,,Q,,Q,2.7, ,62, ,54.0, 
47,Brentwood,San Francisco Bay,1/29/2021,1700,029,0.00,A,0.00, ,164, ,,S,,S,,Q,,Q,2.6, ,66, ,54.0, 
47,Brentwood,San Francisco Bay,1/29/2021,1800,029,0.00,A,0.00, ,10, ,,S,,S,,Q,,Q,2.7, ,13, ,53.7, 
47,Brentwood,San Francisco Bay,1/29/2021,1900,029,0.00,A,0.00, ,1, ,,S,,S,,Q,,Q,1.7, ,5, ,53.1, 
47,Brentwood,San Francisco Bay,1/29/2021,2000,029,0.00,A,0.00, ,0, ,,S,,S,,Q,,Q,3.3, ,225, ,52.3, 
47,Brentwood,San Francisco Bay,1/29/2021,2100,029,0.00,A,0.00, ,0, ,,S,,S,,Q,,Q,2.5, ,241, ,51.6, 
47,Brentwood,San Francisco Bay,1/29/2021,2200,029,0.00,A,0.00, ,0, ,,S,,S,,Q,,Q,3.2, ,228, ,50.9, 
47,Brentwood,San Francisco Bay,1/29/2021,2300,029,0.00,A,0.00, ,0, ,,S,,S,,Q,,Q,1.6, ,253, ,50.3, 
47,Brentwood,San Francisco Bay,1/29/2021,2400,029,0.00,A,0.00, ,0, ,,S,,S,,Q,,Q,1.8, ,128, ,49.9, 
47,Brentwood,San Francisco Bay,1/30/2021,0100,030,0.00,A,0.00, ,0, ,,S,,S,,Q,,Q,1.5, ,47, ,49.5, 
47,Brentwood,San Francisco Bay,1/30/2021,0200,030,0.00,A,0.00, ,0, ,,S,,S,,Q,,Q,2.1, ,196, ,49.1, 
47,Brentwood,San Francisco Bay,1/30/2021,0300,030,0.00,A,0.00, ,0, ,,S,,S,,Q,,Q,1.8, ,202, ,48.7, 
47,Brentwood,San Francisco Bay,1/30/2021,0400,030,0.00,A,0.00, ,0, ,,S,,S,,Q,,Q,1.8, ,161, ,48.5, 
47,Brentwood,San Francisco Bay,1/30/2021,0500,030,0.00,A,0.00, ,0, ,,S,,S,,Q,,Q,1.3, ,105, ,48.3, 
47,Brentwood,San Francisco Bay,1/30/2021,0600,030,0.00,A,0.00, ,0, ,,S,,S,,Q,,Q,1.2, ,175, ,48.1, 
47,Brentwood,San Francisco Bay,1/30/2021,0700,030,0.00,A,0.00, ,0, ,,S,,S,,Q,,Q,1.3, ,95, ,48.0, 
47,Brentwood,San Francisco Bay,1/30/2021,0800,030,0.00,A,0.00, ,54, ,,S,,S,,Q,,Q,1.4, ,24, ,47.8, 
47,Brentwood,San Francisco Bay,1/30/2021,0900,030,0.00,A,0.00, ,272, ,,S,,S,,Q,,Q,1.2, ,61, ,47.7, 
47,Brentwood,San Francisco Bay,1/30/2021,1000,030,0.00,A,0.00, ,521, ,,S,,S,,Q,,Q,1.4, ,84, ,47.9, 
47,Brentwood,San Francisco Bay,1/30/2021,1100,030,0.01,A,0.00, ,884, ,,S,,S,,Q,,Q,2.4, ,60, ,48.6, 
47,Brentwood,San Francisco Bay,1/30/2021,1200,030,0.01,A,0.00, ,1183, ,,S,,S,,Q,,Q,4.3, ,53, ,50.0, 
47,Brentwood,San Francisco Bay,1/30/2021,1300,030,0.01,A,0.00, ,1223, ,,S,,S,,Q,,Q,5.0, ,90, ,51.7, 
47,Brentwood,San Francisco Bay,1/30/2021,1400,030,0.01,A,0.00, ,1142, ,,S,,S,,Q,,Q,5.7, ,105, ,53.1, 
47,Brentwood,San Francisco Bay,1/30/2021,1500,030,0.01,A,0.00, ,909, ,,S,,S,,Q,,Q,6.6, ,113, ,54.2, 
47,Brentwood,San Francisco Bay,1/30/2021,1600,030,0.00,A,0.00, ,502, ,,S,,S,,Q,,Q,7.8, ,114, ,54.7, 
47,Brentwood,San Francisco Bay,1/30/2021,1700,030,0.00,A,0.00, ,109, ,,S,,S,,Q,,Q,6.7, ,111, ,54.8, 
47,Brentwood,San Francisco Bay,1/30/2021,1800,030,0.00,A,0.00, ,9, ,,S,,S,,Q,,Q,5.2, ,110, ,54.7, 
47,Brentwood,San Francisco Bay,1/30/2021,1900,030,0.00,A,0.00, ,0, ,,S,,S,,Q,,Q,6.5, ,107, ,54.3, 
47,Brentwood,San Francisco Bay,1/30/2021,2000,030,0.00,A,0.00, ,0, ,,S,,S,,Q,,Q,4.6, ,126, ,53.7, 
47,Brentwood,San Francisco Bay,1/30/2021,2100,030,0.00,A,0.00, ,0, ,,S,,S,,Q,,Q,1.8, ,153, ,53.2, 
47,Brentwood,San Francisco Bay,1/30/2021,2200,030,0.00,A,0.00, ,2, ,,S,,S,,Q,,Q,2.0, ,132, ,52.7, 
47,Brentwood,San Francisco Bay,1/30/2021,2300,030,0.00,A,0.00, ,1, ,,S,,S,,Q,,Q,2.1, ,201, ,52.3, 
47,Brentwood,San Francisco Bay,1/30/2021,2400,030,0.00,A,0.00, ,0, ,,S,,S,,Q,,Q,1.9, ,273, ,51.8, 
47,Brentwood,San Francisco Bay,1/31/2021,0100,031,0.00,A,0.00, ,0, ,,S,,S,,Q,,Q,1.7, ,287, ,51.4, 
47,Brentwood,San Francisco Bay,1/31/2021,0200,031,0.00,A,0.00, ,0, ,,S,,S,,Q,,Q,2.0, ,197, ,51.0, 
47,Brentwood,San Francisco Bay,1/31/2021,0300,031,0.00,A,0.00, ,1, ,,S,,S,,Q,,Q,2.9, ,82, ,50.8, 
47,Brentwood,San Francisco Bay,1/31/2021,0400,031,0.00,A,0.00, ,0, ,,S,,S,,Q,,Q,2.4, ,202, ,50.6, 
47,Brentwood,San Francisco Bay,1/31/2021,0500,031,0.00,A,0.00, ,1, ,,S,,S,,Q,,Q,1.6, ,337, ,50.5, 
47,Brentwood,San Francisco Bay,1/31/2021,0600,031,0.00,A,0.00, ,1, ,,S,,S,,Q,,Q,1.7, ,63, ,50.3, 
47,Brentwood,San Francisco Bay,1/31/2021,0700,031,0.00,A,0.00, ,1, ,,S,,S,,Q,,Q,1.3, ,116, ,50.2, 
47,Brentwood,San Francisco Bay,1/31/2021,0800,031,0.00,A,0.00, ,70, ,,S,,S,,Q,,Q,2.2, ,180, ,50.1, 
47,Brentwood,San Francisco Bay,1/31/2021,0900,031,0.00,A,0.00, ,397, ,,S,,S,,Q,,Q,1.7, ,197, ,49.9, 
47,Brentwood,San Francisco Bay,1/31/2021,1000,031,0.00,A,0.00, ,709, ,,S,,S,,Q,,Q,2.9, ,93, ,50.1, 
47,Brentwood,San Francisco Bay,1/31/2021,1100,031,0.01,A,0.00, ,906, ,,S,,S,,Q,,Q,2.6, ,61, ,50.9, 
47,Brentwood,San Francisco Bay,1/31/2021,1200,031,0.01,A,0.00, ,1141, ,,S,,S,,Q,,Q,3.8, ,81, ,52.2, 
47,Brentwood,San Francisco Bay,1/31/2021,1300,031,0.01,A,0.00, ,1119, ,,S,,S,,Q,,Q,3.2, ,81, ,53.7, 
47,Brentwood,San Francisco Bay,1/31/2021,1400,031,0.01,A,0.00, ,873, ,,S,,S,,Q,,Q,5.1, ,115, ,55.1, 
47,Brentwood,San Francisco Bay,1/31/2021,1500,031,0.01,A,0.00, ,717, ,,S,,S,,Q,,Q,4.4, ,101, ,56.1, 
47,Brentwood,San Francisco Bay,1/31/2021,1600,031,0.00,A,0.00, ,411, ,,S,,S,,Q,,Q,5.0, ,98, ,56.7, 
47,Brentwood,San Francisco Bay,1/31/2021,1700,031,0.00,A,0.00, ,159, ,,S,,S,,Q,,Q,5.0, ,93, ,56.9, 
47,Brentwood,San Francisco Bay,1/31/2021,1800,031,0.00,A,0.00, ,15, ,,S,,S,,Q,,Q,4.5, ,105, ,56.7, 
47,Brentwood,San Francisco Bay,1/31/2021,1900,031,0.00,A,0.00, ,0, ,,S,,S,,Q,,Q,3.6, ,118, ,56.3, 
47,Brentwood,San Francisco Bay,1/31/2021,2000,031,0.00,A,0.00, ,0, ,,S,,S,,Q,,Q,2.3, ,159, ,55.9, 
47,Brentwood,San Francisco Bay,1/31/2021,2100,031,0.00,A,0.00, ,0, ,,S,,S,,Q,,Q,2.1, ,129, ,55.5, 
47,Brentwood,San Francisco Bay,1/31/2021,2200,031,0.00,A,0.00, ,0, ,,S,,S,,Q,,Q,1.2, ,152, ,55.1, 
47,Brentwood,San Francisco Bay,1/31/2021,2300,031,0.00,A,0.00, ,0, ,,S,,S,,Q,,Q,2.2, ,75, ,54.7, 
47,Brentwood,San Francisco Bay,1/31/2021,2400,031,0.00,A,0.00, ,0, ,,S,,S,,Q,,Q,2.0, ,177, ,54.3, 
47,Brentwood,San Francisco Bay,2/1/2021,0100,032,0.00,A,0.00, ,0, ,,S,,S,,Q,,Q,2.0, ,330, ,54.0, 
47,Brentwood,San Francisco Bay,2/1/2021,0200,032,0.00,A,0.00, ,0, ,,S,,S,,Q,,Q,2.7, ,280, ,53.6, 
47,Brentwood,San Francisco Bay,2/1/2021,0300,032,0.00,A,0.00, ,2, ,,S,,S,,Q,,Q,2.6, ,295, ,53.2, 
47,Brentwood,San Francisco Bay,2/1/2021,0400,032,0.00,A,0.00, ,2, ,,S,,S,,Q,,Q,3.3, ,288, ,52.8, 
47,Brentwood,San Francisco Bay,2/1/2021,0500,032,0.00,A,0.00, ,0, ,,S,,S,,Q,,Q,3.5, ,283, ,52.3, 
47,Brentwood,San Francisco Bay,2/1/2021,0600,032,0.00,A,0.00, ,0, ,,S,,S,,Q,,Q,2.4, ,154, ,51.8, 
47,Brentwood,San Francisco Bay,2/1/2021,0700,032,0.00,A,0.00, ,0, ,,S,,S,,Q,,Q,1.5, ,192, ,51.2, 
47,Brentwood,San Francisco Bay,2/1/2021,0800,032,0.00,A,0.00, ,25, ,,S,,S,,Q,,Q,2.0, ,200, ,50.8, 
47,Brentwood,San Francisco Bay,2/1/2021,0900,032,0.00,A,0.00, ,168, ,,S,,S,,Q,,Q,4.0, ,231, ,50.4, 
47,Brentwood,San Francisco Bay,2/1/2021,1000,032,0.00,A,0.00, ,303, ,,S,,S,,Q,,Q,3.2, ,286, ,50.3, 
47,Brentwood,San Francisco Bay,2/1/2021,1100,032,0.01,A,0.00, ,726, ,,S,,S,,Q,,Q,2.0, ,40, ,50.6, 
47,Brentwood,San Francisco Bay,2/1/2021,1200,032,0.01,A,0.00, ,958, ,,S,,S,,Q,,Q,3.3, ,67, ,51.7, 
47,Brentwood,San Francisco Bay,2/1/2021,1300,032,0.01,A,0.00, ,1231, ,,S,,S,,Q,,Q,4.7, ,37, ,53.2, 
47,Brentwood,San Francisco Bay,2/1/2021,1400,032,0.01,A,0.00, ,1149, ,,S,,S,,Q,,Q,5.0, ,32, ,54.8, 
47,Brentwood,San Francisco Bay,2/1/2021,1500,032,0.01,A,0.00, ,411, ,,S,,S,,Q,,Q,14.5, ,204, ,56.0, 
47,Brentwood,San Francisco Bay,2/1/2021,1600,032,0.00,A,0.00, ,633, ,,S,,S,,Q,,Q,18.9, ,203, ,56.3, 
47,Brentwood,San Francisco Bay,2/1/2021,1700,032,0.00,A,0.00, ,295, ,,S,,S,,Q,,Q,17.3, ,200, ,56.2, 
47,Brentwood,San Francisco Bay,2/1/2021,1800,032,0.00,A,0.00, ,13, ,,S,,S,,Q,,Q,12.3, ,196, ,56.0, 
47,Brentwood,San Francisco Bay,2/1/2021,1900,032,0.00,A,0.00, ,0, ,,S,,S,,Q,,Q,9.3, ,192, ,55.7, 
47,Brentwood,San Francisco Bay,2/1/2021,2000,032,0.00,A,0.00, ,0, ,,S,,S,,Q,,Q,8.4, ,168, ,55.2, 
47,Brentwood,San Francisco Bay,2/1/2021,2100,032,0.00,A,0.00, ,0, ,,S,,S,,Q,,Q,4.6, ,115, ,54.7, 
47,Brentwood,San Francisco Bay,2/1/2021,2200,032,0.00,A,0.00, ,0, ,,S,,S,,Q,,Q,3.0, ,90, ,54.3, 
47,Brentwood,San Francisco Bay,2/1/2021,2300,032,0.00,A,0.00, ,0, ,,S,,S,,Q,,Q,4.4, ,231, ,54.0, 
47,Brentwood,San Francisco Bay,2/1/2021,2400,032,0.00,A,0.00, ,0, ,,S,,S,,Q,,Q,3.9, ,69, ,53.8, 
47,Brentwood,San Francisco Bay,2/2/2021,0100,033,0.00,A,0.00, ,0, ,,S,,S,,Q,,Q,4.7, ,146, ,53.6, 
47,Brentwood,San Francisco Bay,2/2/2021,0200,033,0.00,A,0.00, ,0, ,,S,,S,,Q,,Q,3.9, ,46, ,53.5, 
47,Brentwood,San Francisco Bay,2/2/2021,0300,033,0.00,A,0.01, ,0, ,,S,,S,,Q,,Q,2.8, ,336, ,53.5, 
47,Brentwood,San Francisco Bay,2/2/2021,0400,033,0.00,A,0.00, ,0, ,,S,,S,,Q,,Q,3.6, ,11, ,53.4, 
47,Brentwood,San Francisco Bay,2/2/2021,0500,033,0.00,A,0.00, ,0, ,,S,,S,,Q,,Q,2.3, ,145, ,53.3, 
47,Brentwood,San Francisco Bay,2/2/2021,0600,033,0.00,A,0.01, ,0, ,,S,,S,,Q,,Q,3.2, ,115, ,53.2, 
47,Brentwood,San Francisco Bay,2/2/2021,0700,033,0.00,A,0.00, ,0, ,,S,,S,,Q,,Q,3.4, ,65, ,53.2, 
47,Brentwood,San Francisco Bay,2/2/2021,0800,033,0.00,A,0.00, ,21, ,,S,,S,,Q,,Q,3.9, ,115, ,53.1, 
47,Brentwood,San Francisco Bay,2/2/2021,0900,033,0.00,A,0.01, ,138, ,,S,,S,,Q,,Q,2.1, ,148, ,53.0, 
47,Brentwood,San Francisco Bay,2/2/2021,1000,033,0.00,A,0.01, ,180, ,,S,,S,,Q,,Q,2.1, ,74, ,53.0, 
47,Brentwood,San Francisco Bay,2/2/2021,1100,033,0.01,A,0.00, ,379, ,,S,,S,,Q,,Q,2.7, ,54, ,53.3, 
47,Brentwood,San Francisco Bay,2/2/2021,1200,033,0.01,A,0.00, ,790, ,,S,,S,,Q,,Q,4.1, ,109, ,53.9, 
47,Brentwood,San Francisco Bay,2/2/2021,1300,033,0.01,A,0.00, ,571, ,,S,,S,,Q,,Q,4.1, ,100, ,54.8, 
47,Brentwood,San Francisco Bay,2/2/2021,1400,033,0.01,A,0.00, ,724, ,,S,,S,,Q,,Q,3.7, ,119, ,55.7, 
47,Brentwood,San Francisco Bay,2/2/2021,1500,033,0.01,A,0.00, ,440, ,,S,,S,,Q,,Q,5.0, ,65, ,56.5, 
47,Brentwood,San Francisco Bay,2/2/2021,1600,033,0.00,A,0.00, ,417, ,,S,,S,,Q,,Q,4.4, ,38, ,57.1, 
47,Brentwood,San Francisco Bay,2/2/2021,1700,033,0.00,A,0.00, ,405, ,,S,,S,,Q,,Q,4.5, ,73, ,57.3, 
47,Brentwood,San Francisco Bay,2/2/2021,1800,033,0.00,A,0.00, ,72, ,,S,,S,,Q,,Q,4.5, ,79, ,57.3, 
47,Brentwood,San Francisco Bay,2/2/2021,1900,033,0.00,A,0.00, ,0, ,,S,,S,,Q,,Q,4.1, ,278, ,57.0, 
47,Brentwood,San Francisco Bay,2/2/2021,2000,033,0.00,A,0.00, ,0, ,,S,,S,,Q,,Q,4.1, ,306, ,56.4, 
47,Brentwood,San Francisco Bay,2/2/2021,2100,033,0.00,A,0.00, ,0, ,,S,,S,,Q,,Q,4.4, ,285, ,55.7, 
47,Brentwood,San Francisco Bay,2/2/2021,2200,033,0.00,A,0.00, ,1, ,,S,,S,,Q,,Q,4.5, ,264, ,54.9, 
47,Brentwood,San Francisco Bay,2/2/2021,2300,033,0.00,A,0.00, ,2, ,,S,,S,,Q,,Q,4.8, ,228, ,54.2, 
47,Brentwood,San Francisco Bay,2/2/2021,2400,033,0.00,A,0.00, ,1, ,,S,,S,,Q,,Q,3.7, ,241, ,53.5, 
47,Brentwood,San Francisco Bay,2/3/2021,0100,034,0.00,A,0.00, ,0, ,,S,,S,,Q,,Q,4.4, ,190, ,52.7, 
47,Brentwood,San Francisco Bay,2/3/2021,0200,034,0.00,A,0.00, ,0, ,,S,,S,,Q,,Q,2.9, ,290, ,52.1, 
47,Brentwood,San Francisco Bay,2/3/2021,0300,034,0.00,A,0.00, ,0, ,,S,,S,,Q,,Q,4.0, ,233, ,51.4, 
47,Brentwood,San Francisco Bay,2/3/2021,0400,034,0.00,A,0.00, ,0, ,,S,,S,,Q,,Q,4.8, ,255, ,50.8, 
47,Brentwood,San Francisco Bay,2/3/2021,0500,034,0.00,A,0.00, ,0, ,,S,,S,,Q,,Q,8.1, ,262, ,50.2, 
47,Brentwood,San Francisco Bay,2/3/2021,0600,034,0.00,A,0.00, ,0, ,,S,,S,,Q,,Q,6.1, ,239, ,49.7, 
47,Brentwood,San Francisco Bay,2/3/2021,0700,034,0.00,A,0.00, ,1, ,,S,,S,,Q,,Q,5.4, ,240, ,49.3, 
47,Brentwood,San Francisco Bay,2/3/2021,0800,034,0.00,A,0.00, ,111, ,,S,,S,,Q,,Q,3.3, ,220, ,48.9, 
47,Brentwood,San Francisco Bay,2/3/2021,0900,034,0.00,A,0.00, ,433, ,,S,,S,,Q,,Q,4.5, ,209, ,48.5, 
47,Brentwood,San Francisco Bay,2/3/2021,1000,034,0.00,A,0.00, ,833, ,,S,,S,,Q,,Q,5.2, ,288, ,48.7, 
47,Brentwood,San Francisco Bay,2/3/2021,1100,034,0.01,A,0.00, ,616, ,,S,,S,,Q,,Q,8.2, ,287, ,49.7, 
47,Brentwood,San Francisco Bay,2/3/2021,1200,034,0.01,A,0.00, ,920, ,,S,,S,,Q,,Q,8.3, ,280, ,50.8, 
47,Brentwood,San Francisco Bay,2/3/2021,1300,034,0.01,A,0.00, ,1033, ,,S,,S,,Q,,Q,7.9, ,274, ,51.9, 
47,Brentwood,San Francisco Bay,2/3/2021,1400,034,0.01,A,0.00, ,1241, ,,S,,S,,Q,,Q,5.7, ,255, ,53.1, 
47,Brentwood,San Francisco Bay,2/3/2021,1500,034,0.01,A,0.00, ,894, ,,S,,S,,Q,,Q,6.4, ,265, ,54.3, 
47,Brentwood,San Francisco Bay,2/3/2021,1600,034,0.00,A,0.00, ,555, ,,S,,S,,Q,,Q,8.5, ,265, ,55.3, 
47,Brentwood,San Francisco Bay,2/3/2021,1700,034,0.00,A,0.00, ,212, ,,S,,S,,Q,,Q,8.2, ,281, ,55.6, 
47,Brentwood,San Francisco Bay,2/3/2021,1800,034,0.00,A,0.00, ,21, ,,S,,S,,Q,,Q,9.1, ,275, ,55.5, 
47,Brentwood,San Francisco Bay,2/3/2021,1900,034,0.00,A,0.00, ,0, ,,S,,S,,Q,,Q,5.1, ,272, ,55.1, 
47,Brentwood,San Francisco Bay,2/3/2021,2000,034,0.00,A,0.00, ,0, ,,S,,S,,Q,,Q,5.7, ,266, ,54.5, 
47,Brentwood,San Francisco Bay,2/3/2021,2100,034,0.00,A,0.00, ,2, ,,S,,S,,Q,,Q,4.4, ,259, ,53.8, 
47,Brentwood,San Francisco Bay,2/3/2021,2200,034,0.00,A,0.00, ,1, ,,S,,S,,Q,,Q,3.8, ,264, ,53.1, 
47,Brentwood,San Francisco Bay,2/3/2021,2300,034,0.00,A,0.00, ,0, ,,S,,S,,Q,,Q,7.7, ,290, ,52.5, 
47,Brentwood,San Francisco Bay,2/3/2021,2400,034,0.00,A,0.00, ,0, ,,S,,S,,Q,,Q,6.4, ,295, ,51.9, 
47,Brentwood,San Francisco Bay,2/4/2021,0100,035,0.00,A,0.00, ,0, ,,S,,S,,Q,,Q,5.5, ,281, ,51.5, 
47,Brentwood,San Francisco Bay,2/4/2021,0200,035,0.00,A,0.00, ,0, ,,S,,S,,Q,,Q,6.9, ,317, ,51.0, 
47,Brentwood,San Francisco Bay,2/4/2021,0300,035,0.00,A,0.00, ,0, ,,S,,S,,Q,,Q,6.6, ,320, ,50.5, 
47,Brentwood,San Francisco Bay,2/4/2021,0400,035,0.00,A,0.00, ,0, ,,S,,S,,Q,,Q,8.6, ,320, ,50.1, 
47,Brentwood,San Francisco Bay,2/4/2021,0500,035,0.00,A,0.00, ,0, ,,S,,S,,Q,,Q,7.5, ,321, ,49.6, 
47,Brentwood,San Francisco Bay,2/4/2021,0600,035,0.00,A,0.00, ,0, ,,S,,S,,Q,,Q,5.7, ,300, ,49.2, 
47,Brentwood,San Francisco Bay,2/4/2021,0700,035,0.00,A,0.00, ,2, ,,S,,S,,Q,,Q,4.5, ,300, ,48.7, 
47,Brentwood,San Francisco Bay,2/4/2021,0800,035,0.00,A,0.00, ,113, ,,S,,S,,Q,,Q,4.2, ,300, ,48.2, 
47,Brentwood,San Francisco Bay,2/4/2021,0900,035,0.00,A,0.00, ,440, ,,S,,S,,Q,,Q,6.8, ,313, ,47.8, 
47,Brentwood,San Francisco Bay,2/4/2021,1000,035,0.00,A,0.00, ,796, ,,S,,S,,Q,,Q,10.6, ,333, ,48.0, 
47,Brentwood,San Francisco Bay,2/4/2021,1100,035,0.01,A,0.00, ,1076, ,,S,,S,,Q,,Q,9.7, ,334, ,48.7, 
47,Brentwood,San Francisco Bay,2/4/2021,1200,035,0.01,A,0.00, ,1245, ,,S,,S,,Q,,Q,9.0, ,344, ,49.8, 
47,Brentwood,San Francisco Bay,2/4/2021,1300,035,0.01,A,0.00, ,1292, ,,S,,S,,Q,,Q,9.5, ,340, ,51.2, 
47,Brentwood,San Francisco Bay,2/4/2021,1400,035,0.01,A,0.00, ,1213, ,,S,,S,,Q,,Q,10.4, ,332, ,52.4, 
47,Brentwood,San Francisco Bay,2/4/2021,1500,035,0.01,A,0.00, ,1008, ,,S,,S,,Q,,Q,9.6, ,344, ,53.5, 
47,Brentwood,San Francisco Bay,2/4/2021,1600,035,0.00,A,0.00, ,690, ,,S,,S,,Q,,Q,7.4, ,349, ,54.1, 
47,Brentwood,San Francisco Bay,2/4/2021,1700,035,0.00,A,0.00, ,347, ,,S,,S,,Q,,Q,3.9, ,33, ,54.4, 
47,Brentwood,San Francisco Bay,2/4/2021,1800,035,0.00,A,0.00, ,44, ,,S,,S,,Q,,Q,2.5, ,115, ,54.4, 
47,Brentwood,San Francisco Bay,2/4/2021,1900,035,0.00,A,0.00, ,0, ,,S,,S,,Q,,Q,3.4, ,184, ,54.0, 
47,Brentwood,San Francisco Bay,2/4/2021,2000,035,0.00,A,0.00, ,1, ,,S,,S,,Q,,Q,4.4, ,206, ,53.4, 
47,Brentwood,San Francisco Bay,2/4/2021,2100,035,0.00,A,0.00, ,2, ,,S,,S,,Q,,Q,5.5, ,271, ,52.8, 
47,Brentwood,San Francisco Bay,2/4/2021,2200,035,0.00,A,0.00, ,1, ,,S,,S,,Q,,Q,7.2, ,287, ,52.1, 
47,Brentwood,San Francisco Bay,2/4/2021,2300,035,0.00,A,0.00, ,2, ,,S,,S,,Q,,Q,4.6, ,294, ,51.6, 
47,Brentwood,San Francisco Bay,2/4/2021,2400,035,0.00,A,0.00, ,1, ,,S,,S,,Q,,Q,5.5, ,276, ,51.0, 
47,Brentwood,San Francisco Bay,2/5/2021,0100,036,0.00,A,0.00, ,1, ,,S,,S,,Q,,Q,5.7, ,286, ,50.5, 
47,Brentwood,San Francisco Bay,2/5/2021,0200,036,0.00,A,0.00, ,0, ,,S,,S,,Q,,Q,3.7, ,282, ,50.0, 
47,Brentwood,San Francisco Bay,2/5/2021,0300,036,0.00,A,0.00, ,0, ,,S,,S,,Q,,Q,3.1, ,293, ,49.5, 
47,Brentwood,San Francisco Bay,2/5/2021,0400,036,0.00,A,0.00, ,0, ,,S,,S,,Q,,Q,2.9, ,316, ,49.0, 
47,Brentwood,San Francisco Bay,2/5/2021,0500,036,0.00,A,0.00, ,0, ,,S,,S,,Q,,Q,2.1, ,252, ,48.4, 
47,Brentwood,San Francisco Bay,2/5/2021,0600,036,0.00,A,0.00, ,0, ,,S,,S,,Q,,Q,3.9, ,293, ,47.9, 
47,Brentwood,San Francisco Bay,2/5/2021,0700,036,0.00,A,0.00, ,1, ,,S,,S,,Q,,Q,3.2, ,301, ,47.4, 
47,Brentwood,San Francisco Bay,2/5/2021,0800,036,0.00,A,0.00, ,117, ,,S,,S,,Q,,Q,1.5, ,333, ,46.9, 
47,Brentwood,San Francisco Bay,2/5/2021,0900,036,0.00,A,0.00, ,453, ,,S,,S,,Q,,Q,3.4, ,5, ,46.5, 
47,Brentwood,San Francisco Bay,2/5/2021,1000,036,0.00,A,0.00, ,814, ,,S,,S,,Q,,Q,4.3, ,356, ,46.8, 
47,Brentwood,San Francisco Bay,2/5/2021,1100,036,0.01,A,0.00, ,1099, ,,S,,S,,Q,,Q,5.8, ,342, ,47.9, 
47,Brentwood,San Francisco Bay,2/5/2021,1200,036,0.01,A,0.00, ,1269, ,,S,,S,,Q,,Q,5.7, ,334, ,49.5, 
47,Brentwood,San Francisco Bay,2/5/2021,1300,036,0.01,A,0.00, ,1316, ,,S,,S,,Q,,Q,6.6, ,315, ,51.4, 
47,Brentwood,San Francisco Bay,2/5/2021,1400,036,0.01,A,0.00, ,1239, ,,S,,S,,Q,,Q,7.4, ,310, ,53.1, 
47,Brentwood,San Francisco Bay,2/5/2021,1500,036,0.01,A,0.00, ,1037, ,,S,,S,,Q,,Q,7.2, ,331, ,54.5, 
47,Brentwood,San Francisco Bay,2/5/2021,1600,036,0.00,A,0.00, ,720, ,,S,,S,,Q,,Q,8.9, ,7, ,55.4, 
47,Brentwood,San Francisco Bay,2/5/2021,1700,036,0.00,A,0.00, ,344, ,,S,,S,,Q,,Q,6.4, ,355, ,55.7, 
47,Brentwood,San Francisco Bay,2/5/2021,1800,036,0.00,A,0.00, ,48, ,,S,,S,,Q,,Q,2.4, ,36, ,55.6, 
47,Brentwood,San Francisco Bay,2/5/2021,1900,036,0.00,A,0.00, ,0, ,,S,,S,,Q,,Q,3.0, ,168, ,55.2, 
47,Brentwood,San Francisco Bay,2/5/2021,2000,036,0.00,A,0.00, ,0, ,,S,,S,,Q,,Q,2.3, ,215, ,54.6, 
47,Brentwood,San Francisco Bay,2/5/2021,2100,036,0.00,A,0.00, ,2, ,,S,,S,,Q,,Q,1.9, ,249, ,53.8, 
47,Brentwood,San Francisco Bay,2/5/2021,2200,036,0.00,A,0.00, ,1, ,,S,,S,,Q,,Q,2.2, ,251, ,53.0, 
47,Brentwood,San Francisco Bay,2/5/2021,2300,036,0.00,A,0.00, ,0, ,,S,,S,,Q,,Q,2.1, ,267, ,52.2, 
47,Brentwood,San Francisco Bay,2/5/2021,2400,036,0.00,A,0.00, ,0, ,,S,,S,,Q,,Q,1.6, ,238, ,51.4, 
47,Brentwood,San Francisco Bay,2/6/2021,0100,037,0.00,A,0.00, ,0, ,,S,,S,,Q,,Q,3.3, ,246, ,50.7, 
47,Brentwood,San Francisco Bay,2/6/2021,0200,037,0.00,A,0.00, ,0, ,,S,,S,,Q,,Q,4.2, ,255, ,50.1, 
47,Brentwood,San Francisco Bay,2/6/2021,0300,037,0.00,A,0.00, ,0, ,,S,,S,,Q,,Q,4.2, ,272, ,49.6, 
47,Brentwood,San Francisco Bay,2/6/2021,0400,037,0.00,A,0.00, ,0, ,,S,,S,,Q,,Q,2.7, ,7, ,49.2, 
47,Brentwood,San Francisco Bay,2/6/2021,0500,037,0.00,A,0.00, ,0, ,,S,,S,,Q,,Q,4.1, ,253, ,48.7, 
47,Brentwood,San Francisco Bay,2/6/2021,0600,037,0.00,A,0.00, ,0, ,,S,,S,,Q,,Q,5.8, ,262, ,48.2, 
47,Brentwood,San Francisco Bay,2/6/2021,0700,037,0.00,A,0.00, ,2, ,,S,,S,,Q,,Q,5.2, ,261, ,47.8, 
47,Brentwood,San Francisco Bay,2/6/2021,0800,037,0.00,A,0.00, ,124, ,,S,,S,,Q,,Q,3.1, ,271, ,47.5, 
47,Brentwood,San Francisco Bay,2/6/2021,0900,037,0.00,A,0.00, ,466, ,,S,,S,,Q,,Q,2.5, ,307, ,47.3, 
47,Brentwood,San Francisco Bay,2/6/2021,1000,037,0.00,A,0.00, ,830, ,,S,,S,,Q,,Q,8.2, ,316, ,47.7, 
47,Brentwood,San Francisco Bay,2/6/2021,1100,037,0.01,A,0.00, ,1110, ,,S,,S,,Q,,Q,8.4, ,336, ,48.8, 
47,Brentwood,San Francisco Bay,2/6/2021,1200,037,0.01,A,0.00, ,1279, ,,S,,S,,Q,,Q,7.9, ,333, ,50.3, 
47,Brentwood,San Francisco Bay,2/6/2021,1300,037,0.01,A,0.00, ,1327, ,,S,,S,,Q,,Q,7.3, ,332, ,51.9, 
47,Brentwood,San Francisco Bay,2/6/2021,1400,037,0.01,A,0.00, ,1244, ,,S,,S,,Q,,Q,6.3, ,338, ,53.5, 
47,Brentwood,San Francisco Bay,2/6/2021,1500,037,0.01,A,0.00, ,1038, ,,S,,S,,Q,,Q,5.3, ,336, ,54.9, 
47,Brentwood,San Francisco Bay,2/6/2021,1600,037,0.00,A,0.00, ,727, ,,S,,S,,Q,,Q,5.0, ,354, ,55.8, 
47,Brentwood,San Francisco Bay,2/6/2021,1700,037,0.00,A,0.00, ,351, ,,S,,S,,Q,,Q,4.1, ,347, ,56.2, 
47,Brentwood,San Francisco Bay,2/6/2021,1800,037,0.00,A,0.00, ,32, ,,S,,S,,Q,,Q,4.3, ,321, ,56.2, 
47,Brentwood,San Francisco Bay,2/6/2021,1900,037,0.00,A,0.00, ,0, ,,S,,S,,Q,,Q,4.7, ,264, ,55.8, 
47,Brentwood,San Francisco Bay,2/6/2021,2000,037,0.00,A,0.00, ,0, ,,S,,S,,Q,,Q,2.7, ,142, ,55.1, 
47,Brentwood,San Francisco Bay,2/6/2021,2100,037,0.00,A,0.00, ,0, ,,S,,S,,Q,,Q,3.4, ,179, ,54.4, 
47,Brentwood,San Francisco Bay,2/6/2021,2200,037,0.00,A,0.00, ,2, ,,S,,S,,Q,,Q,3.5, ,169, ,53.6, 
47,Brentwood,San Francisco Bay,2/6/2021,2300,037,0.00,A,0.00, ,0, ,,S,,S,,Q,,Q,2.2, ,262, ,52.9, 
47,Brentwood,San Francisco Bay,2/6/2021,2400,037,0.00,A,0.00, ,0, ,,S,,S,,Q,,Q,2.1, ,261, ,52.2, 
47,Brentwood,San Francisco Bay,2/7/2021,0100,038,0.00,A,0.00, ,0, ,,S,,S,,Q,,Q,1.9, ,220, ,51.5, 
47,Brentwood,San Francisco Bay,2/7/2021,0200,038,0.00,A,0.00, ,0, ,,S,,S,,Q,,Q,2.3, ,241, ,50.8, 
47,Brentwood,San Francisco Bay,2/7/2021,0300,038,0.00,A,0.00, ,0, ,,S,,S,,Q,,Q,2.7, ,302, ,50.1, 
47,Brentwood,San Francisco Bay,2/7/2021,0400,038,0.00,A,0.00, ,0, ,,S,,S,,Q,,Q,3.1, ,259, ,49.5, 
47,Brentwood,San Francisco Bay,2/7/2021,0500,038,0.00,A,0.00, ,0, ,,S,,S,,Q,,Q,3.3, ,281, ,48.9, 
47,Brentwood,San Francisco Bay,2/7/2021,0600,038,0.00,A,0.00, ,0, ,,S,,S,,Q,,Q,2.9, ,317, ,48.4, 
47,Brentwood,San Francisco Bay,2/7/2021,0700,038,0.00,A,0.00, ,2, ,,S,,S,,Q,,Q,3.2, ,268, ,47.9, 
47,Brentwood,San Francisco Bay,2/7/2021,0800,038,0.00,A,0.00, ,115, ,,S,,S,,Q,,Q,2.8, ,241, ,47.5, 
47,Brentwood,San Francisco Bay,2/7/2021,0900,038,0.00,A,0.00, ,439, ,,S,,S,,Q,,Q,3.0, ,308, ,47.2, 
47,Brentwood,San Francisco Bay,2/7/2021,1000,038,0.00,A,0.00, ,795, ,,S,,S,,Q,,Q,4.7, ,323, ,47.6, 
47,Brentwood,San Francisco Bay,2/7/2021,1100,038,0.01,A,0.00, ,1087, ,,S,,S,,Q,,Q,4.4, ,345, ,48.7, 
47,Brentwood,San Francisco Bay,2/7/2021,1200,038,0.01,A,0.00, ,1259, ,,S,,S,,Q,,Q,3.0, ,356, ,50.4, 
47,Brentwood,San Francisco Bay,2/7/2021,1300,038,0.01,A,0.00, ,1312, ,,S,,S,,Q,,Q,2.8, ,1, ,52.3, 
47,Brentwood,San Francisco Bay,2/7/2021,1400,038,0.01,A,0.00, ,1234, ,,S,,S,,Q,,Q,3.1, ,75, ,54.3, 
47,Brentwood,San Francisco Bay,2/7/2021,1500,038,0.01,A,0.00, ,1006, ,,S,,S,,Q,,Q,3.0, ,131, ,55.9, 
47,Brentwood,San Francisco Bay,2/7/2021,1600,038,0.01,A,0.00, ,628, ,,S,,S,,Q,,Q,2.8, ,357, ,56.8, 
47,Brentwood,San Francisco Bay,2/7/2021,1700,038,0.00,A,0.00, ,235, ,,S,,S,,Q,,Q,3.9, ,350, ,57.3, 
47,Brentwood,San Francisco Bay,2/7/2021,1800,038,0.00,A,0.00, ,50, ,,S,,S,,Q,,Q,2.6, ,52, ,57.1, 
47,Brentwood,San Francisco Bay,2/7/2021,1900,038,0.00,A,0.00, ,0, ,,S,,S,,Q,,Q,2.9, ,167, ,56.5, 
47,Brentwood,San Francisco Bay,2/7/2021,2000,038,0.00,A,0.00, ,0, ,,S,,S,,Q,,Q,3.8, ,189, ,55.8, 
47,Brentwood,San Francisco Bay,2/7/2021,2100,038,0.00,A,0.00, ,0, ,,S,,S,,Q,,Q,3.0, ,199, ,55.0, 
47,Brentwood,San Francisco Bay,2/7/2021,2200,038,0.00,A,0.00, ,2, ,,S,,S,,Q,,Q,2.5, ,194, ,54.3, 
47,Brentwood,San Francisco Bay,2/7/2021,2300,038,0.00,A,0.00, ,0, ,,S,,S,,Q,,Q,2.6, ,204, ,53.5, 
47,Brentwood,San Francisco Bay,2/7/2021,2400,038,0.00,A,0.00, ,0, ,,S,,S,,Q,,Q,3.7, ,196, ,52.7, 
47,Brentwood,San Francisco Bay,2/8/2021,0100,039,0.00,A,0.00, ,0, ,,S,,S,,Q,,Q,2.3, ,184, ,52.0, 
47,Brentwood,San Francisco Bay,2/8/2021,0200,039,0.00,A,0.00, ,0, ,,S,,S,,Q,,Q,2.4, ,340, ,51.3, 
47,Brentwood,San Francisco Bay,2/8/2021,0300,039,0.00,A,0.00, ,0, ,,S,,S,,Q,,Q,2.0, ,248, ,50.6, 
47,Brentwood,San Francisco Bay,2/8/2021,0400,039,0.00,A,0.00, ,0, ,,S,,S,,Q,,Q,3.1, ,231, ,49.9, 
47,Brentwood,San Francisco Bay,2/8/2021,0500,039,0.00,A,0.00, ,0, ,,S,,S,,Q,,Q,3.0, ,265, ,49.3, 
47,Brentwood,San Francisco Bay,2/8/2021,0600,039,0.00,A,0.00, ,0, ,,S,,S,,Q,,Q,2.0, ,308, ,48.8, 
47,Brentwood,San Francisco Bay,2/8/2021,0700,039,0.00,A,0.00, ,1, ,,S,,S,,Q,,Q,3.5, ,285, ,48.3, 
47,Brentwood,San Francisco Bay,2/8/2021,0800,039,0.00,A,0.00, ,48, ,,S,,S,,Q,,Q,4.5, ,317, ,47.9, 
47,Brentwood,San Francisco Bay,2/8/2021,0900,039,0.00,A,0.00, ,296, ,,S,,S,,Q,,Q,3.8, ,323, ,47.9, 
47,Brentwood,San Francisco Bay,2/8/2021,1000,039,0.00,A,0.00, ,640, ,,S,,S,,Q,,Q,6.3, ,317, ,48.3, 
47,Brentwood,San Francisco Bay,2/8/2021,1100,039,0.01,A,0.00, ,1053, ,,S,,S,,Q,,Q,7.5, ,330, ,49.0, 
47,Brentwood,San Francisco Bay,2/8/2021,1200,039,0.01,A,0.00, ,1239, ,,S,,S,,Q,,Q,6.2, ,326, ,50.3, 
47,Brentwood,San Francisco Bay,2/8/2021,1300,039,0.01,A,0.00, ,1037, ,,S,,S,,Q,,Q,4.3, ,4, ,52.0, 
47,Brentwood,San Francisco Bay,2/8/2021,1400,039,0.01,A,0.00, ,896, ,,S,,S,,Q,,Q,3.7, ,11, ,53.5, 
47,Brentwood,San Francisco Bay,2/8/2021,1500,039,0.01,A,0.00, ,751, ,,S,,S,,Q,,Q,3.7, ,12, ,54.7, 
47,Brentwood,San Francisco Bay,2/8/2021,1600,039,0.01,A,0.00, ,225, ,,S,,S,,Q,,Q,3.6, ,11, ,55.5, 
47,Brentwood,San Francisco Bay,2/8/2021,1700,039,0.00,A,0.00, ,163, ,,S,,S,,Q,,Q,3.1, ,33, ,55.9, 
47,Brentwood,San Francisco Bay,2/8/2021,1800,039,0.00,A,0.00, ,29, ,,S,,S,,Q,,Q,1.9, ,1, ,55.9, 
47,Brentwood,San Francisco Bay,2/8/2021,1900,039,0.00,A,0.00, ,0, ,,S,,S,,Q,,Q,1.9, ,285, ,55.6, 
47,Brentwood,San Francisco Bay,2/8/2021,2000,039,0.00,A,0.00, ,0, ,,S,,S,,Q,,Q,3.2, ,210, ,55.1, 
47,Brentwood,San Francisco Bay,2/8/2021,2100,039,0.00,A,0.00, ,0, ,,S,,S,,Q,,Q,3.6, ,248, ,54.7, 
47,Brentwood,San Francisco Bay,2/8/2021,2200,039,0.00,A,0.00, ,0, ,,S,,S,,Q,,Q,2.6, ,213, ,54.2, 
47,Brentwood,San Francisco Bay,2/8/2021,2300,039,0.00,A,0.00, ,0, ,,S,,S,,Q,,Q,3.1, ,171, ,53.9, 
47,Brentwood,San Francisco Bay,2/8/2021,2400,039,0.00,A,0.00, ,0, ,,S,,S,,Q,,Q,3.7, ,131, ,53.6, 
47,Brentwood,San Francisco Bay,2/9/2021,0100,040,0.00,A,0.00, ,0, ,,S,,S,,Q,,Q,4.6, ,297, ,53.4, 
47,Brentwood,San Francisco Bay,2/9/2021,0200,040,0.00,A,0.00, ,0, ,,S,,S,,Q,,Q,6.0, ,301, ,53.2, 
47,Brentwood,San Francisco Bay,2/9/2021,0300,040,0.00,A,0.00, ,0, ,,S,,S,,Q,,Q,2.8, ,52, ,52.9, 
47,Brentwood,San Francisco Bay,2/9/2021,0400,040,0.00,A,0.00, ,0, ,,S,,S,,Q,,Q,3.1, ,295, ,52.6, 
47,Brentwood,San Francisco Bay,2/9/2021,0500,040,0.00,A,0.00, ,0, ,,S,,S,,Q,,Q,3.9, ,196, ,52.3, 
47,Brentwood,San Francisco Bay,2/9/2021,0600,040,0.00,A,0.00, ,0, ,,S,,S,,Q,,Q,2.2, ,199, ,52.1, 
47,Brentwood,San Francisco Bay,2/9/2021,0700,040,0.00,A,0.00, ,1, ,,S,,S,,Q,,Q,2.8, ,348, ,52.0, 
47,Brentwood,San Francisco Bay,2/9/2021,0800,040,0.00,A,0.00, ,37, ,,S,,S,,Q,,Q,2.0, ,139, ,51.9, 
47,Brentwood,San Francisco Bay,2/9/2021,0900,040,0.00,A,0.00, ,146, ,,S,,S,,Q,,Q,2.6, ,181, ,51.8, 
47,Brentwood,San Francisco Bay,2/9/2021,1000,040,0.00,A,0.00, ,361, ,,S,,S,,Q,,Q,1.9, ,238, ,51.9, 
47,Brentwood,San Francisco Bay,2/9/2021,1100,040,0.01,A,0.00, ,669, ,,S,,S,,Q,,Q,4.1, ,257, ,52.4, 
47,Brentwood,San Francisco Bay,2/9/2021,1200,040,0.01,A,0.00, ,691, ,,S,,S,,Q,,Q,3.5, ,268, ,53.4, 
47,Brentwood,San Francisco Bay,2/9/2021,1300,040,0.01,A,0.00, ,519, ,,S,,S,,Q,,Q,5.2, ,312, ,54.5, 
47,Brentwood,San Francisco Bay,2/9/2021,1400,040,0.01,A,0.00, ,604, ,,S,,S,,Q,,Q,5.9, ,305, ,55.3, 
47,Brentwood,San Francisco Bay,2/9/2021,1500,040,0.01,A,0.00, ,374, ,,S,,S,,Q,,Q,6.9, ,319, ,56.0, 
47,Brentwood,San Francisco Bay,2/9/2021,1600,040,0.01,A,0.00, ,391, ,,S,,S,,Q,,Q,5.4, ,350, ,56.5, 
47,Brentwood,San Francisco Bay,2/9/2021,1700,040,0.00,A,0.00, ,120, ,,S,,S,,Q,,Q,2.1, ,123, ,56.7, 
47,Brentwood,San Francisco Bay,2/9/2021,1800,040,0.00,A,0.00, ,27, ,,S,,S,,Q,,Q,2.7, ,276, ,56.7, 
47,Brentwood,San Francisco Bay,2/9/2021,1900,040,0.00,A,0.00, ,0, ,,S,,S,,Q,,Q,4.0, ,229, ,56.4, 
47,Brentwood,San Francisco Bay,2/9/2021,2000,040,0.00,A,0.00, ,0, ,,S,,S,,Q,,Q,3.3, ,213, ,56.1, 
47,Brentwood,San Francisco Bay,2/9/2021,2100,040,0.00,A,0.00, ,0, ,,S,,S,,Q,,Q,2.7, ,238, ,55.8, 
47,Brentwood,San Francisco Bay,2/9/2021,2200,040,0.00,A,0.00, ,0, ,,S,,S,,Q,,Q,4.1, ,257, ,55.4, 
47,Brentwood,San Francisco Bay,2/9/2021,2300,040,0.00,A,0.00, ,0, ,,S,,S,,Q,,Q,5.9, ,262, ,55.0, 
47,Brentwood,San Francisco Bay,2/9/2021,2400,040,0.00,A,0.00, ,0, ,,S,,S,,Q,,Q,4.9, ,236, ,54.6, 
47,Brentwood,San Francisco Bay,2/10/2021,0100,041,0.00,A,0.00, ,0, ,,S,,S,,Q,,Q,3.0, ,204, ,54.2, 
47,Brentwood,San Francisco Bay,2/10/2021,0200,041,0.00,A,0.00, ,0, ,,S,,S,,Q,,Q,3.1, ,129, ,53.8, 
47,Brentwood,San Francisco Bay,2/10/2021,0300,041,0.00,A,0.00, ,0, ,,S,,S,,Q,,Q,7.2, ,262, ,53.3, 
47,Brentwood,San Francisco Bay,2/10/2021,0400,041,0.00,A,0.00, ,0, ,,S,,S,,Q,,Q,8.5, ,259, ,52.9, 
47,Brentwood,San Francisco Bay,2/10/2021,0500,041,0.00,A,0.00, ,0, ,,S,,S,,Q,,Q,8.0, ,257, ,52.6, 
47,Brentwood,San Francisco Bay,2/10/2021,0600,041,0.00,A,0.00, ,0, ,,S,,S,,Q,,Q,7.4, ,258, ,52.3, 
47,Brentwood,San Francisco Bay,2/10/2021,0700,041,0.00,A,0.00, ,2, ,,S,,S,,Q,,Q,3.1, ,210, ,52.1, 
47,Brentwood,San Francisco Bay,2/10/2021,0800,041,0.00,A,0.00, ,130, ,,S,,S,,Q,,Q,2.2, ,136, ,51.7, 
47,Brentwood,San Francisco Bay,2/10/2021,0900,041,0.00,A,0.00, ,458, ,,S,,S,,Q,,Q,1.5, ,103, ,51.4, 
47,Brentwood,San Francisco Bay,2/10/2021,1000,041,0.00,A,0.00, ,804, ,,S,,S,,Q,,Q,2.8, ,357, ,51.8, 
47,Brentwood,San Francisco Bay,2/10/2021,1100,041,0.01,A,0.00, ,1071, ,,S,,S,,Q,,Q,5.1, ,302, ,53.0, 
47,Brentwood,San Francisco Bay,2/10/2021,1200,041,0.01,A,0.00, ,1245, ,,S,,S,,Q,,Q,7.2, ,302, ,54.5, 
47,Brentwood,San Francisco Bay,2/10/2021,1300,041,0.01,A,0.00, ,1291, ,,S,,S,,Q,,Q,6.6, ,298, ,56.1, 
47,Brentwood,San Francisco Bay,2/10/2021,1400,041,0.01,A,0.00, ,1215, ,,S,,S,,Q,,Q,7.3, ,311, ,57.5, 
47,Brentwood,San Francisco Bay,2/10/2021,1500,041,0.01,A,0.00, ,1020, ,,S,,S,,Q,,Q,10.2, ,324, ,58.6, 
47,Brentwood,San Francisco Bay,2/10/2021,1600,041,0.01,A,0.00, ,724, ,,S,,S,,Q,,Q,9.0, ,325, ,59.1, 
47,Brentwood,San Francisco Bay,2/10/2021,1700,041,0.00,A,0.00, ,355, ,,S,,S,,Q,,Q,7.9, ,322, ,59.3, 
47,Brentwood,San Francisco Bay,2/10/2021,1800,041,0.00,A,0.00, ,52, ,,S,,S,,Q,,Q,4.8, ,330, ,59.1, 
47,Brentwood,San Francisco Bay,2/10/2021,1900,041,0.00,A,0.00, ,0, ,,S,,S,,Q,,Q,2.1, ,252, ,58.6, 
47,Brentwood,San Francisco Bay,2/10/2021,2000,041,0.00,A,0.00, ,0, ,,S,,S,,Q,,Q,3.3, ,264, ,58.0, 
47,Brentwood,San Francisco Bay,2/10/2021,2100,041,0.00,A,0.00, ,0, ,,S,,S,,Q,,Q,2.9, ,165, ,57.2, 
47,Brentwood,San Francisco Bay,2/10/2021,2200,041,0.00,A,0.00, ,0, ,,S,,S,,Q,,Q,2.0, ,248, ,56.4, 
47,Brentwood,San Francisco Bay,2/10/2021,2300,041,0.00,A,0.00, ,0, ,,S,,S,,Q,,Q,3.0, ,192, ,55.7, 
47,Brentwood,San Francisco Bay,2/10/2021,2400,041,0.00,A,0.00, ,0, ,,S,,S,,Q,,Q,4.4, ,211, ,55.0, 
47,Brentwood,San Francisco Bay,2/11/2021,0100,042,0.00,A,0.00, ,0, ,,S,,S,,Q,,Q,3.9, ,203, ,54.4, 
47,Brentwood,San Francisco Bay,2/11/2021,0200,042,0.00,A,0.00, ,0, ,,S,,S,,Q,,Q,3.6, ,194, ,54.0, 
47,Brentwood,San Francisco Bay,2/11/2021,0300,042,0.00,A,0.00, ,0, ,,S,,S,,Q,,Q,3.3, ,320, ,53.6, 
47,Brentwood,San Francisco Bay,2/11/2021,0400,042,0.00,A,0.00, ,0, ,,S,,S,,Q,,Q,2.6, ,59, ,53.3, 
47,Brentwood,San Francisco Bay,2/11/2021,0500,042,0.00,A,0.00, ,2, ,,S,,S,,Q,,Q,1.5, ,169, ,53.0, 
47,Brentwood,San Francisco Bay,2/11/2021,0600,042,0.00,A,0.00, ,2, ,,S,,S,,Q,,Q,3.1, ,116, ,52.6, 
47,Brentwood,San Francisco Bay,2/11/2021,0700,042,0.00,A,0.00, ,4, ,,S,,S,,Q,,Q,1.4, ,357, ,52.3, 
47,Brentwood,San Francisco Bay,2/11/2021,0800,042,0.00,A,0.00, ,108, ,,S,,S,,Q,,Q,2.5, ,295, ,52.0, 
47,Brentwood,San Francisco Bay,2/11/2021,0900,042,0.00,A,0.00, ,272, ,,S,,S,,Q,,Q,4.8, ,308, ,51.8, 
47,Brentwood,San Francisco Bay,2/11/2021,1000,042,0.00,A,0.00, ,413, ,,S,,S,,Q,,Q,2.7, ,352, ,52.1, 
47,Brentwood,San Francisco Bay,2/11/2021,1100,042,0.01,A,0.00, ,376, ,,S,,S,,Q,,Q,3.7, ,354, ,52.7, 
47,Brentwood,San Francisco Bay,2/11/2021,1200,042,0.01,A,0.00, ,643, ,,S,,S,,Q,,Q,2.4, ,51, ,53.3, 
47,Brentwood,San Francisco Bay,2/11/2021,1300,042,0.01,A,0.00, ,417, ,,S,,S,,Q,,Q,2.5, ,89, ,54.1, 
47,Brentwood,San Francisco Bay,2/11/2021,1400,042,0.01,A,0.00, ,403, ,,S,,S,,Q,,Q,6.5, ,63, ,54.8, 
47,Brentwood,San Francisco Bay,2/11/2021,1500,042,0.01,A,0.00, ,213, ,,S,,S,,Q,,Q,3.6, ,74, ,55.2, 
47,Brentwood,San Francisco Bay,2/11/2021,1600,042,0.01,A,0.02, ,76, ,,S,,S,,Q,,Q,4.7, ,90, ,55.4, 
47,Brentwood,San Francisco Bay,2/11/2021,1700,042,0.00,A,0.03, ,33, ,,S,,S,,Q,,Q,6.4, ,123, ,55.3, 
47,Brentwood,San Francisco Bay,2/11/2021,1800,042,0.00,A,0.10, ,9, ,,S,,S,,Q,,Q,6.2, ,142, ,55.1, 
47,Brentwood,San Francisco Bay,2/11/2021,1900,042,0.00,A,0.00, ,0, ,,S,,S,,Q,,Q,6.7, ,139, ,54.9, 
47,Brentwood,San Francisco Bay,2/11/2021,2000,042,0.00,A,0.00, ,0, ,,S,,S,,Q,,Q,5.7, ,141, ,54.6, 
47,Brentwood,San Francisco Bay,2/11/2021,2100,042,0.00,A,0.02, ,0, ,,S,,S,,Q,,Q,6.3, ,139, ,54.4, 
47,Brentwood,San Francisco Bay,2/11/2021,2200,042,0.00,A,0.03, ,0, ,,S,,S,,Q,,Q,5.9, ,133, ,54.2, 
47,Brentwood,San Francisco Bay,2/11/2021,2300,042,0.00,A,0.02, ,0, ,,S,,S,,Q,,Q,7.5, ,244, ,54.1, 
47,Brentwood,San Francisco Bay,2/11/2021,2400,042,0.00,A,0.00, ,0, ,,S,,S,,Q,,Q,11.3, ,245, ,54.0, 
47,Brentwood,San Francisco Bay,2/12/2021,0100,043,0.00,A,0.00, ,0, ,,S,,S,,Q,,Q,9.7, ,252, ,53.8, 
47,Brentwood,San Francisco Bay,2/12/2021,0200,043,0.00,A,0.00, ,0, ,,S,,S,,Q,,Q,11.9, ,258, ,53.3, 
47,Brentwood,San Francisco Bay,2/12/2021,0300,043,0.00,A,0.00, ,0, ,,S,,S,,Q,,Q,12.8, ,265, ,52.9, 
47,Brentwood,San Francisco Bay,2/12/2021,0400,043,0.00,A,0.00, ,0, ,,S,,S,,Q,,Q,12.3, ,263, ,52.5, 
47,Brentwood,San Francisco Bay,2/12/2021,0500,043,0.00,A,0.00, ,0, ,,S,,S,,Q,,Q,13.6, ,270, ,52.2, 
47,Brentwood,San Francisco Bay,2/12/2021,0600,043,0.00,A,0.00, ,0, ,,S,,S,,Q,,Q,12.4, ,266, ,51.9, 
47,Brentwood,San Francisco Bay,2/12/2021,0700,043,0.00,A,0.00, ,2, ,,S,,S,,Q,,Q,10.2, ,270, ,51.5, 
47,Brentwood,San Francisco Bay,2/12/2021,0800,043,0.00,A,0.00, ,149, ,,S,,S,,Q,,Q,8.4, ,263, ,51.2, 
47,Brentwood,San Francisco Bay,2/12/2021,0900,043,0.00,A,0.00, ,503, ,,S,,S,,Q,,Q,8.6, ,264, ,51.0, 
47,Brentwood,San Francisco Bay,2/12/2021,1000,043,0.01,A,0.00, ,866, ,,S,,S,,Q,,Q,12.8, ,279, ,51.4, 
47,Brentwood,San Francisco Bay,2/12/2021,1100,043,0.01,A,0.00, ,1148, ,,S,,S,,Q,,Q,11.4, ,285, ,52.2, 
47,Brentwood,San Francisco Bay,2/12/2021,1200,043,0.01,A,0.00, ,1317, ,,S,,S,,Q,,Q,6.7, ,302, ,53.5, 
47,Brentwood,San Francisco Bay,2/12/2021,1300,043,0.01,A,0.00, ,1365, ,,S,,S,,Q,,Q,6.6, ,312, ,55.2, 
47,Brentwood,San Francisco Bay,2/12/2021,1400,043,0.01,A,0.00, ,1282, ,,S,,S,,Q,,Q,9.5, ,304, ,56.7, 
47,Brentwood,San Francisco Bay,2/12/2021,1500,043,0.01,A,0.00, ,1065, ,,S,,S,,Q,,Q,9.0, ,298, ,57.7, 
47,Brentwood,San Francisco Bay,2/12/2021,1600,043,0.01,A,0.00, ,705, ,,S,,S,,Q,,Q,11.2, ,278, ,58.2, 
47,Brentwood,San Francisco Bay,2/12/2021,1700,043,0.00,A,0.00, ,260, ,,S,,S,,Q,,Q,8.6, ,272, ,58.2, 
47,Brentwood,San Francisco Bay,2/12/2021,1800,043,0.00,A,0.00, ,37, ,,S,,S,,Q,,Q,5.3, ,257, ,58.0, 
47,Brentwood,San Francisco Bay,2/12/2021,1900,043,0.00,A,0.00, ,0, ,,S,,S,,Q,,Q,4.3, ,190, ,57.4, 
47,Brentwood,San Francisco Bay,2/12/2021,2000,043,0.00,A,0.00, ,0, ,,S,,S,,Q,,Q,4.3, ,201, ,56.7, 
47,Brentwood,San Francisco Bay,2/12/2021,2100,043,0.00,A,0.00, ,0, ,,S,,S,,Q,,Q,5.1, ,245, ,56.1, 
47,Brentwood,San Francisco Bay,2/12/2021,2200,043,0.00,A,0.00, ,0, ,,S,,S,,Q,,Q,5.2, ,236, ,55.5, 
47,Brentwood,San Francisco Bay,2/12/2021,2300,043,0.00,A,0.00, ,0, ,,S,,S,,Q,,Q,5.5, ,225, ,55.1, 
47,Brentwood,San Francisco Bay,2/12/2021,2400,043,0.00,A,0.00, ,0, ,,S,,S,,Q,,Q,5.5, ,220, ,54.8, 
47,Brentwood,San Francisco Bay,2/13/2021,0100,044,0.00,A,0.00, ,0, ,,S,,S,,Q,,Q,7.3, ,258, ,54.5, 
47,Brentwood,San Francisco Bay,2/13/2021,0200,044,0.00,A,0.00, ,0, ,,S,,S,,Q,,Q,7.6, ,242, ,54.3, 
47,Brentwood,San Francisco Bay,2/13/2021,0300,044,0.00,A,0.00, ,0, ,,S,,S,,Q,,Q,5.4, ,199, ,54.0, 
47,Brentwood,San Francisco Bay,2/13/2021,0400,044,0.00,A,0.00, ,0, ,,S,,S,,Q,,Q,5.4, ,243, ,53.7, 
47,Brentwood,San Francisco Bay,2/13/2021,0500,044,0.00,A,0.00, ,0, ,,S,,S,,Q,,Q,5.2, ,215, ,53.4, 
47,Brentwood,San Francisco Bay,2/13/2021,0600,044,0.00,A,0.00, ,0, ,,S,,S,,Q,,Q,5.8, ,125, ,53.0, 
47,Brentwood,San Francisco Bay,2/13/2021,0700,044,0.00,A,0.00, ,0, ,,S,,S,,Q,,Q,3.8, ,260, ,52.8, 
47,Brentwood,San Francisco Bay,2/13/2021,0800,044,0.00,A,0.00, ,29, ,,S,,S,,Q,,Q,8.1, ,217, ,52.6, 
47,Brentwood,San Francisco Bay,2/13/2021,0900,044,0.00,A,0.00, ,360, ,,S,,S,,Q,,Q,8.8, ,234, ,52.6, 
47,Brentwood,San Francisco Bay,2/13/2021,1000,044,0.01,A,0.00, ,879, ,,S,,S,,Q,,Q,14.7, ,262, ,52.9, 
47,Brentwood,San Francisco Bay,2/13/2021,1100,044,0.01,A,0.00, ,1120, ,,S,,S,,Q,,Q,14.9, ,274, ,53.7, 
47,Brentwood,San Francisco Bay,2/13/2021,1200,044,0.01,A,0.00, ,1332, ,,S,,S,,Q,,Q,15.4, ,270, ,54.7, 
47,Brentwood,San Francisco Bay,2/13/2021,1300,044,0.01,A,0.00, ,1370, ,,S,,S,,Q,,Q,16.6, ,268, ,55.8, 
47,Brentwood,San Francisco Bay,2/13/2021,1400,044,0.01,A,0.00, ,1081, ,,S,,S,,Q,,Q,16.3, ,269, ,56.7, 
47,Brentwood,San Francisco Bay,2/13/2021,1500,044,0.01,A,0.00, ,772, ,,S,,S,,Q,,Q,15.7, ,261, ,57.3, 
47,Brentwood,San Francisco Bay,2/13/2021,1600,044,0.01,A,0.00, ,743, ,,S,,S,,Q,,Q,15.1, ,265, ,57.5, 
47,Brentwood,San Francisco Bay,2/13/2021,1700,044,0.00,A,0.00, ,319, ,,S,,S,,Q,,Q,15.0, ,271, ,57.6, 
47,Brentwood,San Francisco Bay,2/13/2021,1800,044,0.00,A,0.00, ,98, ,,S,,S,,Q,,Q,12.5, ,258, ,57.3, 
47,Brentwood,San Francisco Bay,2/13/2021,1900,044,0.00,A,0.00, ,0, ,,S,,S,,Q,,Q,12.0, ,261, ,56.9, 
47,Brentwood,San Francisco Bay,2/13/2021,2000,044,0.00,A,0.00, ,0, ,,S,,S,,Q,,Q,14.4, ,265, ,56.4, 
47,Brentwood,San Francisco Bay,2/13/2021,2100,044,0.00,A,0.00, ,0, ,,S,,S,,Q,,Q,12.8, ,269, ,55.8, 
47,Brentwood,San Francisco Bay,2/13/2021,2200,044,0.00,A,0.00, ,0, ,,S,,S,,Q,,Q,13.0, ,270, ,55.2, 
47,Brentwood,San Francisco Bay,2/13/2021,2300,044,0.00,A,0.00, ,0, ,,S,,S,,Q,,Q,8.6, ,265, ,54.6, 
47,Brentwood,San Francisco Bay,2/13/2021,2400,044,0.00,A,0.00, ,0, ,,S,,S,,Q,,Q,5.7, ,221, ,54.1, 
47,Brentwood,San Francisco Bay,2/14/2021,0100,045,0.00,A,0.00, ,0, ,,S,,S,,Q,,Q,4.2, ,212, ,53.5, 
47,Brentwood,San Francisco Bay,2/14/2021,0200,045,0.00,A,0.00, ,0, ,,S,,S,,Q,,Q,4.4, ,221, ,52.9, 
47,Brentwood,San Francisco Bay,2/14/2021,0300,045,0.00,A,0.00, ,0, ,,S,,S,,Q,,Q,4.5, ,237, ,52.4, 
47,Brentwood,San Francisco Bay,2/14/2021,0400,045,0.00,A,0.00, ,2, ,,S,,S,,Q,,Q,5.3, ,263, ,51.8, 
47,Brentwood,San Francisco Bay,2/14/2021,0500,045,0.00,A,0.00, ,1, ,,S,,S,,Q,,Q,3.7, ,238, ,51.4, 
47,Brentwood,San Francisco Bay,2/14/2021,0600,045,0.00,A,0.00, ,1, ,,S,,S,,Q,,Q,3.1, ,217, ,50.9, 
47,Brentwood,San Francisco Bay,2/14/2021,0700,045,0.00,A,0.00, ,4, ,,S,,S,,Q,,Q,4.2, ,223, ,50.5, 
47,Brentwood,San Francisco Bay,2/14/2021,0800,045,0.00,A,0.00, ,127, ,,S,,S,,Q,,Q,4.4, ,236, ,50.1, 
47,Brentwood,San Francisco Bay,2/14/2021,0900,045,0.00,A,0.00, ,440, ,,S,,S,,Q,,Q,3.4, ,217, ,50.0, 
47,Brentwood,San Francisco Bay,2/14/2021,1000,045,0.01,A,0.00, ,678, ,,S,,S,,Q,,Q,7.0, ,255, ,50.4, 
47,Brentwood,San Francisco Bay,2/14/2021,1100,045,0.01,A,0.00, ,628, ,,S,,S,,Q,,Q,6.6, ,275, ,51.2, 
47,Brentwood,San Francisco Bay,2/14/2021,1200,045,0.01,A,0.00, ,755, ,,S,,S,,Q,,Q,6.9, ,275, ,52.1, 
47,Brentwood,San Francisco Bay,2/14/2021,1300,045,0.01,A,0.00, ,499, ,,S,,S,,Q,,Q,8.2, ,316, ,53.1, 
47,Brentwood,San Francisco Bay,2/14/2021,1400,045,0.01,A,0.00, ,541, ,,S,,S,,Q,,Q,5.5, ,306, ,53.9, 
47,Brentwood,San Francisco Bay,2/14/2021,1500,045,0.01,A,0.00, ,237, ,,S,,S,,Q,,Q,5.6, ,11, ,54.6, 
47,Brentwood,San Francisco Bay,2/14/2021,1600,045,0.01,A,0.00, ,130, ,,S,,S,,Q,,Q,4.0, ,55, ,54.9, 
47,Brentwood,San Francisco Bay,2/14/2021,1700,045,0.00,A,0.00, ,73, ,,S,,S,,Q,,Q,5.2, ,76, ,54.9, 
47,Brentwood,San Francisco Bay,2/14/2021,1800,045,0.00,A,0.00, ,8, ,,S,,S,,Q,,Q,5.8, ,68, ,54.7, 
47,Brentwood,San Francisco Bay,2/14/2021,1900,045,0.00,A,0.00, ,0, ,,S,,S,,Q,,Q,5.6, ,172, ,54.4, 
47,Brentwood,San Francisco Bay,2/14/2021,2000,045,0.00,A,0.00, ,0, ,,S,,S,,Q,,Q,4.0, ,145, ,54.2, 
47,Brentwood,San Francisco Bay,2/14/2021,2100,045,0.00,A,0.00, ,0, ,,S,,S,,Q,,Q,4.7, ,98, ,54.0, 
47,Brentwood,San Francisco Bay,2/14/2021,2200,045,0.00,A,0.00, ,0, ,,S,,S,,Q,,Q,6.1, ,112, ,53.7, 
47,Brentwood,San Francisco Bay,2/14/2021,2300,045,0.00,A,0.00, ,0, ,,S,,S,,Q,,Q,5.4, ,119, ,53.5, 
47,Brentwood,San Francisco Bay,2/14/2021,2400,045,0.00,A,0.00, ,0, ,,S,,S,,Q,,Q,5.4, ,130, ,53.3, 
47,Brentwood,San Francisco Bay,2/15/2021,0100,046,0.00,A,0.00, ,0, ,,S,,S,,Q,,Q,5.3, ,130, ,53.2, 
47,Brentwood,San Francisco Bay,2/15/2021,0200,046,0.00,A,0.00, ,0, ,,S,,S,,Q,,Q,7.9, ,115, ,53.1, 
47,Brentwood,San Francisco Bay,2/15/2021,0300,046,0.00,A,0.00, ,0, ,,S,,S,,Q,,Q,7.8, ,128, ,52.9, 
47,Brentwood,San Francisco Bay,2/15/2021,0400,046,0.00,A,0.00, ,0, ,,S,,S,,Q,,Q,8.1, ,128, ,52.7, 
47,Brentwood,San Francisco Bay,2/15/2021,0500,046,0.00,A,0.00, ,0, ,,S,,S,,Q,,Q,7.8, ,125, ,52.6, 
47,Brentwood,San Francisco Bay,2/15/2021,0600,046,0.00,A,0.00, ,0, ,,S,,S,,Q,,Q,8.5, ,118, ,52.5, 
47,Brentwood,San Francisco Bay,2/15/2021,0700,046,0.00,A,0.00, ,1, ,,S,,S,,Q,,Q,7.8, ,118, ,52.5, 
47,Brentwood,San Francisco Bay,2/15/2021,0800,046,0.00,A,0.00, ,51, ,,S,,S,,Q,,Q,7.4, ,114, ,52.4, 
47,Brentwood,San Francisco Bay,2/15/2021,0900,046,0.00,A,0.00, ,296, ,,S,,S,,Q,,Q,7.3, ,137, ,52.4, 
47,Brentwood,San Francisco Bay,2/15/2021,1000,046,0.01,A,0.00, ,361, ,,S,,S,,Q,,Q,10.5, ,174, ,52.7, 
47,Brentwood,San Francisco Bay,2/15/2021,1100,046,0.01,A,0.00, ,272, ,,S,,S,,Q,,Q,8.6, ,139, ,53.2, 
47,Brentwood,San Francisco Bay,2/15/2021,1200,046,0.01,A,0.00, ,287, ,,S,,S,,Q,,Q,9.2, ,137, ,53.6, 
47,Brentwood,San Francisco Bay,2/15/2021,1300,046,0.01,A,0.00, ,358, ,,S,,S,,Q,,Q,8.8, ,184, ,54.0, 
47,Brentwood,San Francisco Bay,2/15/2021,1400,046,0.01,A,0.00, ,960, ,,S,,S,,Q,,Q,9.0, ,216, ,54.5, 
47,Brentwood,San Francisco Bay,2/15/2021,1500,046,0.01,A,0.00, ,616, ,,S,,S,,Q,,Q,11.0, ,232, ,55.4, 
47,Brentwood,San Francisco Bay,2/15/2021,1600,046,0.01,A,0.00, ,619, ,,S,,S,,Q,,Q,10.9, ,221, ,56.1, 
47,Brentwood,San Francisco Bay,2/15/2021,1700,046,0.00,A,0.00, ,335, ,,S,,S,,Q,,Q,8.4, ,217, ,56.6, 
47,Brentwood,San Francisco Bay,2/15/2021,1800,046,0.00,A,0.00, ,52, ,,S,,S,,Q,,Q,7.5, ,195, ,56.6, 
47,Brentwood,San Francisco Bay,2/15/2021,1900,046,0.00,A,0.00, ,0, ,,S,,S,,Q,,Q,5.7, ,227, ,56.4, 
47,Brentwood,San Francisco Bay,2/15/2021,2000,046,0.00,A,0.00, ,0, ,,S,,S,,Q,,Q,4.7, ,185, ,55.9, 
47,Brentwood,San Francisco Bay,2/15/2021,2100,046,0.00,A,0.00, ,0, ,,S,,S,,Q,,Q,4.8, ,210, ,55.3, 
47,Brentwood,San Francisco Bay,2/15/2021,2200,046,0.00,A,0.00, ,0, ,,S,,S,,Q,,Q,3.3, ,238, ,54.7, 
47,Brentwood,San Francisco Bay,2/15/2021,2300,046,0.00,A,0.00, ,0, ,,S,,S,,Q,,Q,7.1, ,263, ,54.0, 
47,Brentwood,San Francisco Bay,2/15/2021,2400,046,0.00,A,0.00, ,0, ,,S,,S,,Q,,Q,6.0, ,253, ,53.5, 
47,Brentwood,San Francisco Bay,2/16/2021,0100,047,0.00,A,0.00, ,0, ,,S,,S,,Q,,Q,6.8, ,259, ,53.0, 
47,Brentwood,San Francisco Bay,2/16/2021,0200,047,0.00,A,0.00, ,0, ,,S,,S,,Q,,Q,3.1, ,233, ,52.5, 
47,Brentwood,San Francisco Bay,2/16/2021,0300,047,0.00,A,0.00, ,0, ,,S,,S,,Q,,Q,6.2, ,274, ,52.0, 
47,Brentwood,San Francisco Bay,2/16/2021,0400,047,0.00,A,0.00, ,0, ,,S,,S,,Q,,Q,4.4, ,268, ,51.6, 
47,Brentwood,San Francisco Bay,2/16/2021,0500,047,0.00,A,0.00, ,0, ,,S,,S,,Q,,Q,5.1, ,254, ,51.2, 
47,Brentwood,San Francisco Bay,2/16/2021,0600,047,0.00,A,0.00, ,1, ,,S,,S,,Q,,Q,3.7, ,220, ,50.7, 
47,Brentwood,San Francisco Bay,2/16/2021,0700,047,0.00,A,0.00, ,5, ,,S,,S,,Q,,Q,3.9, ,234, ,50.3, 
47,Brentwood,San Francisco Bay,2/16/2021,0800,047,0.00,A,0.00, ,175, ,,S,,S,,Q,,Q,2.2, ,265, ,49.8, 
47,Brentwood,San Francisco Bay,2/16/2021,0900,047,0.00,A,0.00, ,443, ,,S,,S,,Q,,Q,2.3, ,222, ,49.6, 
47,Brentwood,San Francisco Bay,2/16/2021,1000,047,0.01,A,0.00, ,631, ,,S,,S,,Q,,Q,7.1, ,276, ,50.1, 
47,Brentwood,San Francisco Bay,2/16/2021,1100,047,0.01,A,0.00, ,561, ,,S,,S,,Q,,Q,9.7, ,289, ,51.0, 
47,Brentwood,San Francisco Bay,2/16/2021,1200,047,0.01,A,0.00, ,603, ,,S,,S,,Q,,Q,7.6, ,296, ,51.8, 
47,Brentwood,San Francisco Bay,2/16/2021,1300,047,0.01,A,0.00, ,873, ,,S,,S,,Q,,Q,6.7, ,299, ,52.6, 
47,Brentwood,San Francisco Bay,2/16/2021,1400,047,0.01,A,0.00, ,849, ,,S,,S,,Q,,Q,7.3, ,306, ,53.6, 
47,Brentwood,San Francisco Bay,2/16/2021,1500,047,0.01,A,0.00, ,954, ,,S,,S,,Q,,Q,7.5, ,289, ,54.6, 
47,Brentwood,San Francisco Bay,2/16/2021,1600,047,0.01,A,0.00, ,740, ,,S,,S,,Q,,Q,9.1, ,295, ,55.3, 
47,Brentwood,San Francisco Bay,2/16/2021,1700,047,0.00,A,0.00, ,298, ,,S,,S,,Q,,Q,9.4, ,267, ,55.6, 
47,Brentwood,San Francisco Bay,2/16/2021,1800,047,0.00,A,0.00, ,39, ,,S,,S,,Q,,Q,8.3, ,262, ,55.6, 
47,Brentwood,San Francisco Bay,2/16/2021,1900,047,0.00,A,0.00, ,0, ,,S,,S,,Q,,Q,6.5, ,256, ,55.4, 
47,Brentwood,San Francisco Bay,2/16/2021,2000,047,0.00,A,0.00, ,0, ,,S,,S,,Q,,Q,4.0, ,266, ,54.9, 
47,Brentwood,San Francisco Bay,2/16/2021,2100,047,0.00,A,0.00, ,0, ,,S,,S,,Q,,Q,3.8, ,236, ,54.4, 
47,Brentwood,San Francisco Bay,2/16/2021,2200,047,0.00,A,0.00, ,0, ,,S,,S,,Q,,Q,5.4, ,243, ,53.8, 
47,Brentwood,San Francisco Bay,2/16/2021,2300,047,0.00,A,0.00, ,0, ,,S,,S,,Q,,Q,3.7, ,281, ,53.1, 
47,Brentwood,San Francisco Bay,2/16/2021,2400,047,0.00,A,0.00, ,0, ,,S,,S,,Q,,Q,3.8, ,251, ,52.5, 
47,Brentwood,San Francisco Bay,2/17/2021,0100,048,0.00,A,0.00, ,1, ,,S,,S,,Q,,Q,3.3, ,296, ,51.8, 
47,Brentwood,San Francisco Bay,2/17/2021,0200,048,0.00,A,0.00, ,2, ,,S,,S,,Q,,Q,3.2, ,295, ,51.2, 
47,Brentwood,San Francisco Bay,2/17/2021,0300,048,0.00,A,0.00, ,1, ,,S,,S,,Q,,Q,4.0, ,274, ,50.6, 
47,Brentwood,San Francisco Bay,2/17/2021,0400,048,0.00,A,0.00, ,1, ,,S,,S,,Q,,Q,4.2, ,294, ,50.0, 
47,Brentwood,San Francisco Bay,2/17/2021,0500,048,0.00,A,0.00, ,1, ,,S,,S,,Q,,Q,5.2, ,280, ,49.5, 
47,Brentwood,San Francisco Bay,2/17/2021,0600,048,0.00,A,0.00, ,2, ,,S,,S,,Q,,Q,5.9, ,288, ,49.0, 
47,Brentwood,San Francisco Bay,2/17/2021,0700,048,0.00,A,0.00, ,7, ,,S,,S,,Q,,Q,6.6, ,291, ,48.7, 
47,Brentwood,San Francisco Bay,2/17/2021,0800,048,0.00,A,0.00, ,188, ,,S,,S,,Q,,Q,7.1, ,301, ,48.4, 
47,Brentwood,San Francisco Bay,2/17/2021,0900,048,0.00,A,0.00, ,565, ,,S,,S,,Q,,Q,11.9, ,320, ,48.3, 
47,Brentwood,San Francisco Bay,2/17/2021,1000,048,0.01,A,0.00, ,946, ,,S,,S,,Q,,Q,18.0, ,317, ,48.8, 
47,Brentwood,San Francisco Bay,2/17/2021,1100,048,0.01,A,0.00, ,1175, ,,S,,S,,Q,,Q,18.5, ,319, ,49.7, 
47,Brentwood,San Francisco Bay,2/17/2021,1200,048,0.01,A,0.00, ,1353, ,,S,,S,,Q,,Q,18.1, ,314, ,50.8, 
47,Brentwood,San Francisco Bay,2/17/2021,1300,048,0.01,A,0.00, ,1304, ,,S,,S,,Q,,Q,16.4, ,311, ,51.9, 
47,Brentwood,San Francisco Bay,2/17/2021,1400,048,0.01,A,0.01,R,1384, ,2.1,Q,,S,,Q,,Q,19.1, ,315, ,,M
47,Brentwood,San Francisco Bay,2/17/2021,1500,048,0.02, ,0.00, ,1182, ,3.7, ,63.5, ,18, ,19.8, ,20.0, ,313, ,53.7, 
47,Brentwood,San Francisco Bay,2/17/2021,1600,048,0.02, ,0.00, ,858, ,3.3, ,63.2, ,17, ,17.2, ,19.0, ,311, ,54.1, 
47,Brentwood,San Francisco Bay,2/17/2021,1700,048,0.01, ,0.00, ,437, ,3.5, ,62.2, ,18, ,18.3, ,15.5, ,315, ,54.3, 
47,Brentwood,San Francisco Bay,2/17/2021,1800,048,0.00, ,0.00, ,53, ,3.7, ,57.4, ,23, ,20.0, ,8.3, ,310, ,54.3, 
47,Brentwood,San Francisco Bay,2/17/2021,1900,048,0.00, ,0.00, ,0, ,3.8, ,54.7, ,26, ,20.3, ,7.7, ,295, ,53.9, 
47,Brentwood,San Francisco Bay,2/17/2021,2000,048,0.00, ,0.00, ,0, ,3.7, ,54.0, ,26, ,20.1, ,3.6, ,298, ,53.4, 
47,Brentwood,San Francisco Bay,2/17/2021,2100,048,0.00, ,0.00, ,0, ,4.0, ,51.6, ,31, ,21.7, ,6.1, ,284, ,52.8, 
47,Brentwood,San Francisco Bay,2/17/2021,2200,048,0.00, ,0.00, ,0, ,3.9, ,51.0, ,31, ,21.1, ,6.1, ,272, ,52.2, 
47,Brentwood,San Francisco Bay,2/17/2021,2300,048,0.00, ,0.00, ,0, ,3.9, ,49.9, ,32, ,21.0, ,5.9, ,269, ,51.6, 
47,Brentwood,San Francisco Bay,2/17/2021,2400,048,0.00, ,0.00, ,0, ,3.8, ,48.2, ,33, ,20.8, ,4.5, ,272, ,51.0, 
47,Brentwood,San Francisco Bay,2/18/2021,0100,049,0.00, ,0.00, ,0, ,3.9, ,48.8, ,33, ,21.1, ,5.5, ,275, ,50.5, 
47,Brentwood,San Francisco Bay,2/18/2021,0200,049,0.00, ,0.00, ,0, ,4.2, ,46.8, ,39, ,22.9, ,5.0, ,243, ,49.9, 
47,Brentwood,San Francisco Bay,2/18/2021,0300,049,0.00, ,0.00, ,2, ,4.4, ,44.1, ,45, ,24.0, ,3.8, ,212, ,49.4, 
47,Brentwood,San Francisco Bay,2/18/2021,0400,049,0.00, ,0.00, ,0, ,4.4, ,40.8, ,51, ,24.1, ,2.6, ,163, ,48.9, 
47,Brentwood,San Francisco Bay,2/18/2021,0500,049,0.00, ,0.00, ,0, ,4.6, ,38.7, ,58, ,25.2, ,2.8, ,205, ,48.3, 
47,Brentwood,San Francisco Bay,2/18/2021,0600,049,0.00, ,0.00, ,0, ,4.8, ,37.5, ,63, ,25.9, ,3.0, ,250, ,47.8, 
47,Brentwood,San Francisco Bay,2/18/2021,0700,049,0.00, ,0.00, ,6, ,4.9, ,38.4, ,62, ,26.7, ,3.6, ,220, ,47.3, 
47,Brentwood,San Francisco Bay,2/18/2021,0800,049,0.00, ,0.00, ,200, ,5.3, ,41.4, ,60, ,28.6, ,3.9, ,232, ,46.9, 
47,Brentwood,San Francisco Bay,2/18/2021,0900,049,0.00, ,0.00, ,416, ,5.6, ,50.5, ,44, ,29.6, ,4.6, ,270, ,46.7, 
47,Brentwood,San Francisco Bay,2/18/2021,1000,049,0.01, ,0.00, ,760, ,5.4, ,55.0, ,36, ,28.8, ,2.8, ,299, ,47.3, 
47,Brentwood,San Francisco Bay,2/18/2021,1100,049,0.01, ,0.00, ,866, ,5.4, ,57.8, ,33, ,28.8, ,3.6, ,347, ,48.5, 
47,Brentwood,San Francisco Bay,2/18/2021,1200,049,0.01, ,0.00, ,1094, ,5.9, ,59.0, ,35, ,31.2, ,3.8, ,29, ,49.9, 
47,Brentwood,San Francisco Bay,2/18/2021,1300,049,0.02, ,0.00, ,1349, ,6.2, ,62.1, ,33, ,32.5, ,3.9, ,2, ,51.7, 
47,Brentwood,San Francisco Bay,2/18/2021,1400,049,0.01, ,0.00, ,1049, ,6.6, ,62.6, ,34, ,33.9, ,4.2, ,9, ,53.6, 
47,Brentwood,San Francisco Bay,2/18/2021,1500,049,0.01, ,0.00, ,910, ,6.8, ,61.5, ,36, ,34.5, ,3.6, ,65, ,54.9, 
47,Brentwood,San Francisco Bay,2/18/2021,1600,049,0.01, ,0.00, ,798, ,5.8, ,62.1, ,30, ,30.6, ,3.7, ,86, ,55.7, 
47,Brentwood,San Francisco Bay,2/18/2021,1700,049,0.00, ,0.00, ,319, ,6.0, ,60.8, ,33, ,31.4, ,3.6, ,59, ,56.2, 
47,Brentwood,San Francisco Bay,2/18/2021,1800,049,0.00, ,0.00, ,68, ,6.1, ,58.4, ,37, ,32.1, ,3.1, ,83, ,56.3, 
47,Brentwood,San Francisco Bay,2/18/2021,1900,049,0.00, ,0.00, ,0, ,6.1, ,55.5, ,41, ,32.0, ,2.9, ,291, ,55.9, 
47,Brentwood,San Francisco Bay,2/18/2021,2000,049,0.00, ,0.00, ,0, ,6.4, ,54.9, ,44, ,33.2, ,2.9, ,248, ,55.4, 
47,Brentwood,San Francisco Bay,2/18/2021,2100,049,0.00, ,0.00, ,0, ,7.1, ,53.3, ,51, ,35.6, ,3.7, ,203, ,54.8, 
47,Brentwood,San Francisco Bay,2/18/2021,2200,049,0.00, ,0.00, ,0, ,7.3, ,51.8, ,55, ,36.3, ,3.0, ,157, ,54.3, 
47,Brentwood,San Francisco Bay,2/18/2021,2300,049,0.00, ,0.00, ,0, ,7.0, ,53.9, ,49, ,35.4, ,5.1, ,186, ,53.9, 
47,Brentwood,San Francisco Bay,2/18/2021,2400,049,0.00, ,0.00, ,0, ,7.1, ,53.6, ,51, ,35.8, ,3.4, ,150, ,53.6, 
47,Brentwood,San Francisco Bay,2/19/2021,0100,050,0.00, ,0.00, ,0, ,7.4, ,53.2, ,54, ,36.8, ,3.5, ,139, ,53.3, 
47,Brentwood,San Francisco Bay,2/19/2021,0200,050,0.00, ,0.00, ,0, ,6.4, ,54.9, ,43, ,33.2, ,3.3, ,198, ,53.1, 
47,Brentwood,San Francisco Bay,2/19/2021,0300,050,0.00, ,0.00, ,0, ,8.1, ,52.6, ,60, ,39.0, ,2.9, ,43, ,53.0, 
47,Brentwood,San Francisco Bay,2/19/2021,0400,050,0.00, ,0.00, ,0, ,8.3, ,52.2, ,62, ,39.7, ,3.3, ,36, ,52.9, 
47,Brentwood,San Francisco Bay,2/19/2021,0500,050,0.00, ,0.00, ,0, ,9.2, ,51.5, ,70, ,42.3, ,3.7, ,328, ,52.8, 
47,Brentwood,San Francisco Bay,2/19/2021,0600,050,0.00, ,0.00, ,0, ,10.2, ,50.4, ,81, ,45.0, ,2.4, ,357, ,52.7, 
47,Brentwood,San Francisco Bay,2/19/2021,0700,050,0.00, ,0.00, ,2, ,12.1, ,49.9, ,99, ,49.6, ,3.5, ,7, ,52.6, 
47,Brentwood,San Francisco Bay,2/19/2021,0800,050,0.00, ,0.00, ,45, ,12.1, ,49.9, ,99, ,49.6, ,3.1, ,359, ,52.6, 
47,Brentwood,San Francisco Bay,2/19/2021,0900,050,0.00, ,0.00, ,135, ,12.0, ,49.5, ,99, ,49.3, ,3.4, ,14, ,52.6, 
47,Brentwood,San Francisco Bay,2/19/2021,1000,050,0.00, ,0.00, ,311, ,12.5, ,50.7, ,99, ,50.5, ,4.7, ,332, ,52.7, 
47,Brentwood,San Francisco Bay,2/19/2021,1100,050,0.00, ,0.00, ,627, ,13.8, ,53.3, ,99, ,53.1, ,4.0, ,327, ,53.0, 
47,Brentwood,San Francisco Bay,2/19/2021,1200,050,0.01, ,0.00, ,699, ,14.6, ,55.2, ,98, ,54.7, ,4.7, ,332, ,53.8, 
47,Brentwood,San Francisco Bay,2/19/2021,1300,050,0.01, ,0.00, ,806, ,14.7, ,57.3, ,92, ,54.8, ,3.3, ,341, ,54.8, 
47,Brentwood,San Francisco Bay,2/19/2021,1400,050,0.01, ,0.00, ,644, ,14.7, ,58.4, ,88, ,54.9, ,4.5, ,322, ,55.8, 
47,Brentwood,San Francisco Bay,2/19/2021,1500,050,0.00, ,0.00, ,415, ,15.5, ,57.1, ,97, ,56.3, ,8.2, ,317, ,56.6, 
47,Brentwood,San Francisco Bay,2/19/2021,1600,050,0.01, ,0.00, ,683, ,15.1, ,59.2, ,88, ,55.5, ,8.0, ,307, ,57.0, 
47,Brentwood,San Francisco Bay,2/19/2021,1700,050,0.00, ,0.00, ,453, ,13.3, ,59.7, ,76, ,52.1, ,9.1, ,269, ,57.0, 
47,Brentwood,San Francisco Bay,2/19/2021,1800,050,0.00, ,0.00, ,85, ,10.9, ,58.0, ,66, ,46.9, ,7.1, ,272, ,56.8, 
47,Brentwood,San Francisco Bay,2/19/2021,1900,050,0.00, ,0.00, ,0, ,10.4, ,55.9, ,68, ,45.5, ,7.3, ,243, ,56.5, 
47,Brentwood,San Francisco Bay,2/19/2021,2000,050,0.00, ,0.00, ,0, ,9.8, ,53.6, ,70, ,44.1, ,6.4, ,221, ,56.0, 
47,Brentwood,San Francisco Bay,2/19/2021,2100,050,0.00, ,0.00, ,0, ,10.5, ,52.0, ,79, ,45.8, ,5.3, ,236, ,55.4, 
47,Brentwood,San Francisco Bay,2/19/2021,2200,050,0.00, ,0.00, ,0, ,9.4, ,51.4, ,72, ,42.8, ,7.8, ,236, ,54.8, 
47,Brentwood,San Francisco Bay,2/19/2021,2300,050,0.00, ,0.00, ,0, ,8.8, ,50.0, ,72, ,41.2, ,6.4, ,221, ,54.2, 
47,Brentwood,San Francisco Bay,2/19/2021,2400,050,0.00, ,0.00, ,0, ,9.0, ,49.7, ,74, ,41.7, ,6.9, ,202, ,53.7, 
47,Brentwood,San Francisco Bay,2/20/2021,0100,051,0.00, ,0.00, ,0, ,8.7, ,48.8, ,74, ,40.9, ,7.4, ,180, ,53.2, 
47,Brentwood,San Francisco Bay,2/20/2021,0200,051,0.00, ,0.00, ,0, ,8.6, ,50.3, ,69, ,40.6, ,10.1, ,217, ,52.8, 
47,Brentwood,San Francisco Bay,2/20/2021,0300,051,0.00, ,0.01, ,0, ,11.2, ,49.4, ,93, ,47.4, ,13.3, ,251, ,52.5, 
47,Brentwood,San Francisco Bay,2/20/2021,0400,051,0.00, ,0.00, ,0, ,10.1, ,48.1, ,89, ,44.9, ,12.5, ,259, ,52.3, 
47,Brentwood,San Francisco Bay,2/20/2021,0500,051,0.00, ,0.00, ,0, ,9.8, ,47.2, ,88, ,44.0, ,9.5, ,257, ,51.9, 
47,Brentwood,San Francisco Bay,2/20/2021,0600,051,0.00, ,0.00, ,0, ,9.2, ,46.6, ,85, ,42.5, ,8.2, ,260, ,51.5, 
47,Brentwood,San Francisco Bay,2/20/2021,0700,051,0.00, ,0.00, ,6, ,9.4, ,46.3, ,88, ,43.0, ,9.3, ,259, ,51.1, 
47,Brentwood,San Francisco Bay,2/20/2021,0800,051,0.00, ,0.00, ,166, ,9.9, ,47.8, ,87, ,44.2, ,11.9, ,257, ,50.8, 
47,Brentwood,San Francisco Bay,2/20/2021,0900,051,0.01, ,0.00, ,566, ,10.2, ,51.3, ,79, ,44.9, ,13.5, ,254, ,50.6, 
47,Brentwood,San Francisco Bay,2/20/2021,1000,051,0.01, ,0.00, ,940, ,10.1, ,53.8, ,72, ,44.9, ,14.1, ,264, ,51.0, 
47,Brentwood,San Francisco Bay,2/20/2021,1100,051,0.01, ,0.00, ,1157, ,8.5, ,56.5, ,55, ,40.5, ,12.3, ,285, ,51.8, 
47,Brentwood,San Francisco Bay,2/20/2021,1200,051,0.02, ,0.00, ,1406, ,8.0, ,59.1, ,47, ,38.6, ,12.3, ,305, ,53.0, 
47,Brentwood,San Francisco Bay,2/20/2021,1300,051,0.02, ,0.00, ,1377, ,7.7, ,60.3, ,43, ,37.7, ,12.8, ,311, ,54.3, 
47,Brentwood,San Francisco Bay,2/20/2021,1400,051,0.02, ,0.00, ,1379, ,7.0, ,61.4, ,37, ,35.3, ,13.9, ,320, ,55.4, 
47,Brentwood,San Francisco Bay,2/20/2021,1500,051,0.02, ,0.00, ,1176, ,7.0, ,61.2, ,38, ,35.5, ,13.6, ,324, ,56.2, 
47,Brentwood,San Francisco Bay,2/20/2021,1600,051,0.01, ,0.00, ,808, ,7.3, ,60.4, ,41, ,36.5, ,12.7, ,333, ,56.7, 
47,Brentwood,San Francisco Bay,2/20/2021,1700,051,0.01, ,0.00, ,460, ,7.2, ,59.6, ,41, ,36.0, ,11.1, ,329, ,56.8, 
47,Brentwood,San Francisco Bay,2/20/2021,1800,051,0.00, ,0.00, ,104, ,7.1, ,56.6, ,45, ,35.7, ,8.5, ,322, ,56.6, 
47,Brentwood,San Francisco Bay,2/20/2021,1900,051,0.00, ,0.00, ,0, ,6.8, ,51.8, ,52, ,34.7, ,5.0, ,312, ,56.1, 
47,Brentwood,San Francisco Bay,2/20/2021,2000,051,0.00, ,0.00, ,0, ,6.8, ,49.9, ,56, ,34.7, ,4.0, ,283, ,55.3, 
47,Brentwood,San Francisco Bay,2/20/2021,2100,051,0.00, ,0.00, ,0, ,7.0, ,49.3, ,58, ,35.4, ,5.1, ,244, ,54.5, 
47,Brentwood,San Francisco Bay,2/20/2021,2200,051,0.00, ,0.00, ,0, ,7.4, ,47.7, ,65, ,36.7, ,4.6, ,247, ,53.8, 
47,Brentwood,San Francisco Bay,2/20/2021,2300,051,0.00, ,0.00, ,0, ,7.6, ,47.1, ,69, ,37.4, ,5.0, ,253, ,53.1, 
47,Brentwood,San Francisco Bay,2/20/2021,2400,051,0.00, ,0.00, ,0, ,6.8, ,47.2, ,61, ,34.6, ,4.1, ,252, ,52.5, 
47,Brentwood,San Francisco Bay,2/21/2021,0100,052,0.00, ,0.00, ,0, ,6.7, ,48.7, ,58, ,34.4, ,6.4, ,286, ,51.9, 
47,Brentwood,San Francisco Bay,2/21/2021,0200,052,0.00, ,0.00, ,0, ,6.9, ,49.6, ,57, ,34.9, ,7.0, ,287, ,51.5, 
47,Brentwood,San Francisco Bay,2/21/2021,0300,052,0.00, ,0.00, ,0, ,6.9, ,49.9, ,56, ,34.9, ,8.4, ,294, ,51.1, 
47,Brentwood,San Francisco Bay,2/21/2021,0400,052,0.00, ,0.00, ,0, ,6.7, ,48.1, ,58, ,34.2, ,4.8, ,289, ,50.8, 
47,Brentwood,San Francisco Bay,2/21/2021,0500,052,0.00, ,0.00, ,0, ,6.7, ,47.2, ,61, ,34.3, ,5.6, ,285, ,50.4, 
47,Brentwood,San Francisco Bay,2/21/2021,0600,052,0.00, ,0.00, ,0, ,6.4, ,47.5, ,58, ,33.3, ,6.7, ,283, ,50.1, 
47,Brentwood,San Francisco Bay,2/21/2021,0700,052,0.00, ,0.00, ,10, ,6.2, ,45.4, ,60, ,32.3, ,4.4, ,306, ,49.7, 
47,Brentwood,San Francisco Bay,2/21/2021,0800,052,0.00, ,0.00, ,210, ,6.8, ,46.0, ,65, ,34.8, ,2.3, ,57, ,49.4, 
47,Brentwood,San Francisco Bay,2/21/2021,0900,052,0.01, ,0.00, ,582, ,6.9, ,53.5, ,49, ,34.9, ,2.7, ,353, ,49.2, 
47,Brentwood,San Francisco Bay,2/21/2021,1000,052,0.01, ,0.00, ,954, ,6.2, ,56.5, ,40, ,32.4, ,7.2, ,342, ,49.9, 
47,Brentwood,San Francisco Bay,2/21/2021,1100,052,0.01, ,0.00, ,1235, ,6.2, ,57.8, ,38, ,32.5, ,8.0, ,325, ,51.1, 
47,Brentwood,San Francisco Bay,2/21/2021,1200,052,0.02, ,0.00, ,1401, ,6.1, ,60.8, ,34, ,32.0, ,10.4, ,323, ,52.7, 
47,Brentwood,San Francisco Bay,2/21/2021,1300,052,0.02, ,0.00, ,1448, ,6.0, ,62.7, ,31, ,31.5, ,12.5, ,334, ,54.1, 
47,Brentwood,San Francisco Bay,2/21/2021,1400,052,0.02, ,0.00, ,1367, ,6.0, ,64.4, ,29, ,31.6, ,11.7, ,345, ,55.2, 
47,Brentwood,San Francisco Bay,2/21/2021,1500,052,0.02, ,0.00, ,1171, ,6.5, ,66.0, ,30, ,33.4, ,10.2, ,342, ,56.2, 
47,Brentwood,San Francisco Bay,2/21/2021,1600,052,0.01, ,0.00, ,857, ,6.7, ,66.0, ,31, ,34.3, ,7.8, ,12, ,56.9, 
47,Brentwood,San Francisco Bay,2/21/2021,1700,052,0.01, ,0.00, ,462, ,6.7, ,64.6, ,32, ,34.1, ,6.9, ,21, ,57.3, 
47,Brentwood,San Francisco Bay,2/21/2021,1800,052,0.00, ,0.00, ,96, ,6.4, ,61.0, ,35, ,33.1, ,4.4, ,33, ,57.2, 
47,Brentwood,San Francisco Bay,2/21/2021,1900,052,0.00, ,0.00, ,0, ,6.3, ,54.8, ,43, ,32.8, ,3.3, ,65, ,56.8, 
47,Brentwood,San Francisco Bay,2/21/2021,2000,052,0.00, ,0.00, ,0, ,6.6, ,53.4, ,47, ,34.0, ,4.4, ,196, ,56.0, 
47,Brentwood,San Francisco Bay,2/21/2021,2100,052,0.00, ,0.00, ,0, ,7.0, ,52.0, ,53, ,35.2, ,5.2, ,211, ,55.3, 
47,Brentwood,San Francisco Bay,2/21/2021,2200,052,0.00, ,0.00, ,0, ,7.0, ,49.6, ,58, ,35.3, ,4.6, ,204, ,54.5, 
47,Brentwood,San Francisco Bay,2/21/2021,2300,052,0.00, ,0.00, ,0, ,7.0, ,48.9, ,59, ,35.3, ,3.9, ,257, ,53.9, 
47,Brentwood,San Francisco Bay,2/21/2021,2400,052,0.00, ,0.00, ,0, ,6.7, ,48.5, ,58, ,34.4, ,4.1, ,302, ,53.3, 
47,Brentwood,San Francisco Bay,2/22/2021,0100,053,0.00, ,0.00, ,0, ,6.9, ,49.4, ,57, ,34.9, ,4.7, ,291, ,52.6, 
47,Brentwood,San Francisco Bay,2/22/2021,0200,053,0.00, ,0.00, ,0, ,7.3, ,50.3, ,59, ,36.3, ,6.7, ,283, ,52.1, 
47,Brentwood,San Francisco Bay,2/22/2021,0300,053,0.00, ,0.00, ,0, ,7.5, ,51.4, ,58, ,37.1, ,8.0, ,284, ,51.7, 
47,Brentwood,San Francisco Bay,2/22/2021,0400,053,0.00, ,0.00, ,0, ,7.4, ,50.7, ,59, ,36.8, ,7.9, ,304, ,51.4, 
47,Brentwood,San Francisco Bay,2/22/2021,0500,053,0.00, ,0.00, ,0, ,7.3, ,47.2, ,66, ,36.4, ,4.3, ,304, ,51.1, 
47,Brentwood,San Francisco Bay,2/22/2021,0600,053,0.00, ,0.00, ,0, ,7.5, ,45.9, ,71, ,37.0, ,5.6, ,282, ,50.8, 
47,Brentwood,San Francisco Bay,2/22/2021,0700,053,0.00, ,0.00, ,10, ,7.3, ,44.7, ,73, ,36.6, ,4.6, ,300, ,50.4, 
47,Brentwood,San Francisco Bay,2/22/2021,0800,053,0.00, ,0.00, ,211, ,7.7, ,47.2, ,70, ,37.9, ,3.1, ,355, ,50.0, 
47,Brentwood,San Francisco Bay,2/22/2021,0900,053,0.01, ,0.00, ,583, ,8.7, ,52.0, ,66, ,41.0, ,5.2, ,360, ,49.9, 
47,Brentwood,San Francisco Bay,2/22/2021,1000,053,0.01, ,0.00, ,957, ,8.9, ,57.0, ,56, ,41.6, ,2.3, ,43, ,50.5, 
47,Brentwood,San Francisco Bay,2/22/2021,1100,053,0.01, ,0.00, ,1238, ,9.5, ,61.1, ,52, ,43.3, ,3.5, ,9, ,52.0, 
47,Brentwood,San Francisco Bay,2/22/2021,1200,053,0.02, ,0.00, ,1404, ,9.1, ,61.6, ,49, ,42.0, ,4.3, ,42, ,53.9, 
47,Brentwood,San Francisco Bay,2/22/2021,1300,053,0.02, ,0.00, ,1451, ,8.9, ,64.9, ,43, ,41.6, ,4.1, ,15, ,55.9, 
47,Brentwood,San Francisco Bay,2/22/2021,1400,053,0.02, ,0.00, ,1374, ,8.8, ,67.0, ,39, ,41.1, ,4.4, ,307, ,57.7, 
47,Brentwood,San Francisco Bay,2/22/2021,1500,053,0.01, ,0.00, ,1182, ,8.2, ,68.0, ,35, ,39.3, ,3.1, ,61, ,59.2, 
47,Brentwood,San Francisco Bay,2/22/2021,1600,053,0.01, ,0.00, ,866, ,7.7, ,69.4, ,32, ,37.9, ,2.8, ,6, ,60.1, 
47,Brentwood,San Francisco Bay,2/22/2021,1700,053,0.01, ,0.00, ,474, ,8.5, ,67.1, ,37, ,40.3, ,3.3, ,88, ,60.5, 
47,Brentwood,San Francisco Bay,2/22/2021,1800,053,0.00, ,0.00, ,110, ,8.4, ,64.1, ,41, ,40.1, ,2.6, ,101, ,60.3, 
47,Brentwood,San Francisco Bay,2/22/2021,1900,053,0.00, ,0.00, ,0, ,8.0, ,59.8, ,46, ,38.8, ,2.7, ,135, ,59.7, 
47,Brentwood,San Francisco Bay,2/22/2021,2000,053,0.00, ,0.00, ,0, ,8.2, ,56.2, ,53, ,39.3, ,2.0, ,232, ,58.8, 
47,Brentwood,San Francisco Bay,2/22/2021,2100,053,0.00, ,0.00, ,0, ,7.6, ,53.2, ,55, ,37.6, ,3.0, ,217, ,57.8, 
47,Brentwood,San Francisco Bay,2/22/2021,2200,053,0.00, ,0.00, ,0, ,7.5, ,51.2, ,58, ,37.0, ,2.1, ,216, ,56.8, 
47,Brentwood,San Francisco Bay,2/22/2021,2300,053,0.00, ,0.00, ,0, ,7.2, ,49.0, ,61, ,36.0, ,2.2, ,262, ,55.9, 
47,Brentwood,San Francisco Bay,2/22/2021,2400,053,0.00, ,0.00, ,0, ,7.3, ,48.4, ,63, ,36.3, ,3.6, ,227, ,55.0, 
47,Brentwood,San Francisco Bay,2/23/2021,0100,054,0.00, ,0.00, ,0, ,6.9, ,46.9, ,63, ,35.1, ,2.4, ,281, ,54.2, 
47,Brentwood,San Francisco Bay,2/23/2021,0200,054,0.00, ,0.00, ,0, ,7.3, ,47.4, ,66, ,36.6, ,2.3, ,218, ,53.5, 
47,Brentwood,San Francisco Bay,2/23/2021,0300,054,0.00, ,0.00, ,0, ,7.4, ,47.1, ,67, ,36.9, ,3.2, ,295, ,53.0, 
47,Brentwood,San Francisco Bay,2/23/2021,0400,054,0.00, ,0.00, ,0, ,8.0, ,48.2, ,69, ,38.6, ,4.6, ,268, ,52.6, 
47,Brentwood,San Francisco Bay,2/23/2021,0500,054,0.00, ,0.00, ,0, ,8.3, ,51.9, ,63, ,39.8, ,6.1, ,267, ,52.3, 
47,Brentwood,San Francisco Bay,2/23/2021,0600,054,0.00, ,0.00, ,0, ,8.1, ,51.9, ,61, ,39.1, ,4.6, ,259, ,51.9, 
47,Brentwood,San Francisco Bay,2/23/2021,0700,054,0.00, ,0.00, ,6, ,8.0, ,51.7, ,61, ,38.7, ,3.9, ,210, ,51.7, 
47,Brentwood,San Francisco Bay,2/23/2021,0800,054,0.00, ,0.00, ,166, ,8.0, ,49.5, ,66, ,38.7, ,3.0, ,161, ,51.4, 
47,Brentwood,San Francisco Bay,2/23/2021,0900,054,0.01, ,0.00, ,525, ,8.7, ,58.1, ,52, ,40.8, ,2.5, ,164, ,51.3, 
47,Brentwood,San Francisco Bay,2/23/2021,1000,054,0.01,Y,0.00, ,843, ,8.0, ,63.6,Y,40,Y,38.9,Y,8.1, ,321, ,51.9, 
47,Brentwood,San Francisco Bay,2/23/2021,1100,054,0.02,Y,0.00, ,1230, ,6.5, ,68.1,Y,28,Y,33.5,Y,15.6, ,327, ,52.9, 
47,Brentwood,San Francisco Bay,2/23/2021,1200,054,0.02,Y,0.00, ,1438, ,5.4, ,72.1,Y,20,Y,28.9,Y,15.3, ,330, ,54.0, 
47,Brentwood,San Francisco Bay,2/23/2021,1300,054,0.03,Y,0.00, ,1525, ,4.3, ,75.9,Y,14,Y,23.7,Y,14.3, ,338, ,55.3, 
47,Brentwood,San Francisco Bay,2/23/2021,1400,054,0.03,Y,0.00, ,1451, ,3.8, ,77.9,Y,12,Y,20.5,Y,15.2, ,326, ,56.6, 
47,Brentwood,San Francisco Bay,2/23/2021,1500,054,0.02,Y,0.00, ,1245, ,3.4, ,79.0,Y,10,Y,18.1,Y,14.1, ,321, ,57.6, 
47,Brentwood,San Francisco Bay,2/23/2021,1600,054,0.02,Y,0.00, ,925, ,3.1, ,78.8,Y,9,Y,15.5,Y,12.8, ,325, ,58.4, 
47,Brentwood,San Francisco Bay,2/23/2021,1700,054,0.01,Y,0.00, ,521, ,2.8, ,77.1,Y,9,Y,13.5,Y,12.1, ,318, ,58.8, 
47,Brentwood,San Francisco Bay,2/23/2021,1800,054,0.01,Y,0.00, ,128, ,2.9, ,71.9,Y,11,Y,14.5,Y,9.1, ,310, ,58.8, 
47,Brentwood,San Francisco Bay,2/23/2021,1900,054,0.00, ,0.00, ,0, ,3.1, ,64.0, ,15, ,16.2, ,5.8, ,309, ,58.5, 
47,Brentwood,San Francisco Bay,2/23/2021,2000,054,0.00, ,0.00, ,0, ,3.5, ,59.2, ,20, ,18.3, ,4.1, ,254, ,57.7, 
47,Brentwood,San Francisco Bay,2/23/2021,2100,054,0.00, ,0.00, ,0, ,3.6, ,55.3, ,24, ,19.5, ,3.3, ,171, ,56.8, 
47,Brentwood,San Francisco Bay,2/23/2021,2200,054,0.00, ,0.00, ,0, ,3.4, ,55.4, ,23, ,18.0, ,4.1, ,207, ,55.9, 
47,Brentwood,San Francisco Bay,2/23/2021,2300,054,0.00, ,0.00, ,0, ,3.6, ,53.4, ,26, ,19.4, ,3.8, ,191, ,55.1, 
47,Brentwood,San Francisco Bay,2/23/2021,2400,054,0.00, ,0.00, ,0, ,3.9, ,58.5, ,23, ,21.2, ,7.3, ,288, ,54.3, 
47,Brentwood,San Francisco Bay,2/24/2021,0100,055,0.00,Y,0.00, ,0, ,3.9, ,60.2,Y,22,Y,21.0,Y,10.1, ,300, ,53.7, 
47,Brentwood,San Francisco Bay,2/24/2021,0200,055,0.00, ,0.00, ,0, ,3.8, ,57.1, ,24, ,20.7, ,8.2, ,311, ,53.4, 
47,Brentwood,San Francisco Bay,2/24/2021,0300,055,0.00, ,0.00, ,0, ,3.8, ,54.2, ,26, ,20.3, ,6.3, ,304, ,53.1, 
47,Brentwood,San Francisco Bay,2/24/2021,0400,055,0.00, ,0.00, ,0, ,3.9, ,53.6, ,28, ,21.1, ,5.4, ,299, ,52.6, 
47,Brentwood,San Francisco Bay,2/24/2021,0500,055,0.00, ,0.00, ,0, ,4.1, ,52.0, ,31, ,22.1, ,3.1, ,313, ,52.1, 
47,Brentwood,San Francisco Bay,2/24/2021,0600,055,0.00, ,0.00, ,0, ,4.2, ,48.8, ,36, ,23.1, ,3.2, ,127, ,51.5, 
47,Brentwood,San Francisco Bay,2/24/2021,0700,055,0.00, ,0.00, ,14, ,4.4, ,48.0, ,39, ,24.3, ,3.7, ,244, ,51.0, 
47,Brentwood,San Francisco Bay,2/24/2021,0800,055,0.00, ,0.00, ,246, ,4.8, ,51.3, ,37, ,25.9, ,3.7, ,279, ,50.4, 
47,Brentwood,San Francisco Bay,2/24/2021,0900,055,0.01, ,0.00, ,650, ,4.4, ,57.7, ,27, ,24.0, ,8.4, ,325, ,50.2, 
47,Brentwood,San Francisco Bay,2/24/2021,1000,055,0.01, ,0.00, ,1039, ,4.7, ,60.4, ,26, ,25.4, ,8.9, ,335, ,50.8, 
47,Brentwood,San Francisco Bay,2/24/2021,1100,055,0.02, ,0.00, ,1336, ,3.4, ,64.5, ,16, ,18.1, ,16.9, ,335, ,52.0, 
47,Brentwood,San Francisco Bay,2/24/2021,1200,055,0.03, ,0.00, ,1508, ,3.0, ,67.0, ,13, ,14.9, ,20.9, ,332, ,53.1, 
47,Brentwood,San Francisco Bay,2/24/2021,1300,055,0.03, ,0.00, ,1548, ,2.7, ,68.3, ,12, ,13.1, ,21.4, ,333, ,54.0, 
47,Brentwood,San Francisco Bay,2/24/2021,1400,055,0.03, ,0.00, ,1466, ,2.6, ,69.0, ,11, ,12.1, ,20.6, ,317, ,54.9, 
47,Brentwood,San Francisco Bay,2/24/2021,1500,055,0.03, ,0.00, ,1259, ,2.6, ,68.7, ,11, ,11.6, ,20.5, ,308, ,55.6, 
47,Brentwood,San Francisco Bay,2/24/2021,1600,055,0.02, ,0.00, ,930, ,2.8, ,67.6, ,12, ,13.4, ,20.5, ,314, ,56.2, 
47,Brentwood,San Francisco Bay,2/24/2021,1700,055,0.02, ,0.00, ,498, ,3.0, ,65.3, ,14, ,15.3, ,20.0, ,315, ,56.4, 
47,Brentwood,San Francisco Bay,2/24/2021,1800,055,0.01, ,0.00, ,118, ,3.3, ,61.4, ,18, ,17.0, ,18.8, ,311, ,56.4, 
47,Brentwood,San Francisco Bay,2/24/2021,1900,055,0.01, ,0.00, ,0, ,3.5, ,58.4, ,21, ,18.3, ,18.6, ,299, ,56.2, 
47,Brentwood,San Francisco Bay,2/24/2021,2000,055,0.01, ,0.00, ,0, ,3.6, ,56.6, ,23, ,19.4, ,16.8, ,299, ,55.8, 
47,Brentwood,San Francisco Bay,2/24/2021,2100,055,0.01, ,0.00, ,0, ,3.5, ,55.1, ,24, ,18.7, ,16.3, ,308, ,55.4, 
47,Brentwood,San Francisco Bay,2/24/2021,2200,055,0.00, ,0.00, ,0, ,3.5, ,53.3, ,25, ,18.7, ,13.2, ,314, ,54.9, 
47,Brentwood,San Francisco Bay,2/24/2021,2300,055,0.00, ,0.00, ,0, ,3.5, ,51.5, ,27, ,18.9, ,11.2, ,300, ,54.4, 
47,Brentwood,San Francisco Bay,2/24/2021,2400,055,0.00, ,0.00, ,0, ,3.3, ,51.0, ,25, ,16.9, ,14.7, ,301, ,53.9, 
47,Brentwood,San Francisco Bay,2/25/2021,0100,056,0.00, ,0.00, ,0, ,3.1, ,50.0, ,26, ,16.1, ,14.9, ,308, ,53.4, 
47,Brentwood,San Francisco Bay,2/25/2021,0200,056,0.00, ,0.00, ,0, ,3.1, ,49.8, ,25, ,15.6, ,13.6, ,304, ,53.0, 
47,Brentwood,San Francisco Bay,2/25/2021,0300,056,0.01, ,0.00, ,0, ,3.0, ,49.7, ,25, ,15.0, ,15.6, ,297, ,52.6, 
47,Brentwood,San Francisco Bay,2/25/2021,0400,056,0.00, ,0.00, ,0, ,3.0, ,49.4, ,25, ,14.9, ,14.6, ,298, ,52.2, 
47,Brentwood,San Francisco Bay,2/25/2021,0500,056,0.00, ,0.00, ,0, ,2.9, ,48.7, ,25, ,14.6, ,12.8, ,303, ,51.9, 
47,Brentwood,San Francisco Bay,2/25/2021,0600,056,0.00, ,0.00, ,0, ,3.0, ,47.7, ,27, ,15.0, ,9.9, ,297, ,51.5, 
47,Brentwood,San Francisco Bay,2/25/2021,0700,056,0.00, ,0.00, ,16, ,2.9, ,47.7, ,25, ,13.9, ,11.1, ,302, ,51.1, 
47,Brentwood,San Francisco Bay,2/25/2021,0800,056,0.00, ,0.00, ,252, ,3.2, ,50.5, ,26, ,16.7, ,8.8, ,308, ,50.7, 
47,Brentwood,San Francisco Bay,2/25/2021,0900,056,0.01, ,0.00, ,553, ,3.5, ,53.5, ,25, ,18.5, ,10.0, ,323, ,50.6, 
47,Brentwood,San Francisco Bay,2/25/2021,1000,056,0.01, ,0.00, ,1038, ,3.6, ,57.3, ,22, ,19.1, ,11.9, ,330, ,51.0, 
47,Brentwood,San Francisco Bay,2/25/2021,1100,056,0.02, ,0.00, ,1249, ,3.5, ,60.2, ,19, ,18.3, ,9.5, ,332, ,52.0, 
47,Brentwood,San Francisco Bay,2/25/2021,1200,056,0.02, ,0.00, ,1340, ,3.6, ,62.3, ,19, ,19.1, ,7.7, ,322, ,53.3, 
47,Brentwood,San Francisco Bay,2/25/2021,1300,056,0.02, ,0.00, ,1455, ,3.4, ,64.4, ,17, ,18.2, ,8.9, ,318, ,54.9, 
47,Brentwood,San Francisco Bay,2/25/2021,1400,056,0.02, ,0.00, ,1374, ,3.6, ,65.8, ,17, ,19.5, ,8.6, ,336, ,56.4, 
47,Brentwood,San Francisco Bay,2/25/2021,1500,056,0.02, ,0.00, ,1198, ,3.8, ,67.6, ,16, ,20.5, ,6.9, ,338, ,57.6, 
47,Brentwood,San Francisco Bay,2/25/2021,1600,056,0.01, ,0.00, ,934, ,3.5, ,68.8, ,14, ,18.5, ,6.3, ,322, ,58.3, 
47,Brentwood,San Francisco Bay,2/25/2021,1700,056,0.01, ,0.00, ,528, ,3.6, ,69.8, ,14, ,19.0, ,3.8, ,336, ,58.6, 
47,Brentwood,San Francisco Bay,2/25/2021,1800,056,0.00, ,0.00, ,133, ,3.7, ,65.0, ,17, ,19.6, ,3.2, ,354, ,58.4, 
47,Brentwood,San Francisco Bay,2/25/2021,1900,056,0.00, ,0.00, ,0, ,3.9, ,58.1, ,23, ,20.9, ,3.2, ,175, ,57.8, 
47,Brentwood,San Francisco Bay,2/25/2021,2000,056,0.00, ,0.00, ,0, ,4.0, ,52.8, ,29, ,21.5, ,4.2, ,193, ,56.9, 
47,Brentwood,San Francisco Bay,2/25/2021,2100,056,0.00, ,0.00, ,0, ,3.9, ,49.0, ,33, ,21.3, ,2.7, ,192, ,56.0, 
47,Brentwood,San Francisco Bay,2/25/2021,2200,056,0.00, ,0.00, ,0, ,4.1, ,46.7, ,38, ,22.6, ,1.8, ,323, ,55.0, 
47,Brentwood,San Francisco Bay,2/25/2021,2300,056,0.00, ,0.00, ,0, ,4.3, ,45.0, ,43, ,23.7, ,2.4, ,154, ,54.1, 
47,Brentwood,San Francisco Bay,2/25/2021,2400,056,0.00, ,0.00, ,2, ,4.4, ,44.8, ,44, ,24.0, ,2.8, ,233, ,53.2, 
47,Brentwood,San Francisco Bay,2/26/2021,0100,057,0.00, ,0.00, ,1, ,4.5, ,40.9, ,51, ,24.4, ,2.3, ,327, ,52.4, 
47,Brentwood,San Francisco Bay,2/26/2021,0200,057,0.00, ,0.00, ,1, ,4.9, ,42.9, ,52, ,26.4, ,3.8, ,210, ,51.7, 
47,Brentwood,San Francisco Bay,2/26/2021,0300,057,0.00, ,0.00, ,1, ,4.8, ,41.4, ,54, ,25.9, ,2.3, ,190, ,51.1, 
47,Brentwood,San Francisco Bay,2/26/2021,0400,057,0.00, ,0.00, ,0, ,4.7, ,39.5, ,57, ,25.6, ,2.9, ,153, ,50.5, 
47,Brentwood,San Francisco Bay,2/26/2021,0500,057,0.00, ,0.00, ,0, ,4.7, ,37.7, ,61, ,25.7, ,2.0, ,159, ,49.9, 
47,Brentwood,San Francisco Bay,2/26/2021,0600,057,0.00, ,0.00, ,0, ,4.9, ,36.9, ,66, ,26.6, ,2.2, ,279, ,49.4, 
47,Brentwood,San Francisco Bay,2/26/2021,0700,057,0.00, ,0.00, ,16, ,5.3, ,38.0, ,69, ,28.7, ,3.1, ,227, ,48.8, 
47,Brentwood,San Francisco Bay,2/26/2021,0800,057,0.00, ,0.00, ,242, ,5.9, ,42.0, ,65, ,30.9, ,2.6, ,243, ,48.3, 
47,Brentwood,San Francisco Bay,2/26/2021,0900,057,0.01, ,0.00, ,631, ,6.8, ,51.0, ,54, ,34.8, ,2.1, ,158, ,48.2, 
47,Brentwood,San Francisco Bay,2/26/2021,1000,057,0.01, ,0.00, ,1010, ,7.5, ,56.7, ,48, ,37.0, ,5.0, ,286, ,49.1, 
47,Brentwood,San Francisco Bay,2/26/2021,1100,057,0.02, ,0.00, ,1299, ,6.4, ,62.0, ,34, ,33.1, ,6.6, ,302, ,50.7, 
47,Brentwood,San Francisco Bay,2/26/2021,1200,057,0.02, ,0.00, ,1469, ,5.5, ,64.8, ,26, ,29.5, ,4.2, ,314, ,52.7, 
47,Brentwood,San Francisco Bay,2/26/2021,1300,057,0.02, ,0.00, ,1511, ,6.3, ,66.1, ,29, ,32.8, ,5.6, ,337, ,55.0, 
47,Brentwood,San Francisco Bay,2/26/2021,1400,057,0.02, ,0.00, ,1420, ,7.4, ,66.9, ,33, ,36.6, ,9.8, ,335, ,56.7, 
47,Brentwood,San Francisco Bay,2/26/2021,1500,057,0.02, ,0.00, ,1218, ,7.0, ,67.9, ,30, ,35.5, ,10.3, ,298, ,57.9, 
47,Brentwood,San Francisco Bay,2/26/2021,1600,057,0.01, ,0.00, ,919, ,7.0, ,66.8, ,31, ,35.4, ,12.1, ,286, ,58.6, 
47,Brentwood,San Francisco Bay,2/26/2021,1700,057,0.01, ,0.00, ,494, ,6.9, ,65.4, ,32, ,34.9, ,9.4, ,277, ,58.8, 
47,Brentwood,San Francisco Bay,2/26/2021,1800,057,0.00, ,0.00, ,125, ,7.0, ,63.3, ,35, ,35.2, ,7.3, ,253, ,58.7, 
47,Brentwood,San Francisco Bay,2/26/2021,1900,057,0.00, ,0.00, ,1, ,7.6, ,59.2, ,44, ,37.5, ,6.1, ,226, ,58.3, 
47,Brentwood,San Francisco Bay,2/26/2021,2000,057,0.00, ,0.00, ,0, ,7.4, ,55.9, ,48, ,36.7, ,3.7, ,239, ,57.7, 
47,Brentwood,San Francisco Bay,2/26/2021,2100,057,0.00, ,0.00, ,0, ,7.7, ,54.7, ,52, ,37.6, ,5.9, ,241, ,56.8, 
47,Brentwood,San Francisco Bay,2/26/2021,2200,057,0.00, ,0.00, ,0, ,7.5, ,53.1, ,55, ,37.3, ,6.0, ,232, ,56.1, 
47,Brentwood,San Francisco Bay,2/26/2021,2300,057,0.00, ,0.00, ,0, ,7.5, ,52.3, ,56, ,37.0, ,6.5, ,231, ,55.4, 
47,Brentwood,San Francisco Bay,2/26/2021,2400,057,0.00, ,0.00, ,0, ,7.2, ,49.5, ,59, ,36.0, ,4.0, ,272, ,54.8, 
47,Brentwood,San Francisco Bay,2/27/2021,0100,058,0.00, ,0.00, ,0, ,6.7, ,48.4, ,58, ,34.4, ,3.7, ,264, ,54.2, 
47,Brentwood,San Francisco Bay,2/27/2021,0200,058,0.00, ,0.00, ,0, ,5.9, ,49.6, ,49, ,31.2, ,5.7, ,275, ,53.4, 
47,Brentwood,San Francisco Bay,2/27/2021,0300,058,0.00, ,0.00, ,0, ,5.8, ,47.7, ,52, ,30.9, ,5.3, ,287, ,52.8, 
47,Brentwood,San Francisco Bay,2/27/2021,0400,058,0.00, ,0.00, ,0, ,5.6, ,45.2, ,55, ,30.0, ,4.8, ,289, ,52.3, 
47,Brentwood,San Francisco Bay,2/27/2021,0500,058,0.00, ,0.00, ,1, ,5.8, ,42.9, ,62, ,30.8, ,4.3, ,295, ,51.7, 
47,Brentwood,San Francisco Bay,2/27/2021,0600,058,0.00, ,0.00, ,1, ,5.8, ,44.3, ,58, ,30.6, ,7.5, ,291, ,51.1, 
47,Brentwood,San Francisco Bay,2/27/2021,0700,058,0.00, ,0.00, ,19, ,5.3, ,45.7, ,50, ,28.3, ,7.9, ,288, ,50.6, 
47,Brentwood,San Francisco Bay,2/27/2021,0800,058,0.00, ,0.00, ,256, ,5.2, ,48.5, ,45, ,28.1, ,8.1, ,295, ,50.3, 
47,Brentwood,San Francisco Bay,2/27/2021,0900,058,0.01, ,0.00, ,652, ,5.1, ,52.6, ,38, ,27.6, ,11.4, ,296, ,50.3, 
47,Brentwood,San Francisco Bay,2/27/2021,1000,058,0.01, ,0.00, ,1033, ,5.2, ,55.6, ,34, ,28.1, ,15.1, ,307, ,50.8, 
47,Brentwood,San Francisco Bay,2/27/2021,1100,058,0.02, ,0.00, ,1321, ,4.8, ,59.0, ,28, ,25.9, ,16.3, ,322, ,51.7, 
47,Brentwood,San Francisco Bay,2/27/2021,1200,058,0.02, ,0.00, ,1489, ,4.4, ,61.6, ,24, ,24.2, ,18.3, ,323, ,52.8, 
47,Brentwood,San Francisco Bay,2/27/2021,1300,058,0.03, ,0.00, ,1534, ,4.2, ,63.6, ,21, ,22.8, ,18.3, ,319, ,53.8, 
47,Brentwood,San Francisco Bay,2/27/2021,1400,058,0.02, ,0.00, ,1451, ,4.5, ,64.7, ,22, ,24.6, ,17.4, ,318, ,54.8, 
47,Brentwood,San Francisco Bay,2/27/2021,1500,058,0.02, ,0.00, ,1251, ,4.1, ,65.8, ,19, ,22.5, ,18.9, ,311, ,55.5, 
47,Brentwood,San Francisco Bay,2/27/2021,1600,058,0.02, ,0.00, ,929, ,3.4, ,65.8, ,16, ,18.3, ,18.7, ,316, ,56.0, 
47,Brentwood,San Francisco Bay,2/27/2021,1700,058,0.01, ,0.00, ,525, ,3.5, ,64.8, ,17, ,18.5, ,16.0, ,318, ,56.3, 
47,Brentwood,San Francisco Bay,2/27/2021,1800,058,0.01, ,0.00, ,140, ,3.5, ,61.8, ,19, ,18.7, ,11.9, ,316, ,56.3, 
47,Brentwood,San Francisco Bay,2/27/2021,1900,058,0.00, ,0.00, ,1, ,3.5, ,56.3, ,23, ,18.6, ,7.4, ,311, ,56.0, 
47,Brentwood,San Francisco Bay,2/27/2021,2000,058,0.00, ,0.00, ,0, ,4.0, ,54.2, ,28, ,22.0, ,6.8, ,295, ,55.5, 
47,Brentwood,San Francisco Bay,2/27/2021,2100,058,0.00, ,0.00, ,0, ,5.7, ,54.0, ,40, ,30.3, ,7.4, ,287, ,54.8, 
47,Brentwood,San Francisco Bay,2/27/2021,2200,058,0.00, ,0.00, ,0, ,5.9, ,51.9, ,45, ,31.2, ,5.1, ,268, ,54.2, 
47,Brentwood,San Francisco Bay,2/27/2021,2300,058,0.00, ,0.00, ,0, ,6.0, ,52.6, ,44, ,31.4, ,7.3, ,264, ,53.6, 
47,Brentwood,San Francisco Bay,2/27/2021,2400,058,0.00, ,0.00, ,0, ,5.7, ,53.9, ,40, ,30.5, ,9.0, ,287, ,53.1, 
47,Brentwood,San Francisco Bay,2/28/2021,0100,059,0.00, ,0.00, ,0, ,5.2, ,53.0, ,38, ,28.2, ,11.3, ,300, ,52.8, 
47,Brentwood,San Francisco Bay,2/28/2021,0200,059,0.00, ,0.00, ,0, ,5.6, ,51.9, ,42, ,29.6, ,10.7, ,303, ,52.5, 
47,Brentwood,San Francisco Bay,2/28/2021,0300,059,0.00, ,0.00, ,0, ,5.1, ,50.3, ,41, ,27.6, ,8.1, ,302, ,52.2, 
47,Brentwood,San Francisco Bay,2/28/2021,0400,059,0.00, ,0.00, ,0, ,4.0, ,49.4, ,34, ,22.0, ,8.2, ,310, ,51.9, 
47,Brentwood,San Francisco Bay,2/28/2021,0500,059,0.00, ,0.00, ,0, ,3.9, ,48.9, ,33, ,21.4, ,8.3, ,302, ,51.5, 
47,Brentwood,San Francisco Bay,2/28/2021,0600,059,0.00, ,0.00, ,0, ,4.0, ,46.8, ,36, ,21.6, ,6.4, ,312, ,51.1, 
47,Brentwood,San Francisco Bay,2/28/2021,0700,059,0.00, ,0.00, ,16, ,4.1, ,44.5, ,41, ,22.1, ,5.3, ,298, ,50.7, 
47,Brentwood,San Francisco Bay,2/28/2021,0800,059,0.00, ,0.00, ,245, ,4.5, ,48.7, ,38, ,24.6, ,7.5, ,315, ,50.3, 
47,Brentwood,San Francisco Bay,2/28/2021,0900,059,0.01, ,0.00, ,657, ,4.7, ,53.2, ,34, ,25.4, ,9.9, ,325, ,50.2, 
47,Brentwood,San Francisco Bay,2/28/2021,1000,059,0.01, ,0.00, ,1044, ,4.9, ,56.3, ,32, ,26.8, ,8.6, ,318, ,50.8, 
47,Brentwood,San Francisco Bay,2/28/2021,1100,059,0.02, ,0.00, ,1326, ,5.2, ,58.8, ,31, ,28.1, ,9.7, ,321, ,52.0, 
47,Brentwood,San Francisco Bay,2/28/2021,1200,059,0.02, ,0.00, ,1492, ,5.3, ,60.8, ,29, ,28.7, ,9.0, ,344, ,53.5, 
47,Brentwood,San Francisco Bay,2/28/2021,1300,059,0.02, ,0.00, ,1527, ,5.7, ,61.6, ,31, ,30.4, ,5.3, ,11, ,55.2, 
47,Brentwood,San Francisco Bay,2/28/2021,1400,059,0.02, ,0.00, ,1435, ,6.2, ,64.3, ,30, ,32.3, ,4.4, ,354, ,56.9, 
47,Brentwood,San Francisco Bay,2/28/2021,1500,059,0.01, ,0.00, ,1239, ,6.2, ,65.5, ,29, ,32.5, ,4.4, ,32, ,58.4, 
47,Brentwood,San Francisco Bay,2/28/2021,1600,059,0.01, ,0.00, ,926, ,6.0, ,65.3, ,28, ,31.4, ,4.1, ,60, ,59.2, 
47,Brentwood,San Francisco Bay,2/28/2021,1700,059,0.01, ,0.00, ,528, ,5.8, ,63.8, ,29, ,30.8, ,3.9, ,72, ,59.4, 
47,Brentwood,San Francisco Bay,2/28/2021,1800,059,0.00, ,0.00, ,141, ,5.9, ,61.2, ,32, ,31.3, ,3.4, ,63, ,59.1, 
47,Brentwood,San Francisco Bay,2/28/2021,1900,059,0.00, ,0.00, ,1, ,5.5, ,56.6, ,35, ,29.6, ,2.6, ,313, ,58.6, 
47,Brentwood,San Francisco Bay,2/28/2021,2000,059,0.00, ,0.00, ,0, ,5.6, ,54.3, ,39, ,29.6, ,2.9, ,240, ,57.8, 
47,Brentwood,San Francisco Bay,2/28/2021,2100,059,0.00, ,0.00, ,0, ,5.7, ,50.8, ,45, ,30.3, ,2.9, ,196, ,56.8, 
47,Brentwood,San Francisco Bay,2/28/2021,2200,059,0.00, ,0.00, ,0, ,5.6, ,48.9, ,48, ,30.0, ,2.6, ,205, ,55.9, 
47,Brentwood,San Francisco Bay,2/28/2021,2300,059,0.00, ,0.00, ,0, ,5.4, ,46.0, ,52, ,29.2, ,1.8, ,193, ,55.0, 
47,Brentwood,San Francisco Bay,2/28/2021,2400,059,0.00, ,0.00, ,2, ,5.5, ,44.7, ,55, ,29.5, ,2.5, ,184, ,54.1, 
47,Brentwood,San Francisco Bay,3/1/2021,0100,060,0.00, ,0.00, ,2, ,5.4, ,43.1, ,58, ,29.2, ,3.8, ,169, ,53.3, 
47,Brentwood,San Francisco Bay,3/1/2021,0200,060,0.00, ,0.00, ,1, ,5.6, ,41.8, ,62, ,29.9, ,1.7, ,177, ,52.6, 
47,Brentwood,San Francisco Bay,3/1/2021,0300,060,0.00, ,0.00, ,0, ,5.5, ,40.9, ,63, ,29.3, ,1.6, ,224, ,51.9, 
47,Brentwood,San Francisco Bay,3/1/2021,0400,060,0.00, ,0.00, ,0, ,5.1, ,37.7, ,66, ,27.4, ,1.6, ,347, ,51.2, 
47,Brentwood,San Francisco Bay,3/1/2021,0500,060,0.00, ,0.00, ,0, ,5.5, ,38.9, ,69, ,29.5, ,1.7, ,194, ,50.6, 
47,Brentwood,San Francisco Bay,3/1/2021,0600,060,0.00, ,0.00, ,0, ,5.2, ,35.7, ,73, ,27.8, ,1.9, ,82, ,50.0, 
47,Brentwood,San Francisco Bay,3/1/2021,0700,060,0.00, ,0.00, ,20, ,5.2, ,35.8, ,72, ,27.8, ,2.0, ,190, ,49.4, 
47,Brentwood,San Francisco Bay,3/1/2021,0800,060,0.00, ,0.00, ,267, ,5.6, ,40.0, ,67, ,29.9, ,2.3, ,293, ,48.8, 
47,Brentwood,San Francisco Bay,3/1/2021,0900,060,0.01, ,0.00, ,658, ,7.9, ,50.5, ,63, ,38.4, ,5.3, ,326, ,48.7, 
47,Brentwood,San Francisco Bay,3/1/2021,1000,060,0.01, ,0.00, ,1034, ,8.4, ,56.4, ,54, ,40.0, ,6.8, ,327, ,49.5, 
47,Brentwood,San Francisco Bay,3/1/2021,1100,060,0.01, ,0.00, ,1319, ,7.9, ,60.6, ,44, ,38.4, ,7.2, ,332, ,51.1, 
47,Brentwood,San Francisco Bay,3/1/2021,1200,060,0.02, ,0.00, ,1479, ,7.8, ,64.5, ,37, ,38.0, ,7.4, ,350, ,53.0, 
47,Brentwood,San Francisco Bay,3/1/2021,1300,060,0.02, ,0.00, ,1516, ,7.1, ,67.9, ,30, ,35.7, ,5.9, ,353, ,54.9, 
47,Brentwood,San Francisco Bay,3/1/2021,1400,060,0.02, ,0.00, ,1436, ,6.3, ,69.6, ,26, ,32.9, ,5.5, ,13, ,56.8, 
47,Brentwood,San Francisco Bay,3/1/2021,1500,060,0.02, ,0.00, ,1223, ,5.8, ,71.3, ,22, ,30.8, ,5.0, ,13, ,58.3, 
47,Brentwood,San Francisco Bay,3/1/2021,1600,060,0.01, ,0.00, ,905, ,5.7, ,69.4, ,23, ,30.3, ,5.6, ,56, ,59.2, 
47,Brentwood,San Francisco Bay,3/1/2021,1700,060,0.01, ,0.00, ,509, ,5.3, ,69.5, ,22, ,28.5, ,3.3, ,91, ,59.4, 
47,Brentwood,San Francisco Bay,3/1/2021,1800,060,0.00, ,0.00, ,133, ,4.7, ,68.8, ,20, ,25.6, ,2.6, ,305, ,59.3, 
47,Brentwood,San Francisco Bay,3/1/2021,1900,060,0.00, ,0.00, ,1, ,6.1, ,61.0, ,33, ,31.8, ,6.8, ,292, ,58.9, 
47,Brentwood,San Francisco Bay,3/1/2021,2000,060,0.00, ,0.00, ,0, ,5.9, ,57.8, ,36, ,31.2, ,5.9, ,285, ,58.2, 
47,Brentwood,San Francisco Bay,3/1/2021,2100,060,0.00, ,0.00, ,0, ,5.6, ,55.5, ,37, ,30.0, ,4.1, ,255, ,57.4, 
47,Brentwood,San Francisco Bay,3/1/2021,2200,060,0.00, ,0.00, ,0, ,5.7, ,51.9, ,43, ,30.3, ,3.6, ,253, ,56.6, 
47,Brentwood,San Francisco Bay,3/1/2021,2300,060,0.00, ,0.00, ,0, ,5.6, ,50.0, ,46, ,30.0, ,3.0, ,246, ,55.7, 
47,Brentwood,San Francisco Bay,3/1/2021,2400,060,0.00, ,0.00, ,0, ,5.2, ,47.8, ,46, ,28.2, ,3.8, ,278, ,54.9, 
47,Brentwood,San Francisco Bay,3/2/2021,0100,061,0.00, ,0.00, ,0, ,5.1, ,47.4, ,45, ,27.4, ,2.8, ,254, ,54.2, 
47,Brentwood,San Francisco Bay,3/2/2021,0200,061,0.00, ,0.00, ,0, ,5.0, ,46.8, ,46, ,27.1, ,3.0, ,256, ,53.4, 
47,Brentwood,San Francisco Bay,3/2/2021,0300,061,0.00, ,0.00, ,1, ,4.9, ,45.2, ,48, ,26.8, ,2.1, ,269, ,52.8, 
47,Brentwood,San Francisco Bay,3/2/2021,0400,061,0.00, ,0.00, ,2, ,5.0, ,43.7, ,52, ,27.1, ,3.8, ,275, ,52.2, 
47,Brentwood,San Francisco Bay,3/2/2021,0500,061,0.00, ,0.00, ,2, ,5.2, ,45.5, ,50, ,28.0, ,4.4, ,290, ,51.7, 
47,Brentwood,San Francisco Bay,3/2/2021,0600,061,0.00, ,0.00, ,2, ,5.1, ,44.5, ,51, ,27.6, ,4.4, ,292, ,51.2, 
47,Brentwood,San Francisco Bay,3/2/2021,0700,061,0.00, ,0.00, ,20, ,5.3, ,45.3, ,51, ,28.3, ,5.1, ,279, ,50.8, 
47,Brentwood,San Francisco Bay,3/2/2021,0800,061,0.00, ,0.00, ,218, ,5.6, ,48.3, ,49, ,29.9, ,5.2, ,293, ,50.4, 
47,Brentwood,San Francisco Bay,3/2/2021,0900,061,0.01, ,0.00, ,533, ,6.1, ,53.9, ,43, ,31.9, ,7.0, ,314, ,50.4, 
47,Brentwood,San Francisco Bay,3/2/2021,1000,061,0.01, ,0.00, ,981, ,6.1, ,56.3, ,40, ,32.1, ,7.1, ,313, ,51.0, 
47,Brentwood,San Francisco Bay,3/2/2021,1100,061,0.02, ,0.00, ,1419, ,6.0, ,60.3, ,34, ,31.7, ,6.6, ,307, ,52.2, 
47,Brentwood,San Francisco Bay,3/2/2021,1200,061,0.02, ,0.00, ,1521, ,6.0, ,64.1, ,30, ,31.6, ,8.0, ,318, ,54.2, 
47,Brentwood,San Francisco Bay,3/2/2021,1300,061,0.02, ,0.00, ,1478, ,5.7, ,66.6, ,25, ,30.2, ,7.7, ,323, ,56.0, 
47,Brentwood,San Francisco Bay,3/2/2021,1400,061,0.02, ,0.00, ,1437, ,5.3, ,69.4, ,22, ,28.4, ,6.1, ,325, ,57.7, 
47,Brentwood,San Francisco Bay,3/2/2021,1500,061,0.01, ,0.00, ,963, ,5.2, ,69.8, ,21, ,28.1, ,5.6, ,341, ,59.0, 
47,Brentwood,San Francisco Bay,3/2/2021,1600,061,0.01, ,0.00, ,555, ,5.4, ,68.4, ,23, ,29.0, ,5.8, ,353, ,59.8, 
47,Brentwood,San Francisco Bay,3/2/2021,1700,061,0.00, ,0.00, ,246, ,5.7, ,65.7, ,26, ,30.1, ,4.8, ,27, ,60.0, 
47,Brentwood,San Francisco Bay,3/2/2021,1800,061,0.00, ,0.00, ,59, ,5.3, ,64.1, ,26, ,28.5, ,2.0, ,52, ,59.8, 
47,Brentwood,San Francisco Bay,3/2/2021,1900,061,0.00, ,0.00, ,0, ,5.5, ,61.2, ,30, ,29.4, ,2.8, ,197, ,59.3, 
47,Brentwood,San Francisco Bay,3/2/2021,2000,061,0.00, ,0.00, ,0, ,5.8, ,57.1, ,37, ,30.8, ,3.2, ,216, ,58.5, 
47,Brentwood,San Francisco Bay,3/2/2021,2100,061,0.00, ,0.00, ,0, ,5.6, ,52.5, ,41, ,29.8, ,3.4, ,230, ,57.6, 
47,Brentwood,San Francisco Bay,3/2/2021,2200,061,0.00, ,0.00, ,0, ,5.7, ,51.5, ,44, ,30.3, ,3.5, ,224, ,56.7, 
47,Brentwood,San Francisco Bay,3/2/2021,2300,061,0.00, ,0.00, ,0, ,5.4, ,49.4, ,45, ,29.1, ,2.2, ,257, ,55.8, 
47,Brentwood,San Francisco Bay,3/2/2021,2400,061,0.00, ,0.00, ,0, ,5.3, ,47.5, ,47, ,28.5, ,3.3, ,273, ,55.0, 
47,Brentwood,San Francisco Bay,3/3/2021,0100,062,0.00, ,0.00, ,0, ,5.5, ,47.1, ,50, ,29.4, ,2.3, ,250, ,54.2, 
47,Brentwood,San Francisco Bay,3/3/2021,0200,062,0.00, ,0.00, ,0, ,5.6, ,46.3, ,53, ,30.0, ,2.0, ,177, ,53.5, 
47,Brentwood,San Francisco Bay,3/3/2021,0300,062,0.00, ,0.00, ,2, ,5.3, ,43.3, ,55, ,28.4, ,2.6, ,15, ,52.9, 
47,Brentwood,San Francisco Bay,3/3/2021,0400,062,0.00, ,0.00, ,2, ,5.6, ,42.6, ,60, ,29.9, ,2.9, ,262, ,52.4, 
47,Brentwood,San Francisco Bay,3/3/2021,0500,062,0.00, ,0.00, ,1, ,6.4, ,44.0, ,65, ,33.2, ,3.3, ,215, ,51.9, 
47,Brentwood,San Francisco Bay,3/3/2021,0600,062,0.00, ,0.00, ,2, ,5.9, ,43.0, ,63, ,31.2, ,2.6, ,234, ,51.4, 
47,Brentwood,San Francisco Bay,3/3/2021,0700,062,0.00, ,0.00, ,9, ,5.7, ,47.8, ,50, ,30.2, ,5.1, ,276, ,51.0, 
47,Brentwood,San Francisco Bay,3/3/2021,0800,062,0.00, ,0.00, ,140, ,5.5, ,49.8, ,45, ,29.6, ,3.5, ,261, ,50.8, 
47,Brentwood,San Francisco Bay,3/3/2021,0900,062,0.00, ,0.00, ,348, ,5.7, ,54.8, ,39, ,30.3, ,3.0, ,257, ,50.8, 
47,Brentwood,San Francisco Bay,3/3/2021,1000,062,0.01, ,0.00, ,481, ,5.8, ,58.4, ,35, ,30.8, ,2.3, ,142, ,51.2, 
47,Brentwood,San Francisco Bay,3/3/2021,1100,062,0.01, ,0.00, ,836, ,5.9, ,61.5, ,32, ,31.1, ,2.7, ,72, ,52.0, 
47,Brentwood,San Francisco Bay,3/3/2021,1200,062,0.01, ,0.00, ,1107, ,5.7, ,65.3, ,27, ,30.4, ,2.7, ,52, ,53.2, 
47,Brentwood,San Francisco Bay,3/3/2021,1300,062,0.02, ,0.00, ,1340, ,4.9, ,68.6, ,21, ,26.8, ,4.5, ,290, ,54.9, 
47,Brentwood,San Francisco Bay,3/3/2021,1400,062,0.01, ,0.00, ,946, ,5.2, ,70.1, ,21, ,28.1, ,4.1, ,287, ,56.8, 
47,Brentwood,San Francisco Bay,3/3/2021,1500,062,0.01, ,0.00, ,760, ,6.5, ,69.5, ,26, ,33.6, ,4.7, ,57, ,58.2, 
47,Brentwood,San Francisco Bay,3/3/2021,1600,062,0.01, ,0.00, ,373, ,7.6, ,66.9, ,34, ,37.5, ,6.5, ,21, ,58.9, 
47,Brentwood,San Francisco Bay,3/3/2021,1700,062,0.00, ,0.00, ,189, ,6.8, ,65.7, ,32, ,34.8, ,4.7, ,203, ,59.1, 
47,Brentwood,San Francisco Bay,3/3/2021,1800,062,0.00, ,0.00, ,111, ,6.9, ,62.3, ,36, ,35.2, ,8.3, ,202, ,58.9, 
47,Brentwood,San Francisco Bay,3/3/2021,1900,062,0.00, ,0.00, ,3, ,6.5, ,58.2, ,39, ,33.6, ,8.9, ,196, ,58.5, 
47,Brentwood,San Francisco Bay,3/3/2021,2000,062,0.00, ,0.00, ,0, ,7.3, ,55.0, ,49, ,36.4, ,14.2, ,200, ,57.9, 
47,Brentwood,San Francisco Bay,3/3/2021,2100,062,0.00, ,0.00, ,0, ,7.8, ,53.7, ,55, ,38.2, ,15.4, ,210, ,57.3, 
47,Brentwood,San Francisco Bay,3/3/2021,2200,062,0.00, ,0.00, ,0, ,8.1, ,53.2, ,58, ,38.9, ,13.7, ,220, ,56.8, 
47,Brentwood,San Francisco Bay,3/3/2021,2300,062,0.00, ,0.00, ,0, ,7.6, ,50.0, ,62, ,37.4, ,7.0, ,2, ,56.2, 
47,Brentwood,San Francisco Bay,3/3/2021,2400,062,0.00, ,0.00, ,0, ,8.6, ,45.9, ,82, ,40.7, ,7.3, ,34, ,55.5, 
47,Brentwood,San Francisco Bay,3/4/2021,0100,063,0.00, ,0.00, ,0, ,9.8, ,44.2, ,99, ,43.9, ,5.7, ,33, ,54.9, 
47,Brentwood,San Francisco Bay,3/4/2021,0200,063,0.00, ,0.00, ,1, ,8.8, ,42.6, ,95, ,41.3, ,3.4, ,35, ,54.2, 
47,Brentwood,San Francisco Bay,3/4/2021,0300,063,0.00, ,0.00, ,2, ,8.3, ,39.9, ,99, ,39.7, ,3.1, ,19, ,53.5, 
47,Brentwood,San Francisco Bay,3/4/2021,0400,063,0.00, ,0.00, ,0, ,7.9, ,38.5, ,99, ,38.4, ,2.9, ,298, ,52.7, 
47,Brentwood,San Francisco Bay,3/4/2021,0500,063,0.00, ,0.00, ,0, ,7.8, ,38.4, ,99, ,38.2, ,3.2, ,199, ,52.0, 
47,Brentwood,San Francisco Bay,3/4/2021,0600,063,0.00, ,0.00, ,0, ,7.6, ,37.6, ,99, ,37.4, ,3.1, ,180, ,51.3, 
47,Brentwood,San Francisco Bay,3/4/2021,0700,063,0.00, ,0.00, ,26, ,8.0, ,38.8, ,99, ,38.7, ,1.9, ,174, ,50.7, 
47,Brentwood,San Francisco Bay,3/4/2021,0800,063,0.00, ,0.00, ,297, ,9.2, ,42.4, ,99, ,42.3, ,2.6, ,174, ,50.2, 
47,Brentwood,San Francisco Bay,3/4/2021,0900,063,0.00, ,0.00, ,670, ,11.0, ,48.8, ,93, ,47.0, ,4.0, ,117, ,50.1, 
47,Brentwood,San Francisco Bay,3/4/2021,1000,063,0.01, ,0.00, ,1049, ,11.0, ,52.5, ,82, ,47.1, ,4.0, ,112, ,50.8, 
47,Brentwood,San Francisco Bay,3/4/2021,1100,063,0.01, ,0.00, ,1333, ,11.1, ,55.5, ,74, ,47.2, ,4.4, ,122, ,52.4, 
47,Brentwood,San Francisco Bay,3/4/2021,1200,063,0.02, ,0.00, ,1485, ,11.2, ,57.7, ,69, ,47.4, ,4.7, ,98, ,54.3, 
47,Brentwood,San Francisco Bay,3/4/2021,1300,063,0.02, ,0.00, ,1531, ,10.0, ,60.9, ,55, ,44.5, ,4.2, ,101, ,56.3, 
47,Brentwood,San Francisco Bay,3/4/2021,1400,063,0.02, ,0.00, ,1451, ,9.5, ,64.5, ,46, ,43.2, ,3.7, ,66, ,58.2, 
47,Brentwood,San Francisco Bay,3/4/2021,1500,063,0.01, ,0.00, ,1237, ,9.1, ,66.4, ,41, ,42.1, ,3.7, ,49, ,59.6, 
47,Brentwood,San Francisco Bay,3/4/2021,1600,063,0.01, ,0.00, ,913, ,9.0, ,67.0, ,40, ,41.9, ,3.9, ,49, ,60.5, 
47,Brentwood,San Francisco Bay,3/4/2021,1700,063,0.01, ,0.00, ,509, ,9.1, ,66.5, ,41, ,42.0, ,6.5, ,358, ,60.6, 
47,Brentwood,San Francisco Bay,3/4/2021,1800,063,0.00, ,0.00, ,136, ,9.0, ,63.6, ,45, ,41.7, ,6.7, ,317, ,60.4, 
47,Brentwood,San Francisco Bay,3/4/2021,1900,063,0.00, ,0.00, ,2, ,9.1, ,58.0, ,55, ,42.1, ,5.8, ,300, ,60.0, 
47,Brentwood,San Francisco Bay,3/4/2021,2000,063,0.00, ,0.00, ,0, ,8.6, ,54.8, ,59, ,40.8, ,3.9, ,287, ,59.3, 
47,Brentwood,San Francisco Bay,3/4/2021,2100,063,0.00, ,0.00, ,0, ,8.6, ,51.5, ,66, ,40.5, ,2.4, ,61, ,58.5, 
47,Brentwood,San Francisco Bay,3/4/2021,2200,063,0.00, ,0.00, ,0, ,9.8, ,48.5, ,85, ,44.0, ,2.4, ,296, ,57.6, 
47,Brentwood,San Francisco Bay,3/4/2021,2300,063,0.00, ,0.00, ,0, ,11.0, ,48.4, ,95, ,47.1, ,2.8, ,270, ,56.6, 
47,Brentwood,San Francisco Bay,3/4/2021,2400,063,0.00, ,0.00, ,0, ,10.3, ,46.3, ,96, ,45.2, ,2.2, ,126, ,55.7, 
47,Brentwood,San Francisco Bay,3/5/2021,0100,064,0.00, ,0.00, ,1, ,9.1, ,44.4, ,91, ,42.0, ,2.8, ,186, ,55.0, 
47,Brentwood,San Francisco Bay,3/5/2021,0200,064,0.00, ,0.00, ,1, ,8.7, ,42.1, ,96, ,41.0, ,1.8, ,276, ,54.2, 
47,Brentwood,San Francisco Bay,3/5/2021,0300,064,0.00, ,0.00, ,1, ,9.1, ,42.5, ,99, ,42.2, ,2.5, ,249, ,53.5, 
47,Brentwood,San Francisco Bay,3/5/2021,0400,064,0.00, ,0.00, ,0, ,8.8, ,41.7, ,98, ,41.3, ,1.8, ,190, ,52.8, 
47,Brentwood,San Francisco Bay,3/5/2021,0500,064,0.00, ,0.00, ,0, ,8.5, ,40.6, ,99, ,40.4, ,1.8, ,222, ,52.2, 
47,Brentwood,San Francisco Bay,3/5/2021,0600,064,0.00, ,0.00, ,0, ,8.1, ,39.2, ,99, ,39.0, ,1.7, ,262, ,51.6, 
47,Brentwood,San Francisco Bay,3/5/2021,0700,064,0.00, ,0.00, ,32, ,7.9, ,38.7, ,99, ,38.5, ,2.0, ,194, ,51.0, 
47,Brentwood,San Francisco Bay,3/5/2021,0800,064,0.00, ,0.00, ,293, ,9.4, ,43.7, ,97, ,42.9, ,2.4, ,182, ,50.5, 
47,Brentwood,San Francisco Bay,3/5/2021,0900,064,0.01, ,0.00, ,683, ,11.5, ,49.7, ,95, ,48.2, ,2.7, ,130, ,50.4, 
47,Brentwood,San Francisco Bay,3/5/2021,1000,064,0.01, ,0.00, ,1072, ,11.5, ,55.5, ,76, ,48.1, ,1.9, ,100, ,51.3, 
47,Brentwood,San Francisco Bay,3/5/2021,1100,064,0.01, ,0.00, ,1348, ,10.8, ,58.8, ,63, ,46.5, ,2.9, ,87, ,53.0, 
47,Brentwood,San Francisco Bay,3/5/2021,1200,064,0.02, ,0.00, ,1475, ,9.5, ,62.6, ,49, ,43.3, ,3.4, ,65, ,55.1, 
47,Brentwood,San Francisco Bay,3/5/2021,1300,064,0.02, ,0.00, ,1553, ,9.2, ,65.5, ,43, ,42.2, ,3.4, ,45, ,57.3, 
47,Brentwood,San Francisco Bay,3/5/2021,1400,064,0.02, ,0.00, ,1416, ,9.7, ,67.0, ,43, ,43.7, ,4.4, ,37, ,59.3, 
47,Brentwood,San Francisco Bay,3/5/2021,1500,064,0.02, ,0.00, ,1203, ,9.5, ,68.6, ,40, ,43.1, ,5.0, ,1, ,60.7, 
47,Brentwood,San Francisco Bay,3/5/2021,1600,064,0.01, ,0.00, ,934, ,9.1, ,69.4, ,37, ,42.0, ,6.3, ,317, ,61.4, 
47,Brentwood,San Francisco Bay,3/5/2021,1700,064,0.01, ,0.00, ,594, ,9.3, ,68.0, ,40, ,42.7, ,6.6, ,331, ,61.4, 
47,Brentwood,San Francisco Bay,3/5/2021,1800,064,0.00, ,0.00, ,187, ,9.8, ,64.5, ,47, ,44.1, ,5.7, ,327, ,61.3, 
47,Brentwood,San Francisco Bay,3/5/2021,1900,064,0.00, ,0.00, ,2, ,10.1, ,59.9, ,57, ,44.7, ,5.7, ,228, ,60.9, 
47,Brentwood,San Francisco Bay,3/5/2021,2000,064,0.00, ,0.00, ,0, ,10.3, ,57.8, ,63, ,45.3, ,8.3, ,213, ,60.2, 
47,Brentwood,San Francisco Bay,3/5/2021,2100,064,0.00, ,0.00, ,0, ,10.2, ,57.4, ,63, ,45.0, ,12.2, ,215, ,59.6, 
47,Brentwood,San Francisco Bay,3/5/2021,2200,064,0.00, ,0.00, ,0, ,9.7, ,56.7, ,62, ,43.8, ,9.8, ,186, ,59.0, 
47,Brentwood,San Francisco Bay,3/5/2021,2300,064,0.00, ,0.00, ,0, ,9.8, ,56.2, ,64, ,44.1, ,10.9, ,184, ,58.4, 
47,Brentwood,San Francisco Bay,3/5/2021,2400,064,0.00, ,0.00, ,0, ,9.9, ,56.6, ,63, ,44.2, ,8.5, ,213, ,57.8, 
47,Brentwood,San Francisco Bay,3/6/2021,0100,065,0.00, ,0.02, ,0, ,11.2, ,47.7, ,99, ,47.5, ,12.9, ,278, ,57.5, 
47,Brentwood,San Francisco Bay,3/6/2021,0200,065,0.00, ,0.01, ,0, ,11.2, ,47.8, ,99, ,47.5, ,6.2, ,224, ,57.0, 
47,Brentwood,San Francisco Bay,3/6/2021,0300,065,0.00, ,0.00, ,0, ,11.2, ,47.8, ,99, ,47.5, ,5.1, ,157, ,56.5, 
47,Brentwood,San Francisco Bay,3/6/2021,0400,065,0.00, ,0.00, ,0, ,11.1, ,48.6, ,96, ,47.4, ,4.0, ,268, ,56.0, 
47,Brentwood,San Francisco Bay,3/6/2021,0500,065,0.00, ,0.00, ,0, ,10.5, ,47.1, ,95, ,45.8, ,6.6, ,245, ,55.5, 
47,Brentwood,San Francisco Bay,3/6/2021,0600,065,0.00, ,0.00, ,0, ,10.0, ,44.8, ,99, ,44.6, ,4.0, ,213, ,55.0, 
47,Brentwood,San Francisco Bay,3/6/2021,0700,065,0.00, ,0.00, ,17, ,9.4, ,43.1, ,99, ,42.9, ,3.5, ,208, ,54.3, 
47,Brentwood,San Francisco Bay,3/6/2021,0800,065,0.00, ,0.00, ,291, ,10.5, ,46.8, ,96, ,45.8, ,7.0, ,243, ,53.7, 
47,Brentwood,San Francisco Bay,3/6/2021,0900,065,0.01, ,0.00, ,697, ,10.5, ,50.4, ,84, ,45.9, ,8.3, ,270, ,53.4, 
47,Brentwood,San Francisco Bay,3/6/2021,1000,065,0.01, ,0.00, ,1075, ,10.2, ,53.9, ,72, ,45.1, ,9.8, ,291, ,53.9, 
47,Brentwood,San Francisco Bay,3/6/2021,1100,065,0.02, ,0.00, ,1396, ,8.6, ,57.2, ,54, ,40.6, ,7.5, ,302, ,55.0, 
47,Brentwood,San Francisco Bay,3/6/2021,1200,065,0.02, ,0.00, ,1536, ,8.1, ,59.5, ,47, ,39.2, ,7.8, ,311, ,56.5, 
47,Brentwood,San Francisco Bay,3/6/2021,1300,065,0.02, ,0.00, ,1583, ,8.1, ,61.1, ,44, ,39.2, ,11.2, ,314, ,58.0, 
47,Brentwood,San Francisco Bay,3/6/2021,1400,065,0.02, ,0.00, ,1513, ,7.5, ,62.5, ,39, ,37.0, ,11.3, ,322, ,59.0, 
47,Brentwood,San Francisco Bay,3/6/2021,1500,065,0.02, ,0.00, ,1313, ,7.0, ,63.1, ,35, ,35.3, ,10.5, ,321, ,59.7, 
47,Brentwood,San Francisco Bay,3/6/2021,1600,065,0.01, ,0.00, ,995, ,6.2, ,63.9, ,30, ,32.2, ,9.4, ,316, ,60.0, 
47,Brentwood,San Francisco Bay,3/6/2021,1700,065,0.01, ,0.00, ,587, ,6.4, ,62.5, ,33, ,33.2, ,8.9, ,300, ,59.8, 
47,Brentwood,San Francisco Bay,3/6/2021,1800,065,0.00, ,0.00, ,175, ,7.1, ,60.0, ,40, ,35.9, ,7.5, ,290, ,59.5, 
47,Brentwood,San Francisco Bay,3/6/2021,1900,065,0.00, ,0.00, ,2, ,8.0, ,56.3, ,52, ,38.8, ,7.1, ,278, ,59.1, 
47,Brentwood,San Francisco Bay,3/6/2021,2000,065,0.00, ,0.00, ,0, ,8.4, ,53.3, ,60, ,39.9, ,6.0, ,272, ,58.4, 
47,Brentwood,San Francisco Bay,3/6/2021,2100,065,0.00, ,0.00, ,0, ,8.3, ,50.9, ,65, ,39.8, ,5.4, ,273, ,57.7, 
47,Brentwood,San Francisco Bay,3/6/2021,2200,065,0.00, ,0.00, ,0, ,7.1, ,50.0, ,58, ,35.8, ,5.5, ,267, ,56.9, 
47,Brentwood,San Francisco Bay,3/6/2021,2300,065,0.00, ,0.00, ,0, ,6.1, ,48.6, ,52, ,31.9, ,3.8, ,235, ,56.1, 
47,Brentwood,San Francisco Bay,3/6/2021,2400,065,0.00, ,0.00, ,0, ,6.5, ,45.1, ,64, ,33.5, ,3.1, ,156, ,55.3, 
47,Brentwood,San Francisco Bay,3/7/2021,0100,066,0.00, ,0.00, ,2, ,6.5, ,44.7, ,64, ,33.4, ,4.3, ,191, ,54.5, 
47,Brentwood,San Francisco Bay,3/7/2021,0200,066,0.00, ,0.00, ,2, ,6.5, ,43.3, ,69, ,33.6, ,5.0, ,198, ,53.8, 
47,Brentwood,San Francisco Bay,3/7/2021,0300,066,0.00, ,0.00, ,1, ,6.5, ,44.3, ,65, ,33.4, ,6.5, ,215, ,53.2, 
47,Brentwood,San Francisco Bay,3/7/2021,0400,066,0.00, ,0.00, ,1, ,5.7, ,40.9, ,65, ,30.1, ,3.1, ,292, ,52.7, 
47,Brentwood,San Francisco Bay,3/7/2021,0500,066,0.00, ,0.00, ,0, ,5.7, ,38.7, ,71, ,30.2, ,2.3, ,66, ,52.1, 
47,Brentwood,San Francisco Bay,3/7/2021,0600,066,0.00, ,0.00, ,0, ,5.8, ,39.1, ,71, ,30.7, ,2.4, ,159, ,51.4, 
47,Brentwood,San Francisco Bay,3/7/2021,0700,066,0.00, ,0.00, ,42, ,5.6, ,38.0, ,72, ,29.7, ,2.5, ,185, ,50.8, 
47,Brentwood,San Francisco Bay,3/7/2021,0800,066,0.00, ,0.00, ,331, ,6.0, ,43.4, ,63, ,31.7, ,2.9, ,195, ,50.2, 
47,Brentwood,San Francisco Bay,3/7/2021,0900,066,0.01, ,0.00, ,739, ,5.7, ,52.9, ,41, ,30.2, ,5.6, ,286, ,50.2, 
47,Brentwood,San Francisco Bay,3/7/2021,1000,066,0.01, ,0.00, ,1109, ,5.2, ,56.8, ,33, ,28.1, ,10.8, ,291, ,51.1, 
47,Brentwood,San Francisco Bay,3/7/2021,1100,066,0.02, ,0.00, ,1388, ,5.0, ,59.1, ,29, ,27.0, ,10.1, ,299, ,52.5, 
47,Brentwood,San Francisco Bay,3/7/2021,1200,066,0.02, ,0.00, ,1553, ,5.4, ,62.0, ,28, ,28.9, ,9.2, ,316, ,54.2, 
47,Brentwood,San Francisco Bay,3/7/2021,1300,066,0.02, ,0.00, ,1597, ,5.6, ,63.3, ,28, ,29.9, ,9.1, ,307, ,56.1, 
47,Brentwood,San Francisco Bay,3/7/2021,1400,066,0.02, ,0.00, ,1512, ,5.4, ,65.6, ,25, ,28.8, ,10.2, ,317, ,57.7, 
47,Brentwood,San Francisco Bay,3/7/2021,1500,066,0.02, ,0.00, ,1301, ,5.3, ,66.6, ,24, ,28.4, ,12.2, ,315, ,58.9, 
47,Brentwood,San Francisco Bay,3/7/2021,1600,066,0.02, ,0.00, ,972, ,5.9, ,66.3, ,27, ,31.0, ,12.1, ,315, ,59.4, 
47,Brentwood,San Francisco Bay,3/7/2021,1700,066,0.01, ,0.00, ,573, ,6.6, ,65.2, ,31, ,33.8, ,10.6, ,300, ,59.4, 
47,Brentwood,San Francisco Bay,3/7/2021,1800,066,0.00, ,0.00, ,167, ,7.7, ,62.1, ,40, ,37.7, ,8.5, ,262, ,59.3, 
47,Brentwood,San Francisco Bay,3/7/2021,1900,066,0.00, ,0.00, ,2, ,9.4, ,57.1, ,59, ,43.0, ,7.6, ,211, ,58.9, 
47,Brentwood,San Francisco Bay,3/7/2021,2000,066,0.00, ,0.00, ,0, ,9.0, ,53.5, ,64, ,41.7, ,5.5, ,192, ,58.4, 
47,Brentwood,San Francisco Bay,3/7/2021,2100,066,0.00, ,0.00, ,0, ,8.8, ,51.4, ,68, ,41.3, ,4.5, ,190, ,57.7, 
47,Brentwood,San Francisco Bay,3/7/2021,2200,066,0.00, ,0.00, ,0, ,8.5, ,49.7, ,70, ,40.3, ,4.8, ,192, ,56.9, 
47,Brentwood,San Francisco Bay,3/7/2021,2300,066,0.00, ,0.00, ,0, ,7.8, ,50.0, ,64, ,38.3, ,6.8, ,237, ,56.2, 
47,Brentwood,San Francisco Bay,3/7/2021,2400,066,0.00, ,0.00, ,0, ,7.5, ,47.5, ,67, ,37.1, ,3.6, ,185, ,55.5, 
47,Brentwood,San Francisco Bay,3/8/2021,0100,067,0.00, ,0.00, ,0, ,7.5, ,49.5, ,63, ,37.3, ,9.9, ,226, ,54.9, 
47,Brentwood,San Francisco Bay,3/8/2021,0200,067,0.00, ,0.00, ,0, ,7.4, ,49.1, ,62, ,36.8, ,13.7, ,215, ,54.6, 
47,Brentwood,San Francisco Bay,3/8/2021,0300,067,0.00, ,0.00, ,0, ,7.5, ,48.6, ,65, ,37.2, ,13.6, ,217, ,54.3, 
47,Brentwood,San Francisco Bay,3/8/2021,0400,067,0.00, ,0.00, ,0, ,7.3, ,48.3, ,63, ,36.3, ,7.8, ,217, ,54.0, 
47,Brentwood,San Francisco Bay,3/8/2021,0500,067,0.00, ,0.00, ,0, ,6.8, ,47.2, ,62, ,34.7, ,3.3, ,217, ,53.6, 
47,Brentwood,San Francisco Bay,3/8/2021,0600,067,0.00, ,0.00, ,1, ,6.7, ,45.1, ,66, ,34.3, ,4.5, ,176, ,53.1, 
47,Brentwood,San Francisco Bay,3/8/2021,0700,067,0.00, ,0.00, ,37, ,6.4, ,44.0, ,65, ,33.1, ,4.7, ,239, ,52.5, 
47,Brentwood,San Francisco Bay,3/8/2021,0800,067,0.00, ,0.00, ,322, ,6.7, ,48.5, ,58, ,34.4, ,6.0, ,238, ,52.0, 
47,Brentwood,San Francisco Bay,3/8/2021,0900,067,0.01, ,0.00, ,752, ,6.9, ,51.4, ,53, ,35.0, ,9.6, ,229, ,51.9, 
47,Brentwood,San Francisco Bay,3/8/2021,1000,067,0.01, ,0.00, ,1141, ,6.7, ,53.7, ,48, ,34.4, ,10.8, ,234, ,52.6, 
47,Brentwood,San Francisco Bay,3/8/2021,1100,067,0.02, ,0.00, ,1368, ,6.5, ,54.8, ,44, ,33.5, ,10.6, ,212, ,53.7, 
47,Brentwood,San Francisco Bay,3/8/2021,1200,067,0.02, ,0.00, ,1447, ,6.1, ,56.0, ,40, ,32.0, ,8.9, ,207, ,54.9, 
47,Brentwood,San Francisco Bay,3/8/2021,1300,067,0.02, ,0.00, ,1257, ,6.0, ,57.5, ,37, ,31.7, ,7.3, ,227, ,56.4, 
47,Brentwood,San Francisco Bay,3/8/2021,1400,067,0.02, ,0.00, ,1165, ,6.3, ,58.6, ,37, ,32.7, ,7.7, ,208, ,57.7, 
47,Brentwood,San Francisco Bay,3/8/2021,1500,067,0.02, ,0.00, ,1252, ,6.5, ,59.4, ,38, ,33.7, ,8.0, ,219, ,58.7, 
47,Brentwood,San Francisco Bay,3/8/2021,1600,067,0.01, ,0.00, ,497, ,6.6, ,58.4, ,40, ,34.0, ,9.0, ,223, ,59.3, 
47,Brentwood,San Francisco Bay,3/8/2021,1700,067,0.01, ,0.00, ,286, ,6.5, ,57.3, ,40, ,33.5, ,10.6, ,238, ,59.4, 
47,Brentwood,San Francisco Bay,3/8/2021,1800,067,0.00, ,0.00, ,100, ,6.9, ,55.7, ,45, ,34.9, ,9.5, ,233, ,59.1, 
47,Brentwood,San Francisco Bay,3/8/2021,1900,067,0.00, ,0.00, ,4, ,6.8, ,53.9, ,48, ,34.5, ,10.5, ,229, ,58.6, 
47,Brentwood,San Francisco Bay,3/8/2021,2000,067,0.00, ,0.00, ,0, ,6.5, ,51.8, ,50, ,33.7, ,9.3, ,230, ,58.0, 
47,Brentwood,San Francisco Bay,3/8/2021,2100,067,0.00, ,0.00, ,0, ,7.2, ,50.6, ,57, ,36.0, ,6.4, ,232, ,57.3, 
47,Brentwood,San Francisco Bay,3/8/2021,2200,067,0.00, ,0.00, ,0, ,7.3, ,49.1, ,61, ,36.4, ,6.1, ,227, ,56.6, 
47,Brentwood,San Francisco Bay,3/8/2021,2300,067,0.00, ,0.00, ,0, ,7.1, ,47.8, ,62, ,35.6, ,4.0, ,148, ,55.9, 
47,Brentwood,San Francisco Bay,3/8/2021,2400,067,0.00, ,0.00, ,0, ,7.2, ,47.3, ,65, ,36.2, ,6.4, ,215, ,55.1, 
47,Brentwood,San Francisco Bay,3/9/2021,0100,068,0.00, ,0.00, ,1, ,7.0, ,44.6, ,70, ,35.4, ,4.2, ,217, ,54.5, 
47,Brentwood,San Francisco Bay,3/9/2021,0200,068,0.00, ,0.00, ,1, ,6.9, ,41.1, ,79, ,34.9, ,2.4, ,2, ,53.9, 
47,Brentwood,San Francisco Bay,3/9/2021,0300,068,0.00, ,0.00, ,1, ,8.3, ,41.1, ,95, ,39.8, ,2.0, ,242, ,53.1, 
47,Brentwood,San Francisco Bay,3/9/2021,0400,068,0.00, ,0.00, ,0, ,8.3, ,41.0, ,95, ,39.7, ,3.3, ,203, ,52.4, 
47,Brentwood,San Francisco Bay,3/9/2021,0500,068,0.00, ,0.00, ,1, ,8.3, ,41.5, ,93, ,39.7, ,3.4, ,181, ,51.9, 
47,Brentwood,San Francisco Bay,3/9/2021,0600,068,0.00, ,0.00, ,0, ,8.1, ,39.7, ,98, ,39.2, ,2.0, ,15, ,51.5, 
47,Brentwood,San Francisco Bay,3/9/2021,0700,068,0.00, ,0.00, ,21, ,8.5, ,41.5, ,96, ,40.5, ,3.8, ,161, ,51.1, 
47,Brentwood,San Francisco Bay,3/9/2021,0800,068,0.00, ,0.00, ,157, ,8.5, ,44.1, ,86, ,40.2, ,3.9, ,123, ,50.7, 
47,Brentwood,San Francisco Bay,3/9/2021,0900,068,0.00, ,0.00, ,446, ,7.9, ,47.5, ,70, ,38.4, ,6.7, ,117, ,50.6, 
47,Brentwood,San Francisco Bay,3/9/2021,1000,068,0.01, ,0.00, ,676, ,7.8, ,51.4, ,60, ,38.1, ,7.9, ,120, ,51.1, 
47,Brentwood,San Francisco Bay,3/9/2021,1100,068,0.01, ,0.00, ,539, ,7.6, ,53.2, ,55, ,37.5, ,6.7, ,123, ,51.9, 
47,Brentwood,San Francisco Bay,3/9/2021,1200,068,0.01, ,0.00, ,952, ,7.8, ,55.7, ,52, ,38.1, ,7.9, ,123, ,52.8, 
47,Brentwood,San Francisco Bay,3/9/2021,1300,068,0.02, ,0.00, ,1673, ,7.5, ,59.4, ,44, ,37.3, ,11.1, ,165, ,54.0, 
47,Brentwood,San Francisco Bay,3/9/2021,1400,068,0.02, ,0.00, ,1406, ,7.2, ,60.3, ,40, ,36.2, ,12.2, ,191, ,55.4, 
47,Brentwood,San Francisco Bay,3/9/2021,1500,068,0.01, ,0.00, ,604, ,7.3, ,58.0, ,44, ,36.3, ,13.4, ,201, ,56.6, 
47,Brentwood,San Francisco Bay,3/9/2021,1600,068,0.00, ,0.01, ,312, ,8.1, ,53.8, ,57, ,39.0, ,9.5, ,191, ,57.0, 
47,Brentwood,San Francisco Bay,3/9/2021,1700,068,0.01, ,0.00, ,256, ,7.9, ,54.1, ,55, ,38.5, ,11.6, ,167, ,56.9, 
47,Brentwood,San Francisco Bay,3/9/2021,1800,068,0.00, ,0.00, ,68, ,8.4, ,53.2, ,61, ,40.1, ,4.7, ,188, ,56.4, 
47,Brentwood,San Francisco Bay,3/9/2021,1900,068,0.00, ,0.00, ,0, ,7.9, ,52.6, ,58, ,38.5, ,3.7, ,186, ,56.0, 
47,Brentwood,San Francisco Bay,3/9/2021,2000,068,0.00, ,0.00, ,0, ,7.5, ,51.2, ,58, ,37.2, ,10.1, ,209, ,55.6, 
47,Brentwood,San Francisco Bay,3/9/2021,2100,068,0.00, ,0.01, ,0, ,9.3, ,47.3, ,84, ,42.6, ,11.5, ,196, ,55.3, 
47,Brentwood,San Francisco Bay,3/9/2021,2200,068,0.00, ,0.00, ,0, ,10.7, ,46.6, ,99, ,46.3, ,6.5, ,183, ,54.8, 
47,Brentwood,San Francisco Bay,3/9/2021,2300,068,0.00, ,0.00, ,0, ,10.6, ,46.4, ,99, ,46.2, ,6.1, ,161, ,54.4, 
47,Brentwood,San Francisco Bay,3/9/2021,2400,068,0.00, ,0.00, ,0, ,10.3, ,45.7, ,99, ,45.4, ,6.5, ,142, ,53.9, 
47,Brentwood,San Francisco Bay,3/10/2021,0100,069,0.00, ,0.00, ,0, ,10.4, ,46.2, ,97, ,45.5, ,4.6, ,107, ,53.5, 
47,Brentwood,San Francisco Bay,3/10/2021,0200,069,0.00, ,0.00, ,0, ,10.2, ,45.5, ,98, ,45.1, ,4.4, ,135, ,53.1, 
47,Brentwood,San Francisco Bay,3/10/2021,0300,069,0.00, ,0.00, ,1, ,9.5, ,43.4, ,99, ,43.2, ,4.2, ,135, ,52.7, 
47,Brentwood,San Francisco Bay,3/10/2021,0400,069,0.00, ,0.04, ,2, ,9.5, ,43.4, ,99, ,43.2, ,4.5, ,211, ,52.3, 
47,Brentwood,San Francisco Bay,3/10/2021,0500,069,0.00, ,0.04, ,2, ,9.6, ,43.6, ,99, ,43.3, ,5.1, ,137, ,52.0, 
47,Brentwood,San Francisco Bay,3/10/2021,0600,069,0.00, ,0.00, ,2, ,9.5, ,43.4, ,99, ,43.2, ,3.8, ,98, ,51.7, 
47,Brentwood,San Francisco Bay,3/10/2021,0700,069,0.00, ,0.00, ,19, ,9.4, ,43.1, ,99, ,42.9, ,3.7, ,149, ,51.5, 
47,Brentwood,San Francisco Bay,3/10/2021,0800,069,0.00, ,0.01, ,117, ,9.6, ,43.7, ,99, ,43.5, ,5.8, ,128, ,51.2, 
47,Brentwood,San Francisco Bay,3/10/2021,0900,069,0.00, ,0.00, ,355, ,10.4, ,45.7, ,99, ,45.5, ,6.7, ,148, ,51.0, 
47,Brentwood,San Francisco Bay,3/10/2021,1000,069,0.00, ,0.00, ,533, ,10.5, ,48.0, ,93, ,45.9, ,8.0, ,166, ,51.2, 
47,Brentwood,San Francisco Bay,3/10/2021,1100,069,0.01, ,0.00, ,944, ,10.5, ,50.1, ,85, ,45.8, ,7.6, ,158, ,51.6, 
47,Brentwood,San Francisco Bay,3/10/2021,1200,069,0.01, ,0.00, ,1375, ,10.3, ,52.8, ,75, ,45.2, ,7.3, ,138, ,52.6, 
47,Brentwood,San Francisco Bay,3/10/2021,1300,069,0.00, ,0.02, ,546, ,9.6, ,49.5, ,80, ,43.5, ,9.6, ,220, ,54.0, 
47,Brentwood,San Francisco Bay,3/10/2021,1400,069,0.01, ,0.00, ,1428, ,9.7, ,52.0, ,74, ,43.9, ,6.2, ,178, ,54.6, 
47,Brentwood,San Francisco Bay,3/10/2021,1500,069,0.00, ,0.00, ,328, ,9.1, ,51.8, ,69, ,42.2, ,7.6, ,204, ,55.6, 
47,Brentwood,San Francisco Bay,3/10/2021,1600,069,0.01, ,0.00, ,528, ,9.5, ,50.6, ,76, ,43.3, ,9.4, ,181, ,55.8, 
47,Brentwood,San Francisco Bay,3/10/2021,1700,069,0.00, ,0.00, ,192, ,9.2, ,49.0, ,77, ,42.2, ,3.1, ,58, ,55.5, 
47,Brentwood,San Francisco Bay,3/10/2021,1800,069,0.00, ,0.00, ,48, ,9.2, ,48.1, ,80, ,42.4, ,6.7, ,123, ,55.0, 
47,Brentwood,San Francisco Bay,3/10/2021,1900,069,0.00, ,0.02, ,1, ,10.4, ,46.3, ,97, ,45.5, ,4.5, ,271, ,54.5, 
47,Brentwood,San Francisco Bay,3/10/2021,2000,069,0.00, ,0.00, ,0, ,10.3, ,45.4, ,99, ,45.2, ,2.0, ,49, ,54.0, 
47,Brentwood,San Francisco Bay,3/10/2021,2100,069,0.00, ,0.01, ,0, ,10.1, ,45.0, ,99, ,44.8, ,4.0, ,117, ,53.6, 
47,Brentwood,San Francisco Bay,3/10/2021,2200,069,0.00, ,0.00, ,1, ,9.5, ,43.5, ,99, ,43.3, ,3.4, ,211, ,53.1, 
47,Brentwood,San Francisco Bay,3/10/2021,2300,069,0.00, ,0.00, ,1, ,9.2, ,42.5, ,99, ,42.3, ,3.9, ,214, ,52.6, 
47,Brentwood,San Francisco Bay,3/10/2021,2400,069,0.00, ,0.00, ,2, ,8.8, ,41.4, ,99, ,41.3, ,2.2, ,40, ,52.0, 
47,Brentwood,San Francisco Bay,3/11/2021,0100,070,0.00, ,0.00, ,2, ,8.9, ,41.6, ,100, ,41.5, ,2.2, ,274, ,51.5, 
47,Brentwood,San Francisco Bay,3/11/2021,0200,070,0.00, ,0.00, ,1, ,8.8, ,41.2, ,100, ,41.2, ,1.2, ,310, ,51.1, 
47,Brentwood,San Francisco Bay,3/11/2021,0300,070,0.00, ,0.00, ,1, ,9.0, ,41.9, ,100, ,41.8, ,1.6, ,287, ,50.8, 
47,Brentwood,San Francisco Bay,3/11/2021,0400,070,0.00, ,0.00, ,2, ,9.3, ,42.7, ,100, ,42.6, ,2.4, ,322, ,50.6, 
47,Brentwood,San Francisco Bay,3/11/2021,0500,070,0.00, ,0.00, ,2, ,9.2, ,42.5, ,100, ,42.4, ,3.2, ,328, ,50.5, 
47,Brentwood,San Francisco Bay,3/11/2021,0600,070,0.00, ,0.00, ,1, ,8.9, ,41.7, ,99, ,41.6, ,5.6, ,321, ,50.4, 
47,Brentwood,San Francisco Bay,3/11/2021,0700,070,0.00, ,0.00, ,39, ,8.7, ,41.1, ,100, ,41.0, ,6.9, ,323, ,50.3, 
47,Brentwood,San Francisco Bay,3/11/2021,0800,070,0.00, ,0.00, ,220, ,9.1, ,42.1, ,99, ,42.0, ,6.2, ,317, ,50.2, 
47,Brentwood,San Francisco Bay,3/11/2021,0900,070,0.00, ,0.00, ,273, ,9.6, ,43.6, ,99, ,43.4, ,6.3, ,342, ,50.3, 
47,Brentwood,San Francisco Bay,3/11/2021,1000,070,0.00, ,0.00, ,500, ,10.2, ,45.4, ,99, ,45.2, ,7.2, ,322, ,50.5, 
47,Brentwood,San Francisco Bay,3/11/2021,1100,070,0.01, ,0.00, ,934, ,11.2, ,49.7, ,92, ,47.5, ,6.8, ,320, ,51.1, 
47,Brentwood,San Francisco Bay,3/11/2021,1200,070,0.01, ,0.00, ,1109, ,10.1, ,53.5, ,72, ,44.8, ,6.3, ,358, ,52.3, 
47,Brentwood,San Francisco Bay,3/11/2021,1300,070,0.02, ,0.00, ,1427, ,8.0, ,55.9, ,52, ,38.6, ,6.4, ,337, ,53.8, 
47,Brentwood,San Francisco Bay,3/11/2021,1400,070,0.01, ,0.00, ,1251, ,7.6, ,56.2, ,49, ,37.5, ,6.1, ,329, ,55.4, 
47,Brentwood,San Francisco Bay,3/11/2021,1500,070,0.02, ,0.00, ,1464, ,7.1, ,58.8, ,42, ,35.9, ,6.7, ,308, ,56.7, 
47,Brentwood,San Francisco Bay,3/11/2021,1600,070,0.01, ,0.00, ,928, ,6.8, ,58.6, ,41, ,34.8, ,8.3, ,317, ,57.4, 
47,Brentwood,San Francisco Bay,3/11/2021,1700,070,0.01, ,0.00, ,427, ,6.5, ,58.2, ,39, ,33.6, ,8.1, ,321, ,57.3, 
47,Brentwood,San Francisco Bay,3/11/2021,1800,070,0.00, ,0.00, ,117, ,6.7, ,56.0, ,44, ,34.4, ,6.4, ,283, ,56.9, 
47,Brentwood,San Francisco Bay,3/11/2021,1900,070,0.00, ,0.00, ,4, ,7.3, ,53.1, ,53, ,36.6, ,5.5, ,265, ,56.3, 
47,Brentwood,San Francisco Bay,3/11/2021,2000,070,0.00, ,0.00, ,0, ,8.1, ,50.5, ,65, ,39.1, ,7.3, ,272, ,55.5, 
47,Brentwood,San Francisco Bay,3/11/2021,2100,070,0.00, ,0.00, ,0, ,7.8, ,48.3, ,68, ,38.3, ,3.8, ,236, ,54.8, 
47,Brentwood,San Francisco Bay,3/11/2021,2200,070,0.00, ,0.00, ,0, ,7.7, ,46.9, ,70, ,37.7, ,3.4, ,228, ,53.9, 
47,Brentwood,San Francisco Bay,3/11/2021,2300,070,0.00, ,0.00, ,0, ,7.7, ,46.7, ,71, ,37.8, ,3.9, ,219, ,53.1, 
47,Brentwood,San Francisco Bay,3/11/2021,2400,070,0.00, ,0.00, ,1, ,7.6, ,46.1, ,72, ,37.6, ,2.9, ,226, ,52.4, 
47,Brentwood,San Francisco Bay,3/12/2021,0100,071,0.00, ,0.00, ,1, ,7.3, ,45.1, ,72, ,36.5, ,3.7, ,276, ,51.7, 
47,Brentwood,San Francisco Bay,3/12/2021,0200,071,0.00, ,0.00, ,1, ,7.8, ,42.9, ,83, ,38.0, ,3.3, ,266, ,51.0, 
47,Brentwood,San Francisco Bay,3/12/2021,0300,071,0.00, ,0.00, ,1, ,8.5, ,44.1, ,87, ,40.5, ,4.8, ,279, ,50.4, 
47,Brentwood,San Francisco Bay,3/12/2021,0400,071,0.00, ,0.00, ,2, ,8.6, ,46.1, ,81, ,40.6, ,6.4, ,276, ,49.9, 
47,Brentwood,San Francisco Bay,3/12/2021,0500,071,0.00, ,0.00, ,2, ,8.5, ,44.0, ,87, ,40.4, ,5.9, ,288, ,49.5, 
47,Brentwood,San Francisco Bay,3/12/2021,0600,071,0.00, ,0.00, ,2, ,8.6, ,44.2, ,87, ,40.5, ,6.9, ,279, ,49.2, 
47,Brentwood,San Francisco Bay,3/12/2021,0700,071,0.00, ,0.00, ,59, ,8.2, ,43.4, ,85, ,39.3, ,6.4, ,282, ,48.9, 
47,Brentwood,San Francisco Bay,3/12/2021,0800,071,0.00, ,0.00, ,376, ,8.6, ,48.5, ,74, ,40.5, ,5.9, ,300, ,48.7, 
47,Brentwood,San Francisco Bay,3/12/2021,0900,071,0.01, ,0.00, ,797, ,8.0, ,53.3, ,57, ,38.7, ,5.8, ,343, ,49.0, 
47,Brentwood,San Francisco Bay,3/12/2021,1000,071,0.01, ,0.00, ,1174, ,7.5, ,56.0, ,49, ,37.0, ,10.0, ,310, ,50.1, 
47,Brentwood,San Francisco Bay,3/12/2021,1100,071,0.02, ,0.00, ,1453, ,6.8, ,58.9, ,40, ,34.7, ,12.6, ,313, ,51.6, 
47,Brentwood,San Francisco Bay,3/12/2021,1200,071,0.02, ,0.00, ,1615, ,6.3, ,61.7, ,34, ,32.8, ,9.9, ,317, ,53.2, 
47,Brentwood,San Francisco Bay,3/12/2021,1300,071,0.02, ,0.00, ,1650, ,6.2, ,63.9, ,31, ,32.5, ,8.5, ,320, ,55.1, 
47,Brentwood,San Francisco Bay,3/12/2021,1400,071,0.02, ,0.00, ,1558, ,6.5, ,65.0, ,31, ,33.7, ,6.6, ,357, ,57.0, 
47,Brentwood,San Francisco Bay,3/12/2021,1500,071,0.02, ,0.00, ,1347, ,6.7, ,68.1, ,28, ,34.2, ,5.0, ,350, ,58.6, 
47,Brentwood,San Francisco Bay,3/12/2021,1600,071,0.01, ,0.00, ,1020, ,5.9, ,69.7, ,24, ,31.1, ,5.7, ,316, ,59.4, 
47,Brentwood,San Francisco Bay,3/12/2021,1700,071,0.01, ,0.00, ,621, ,4.3, ,70.0, ,17, ,23.5, ,8.8, ,320, ,59.2, 
47,Brentwood,San Francisco Bay,3/12/2021,1800,071,0.01, ,0.00, ,216, ,3.9, ,67.7, ,17, ,21.1, ,7.2, ,308, ,58.9, 
47,Brentwood,San Francisco Bay,3/12/2021,1900,071,0.00, ,0.00, ,5, ,4.3, ,60.9, ,24, ,23.5, ,4.2, ,299, ,58.4, 
47,Brentwood,San Francisco Bay,3/12/2021,2000,071,0.00, ,0.00, ,0, ,5.7, ,57.7, ,35, ,30.3, ,4.6, ,253, ,57.6, 
47,Brentwood,San Francisco Bay,3/12/2021,2100,071,0.00, ,0.00, ,0, ,6.1, ,52.8, ,44, ,31.8, ,3.6, ,185, ,56.6, 
47,Brentwood,San Francisco Bay,3/12/2021,2200,071,0.00, ,0.00, ,0, ,6.1, ,51.2, ,47, ,31.9, ,3.7, ,183, ,55.7, 
47,Brentwood,San Francisco Bay,3/12/2021,2300,071,0.00, ,0.00, ,0, ,5.7, ,49.6, ,47, ,30.1, ,3.1, ,253, ,54.8, 
47,Brentwood,San Francisco Bay,3/12/2021,2400,071,0.00, ,0.00, ,0, ,6.0, ,48.4, ,52, ,31.5, ,4.2, ,218, ,53.9, 
47,Brentwood,San Francisco Bay,3/13/2021,0100,072,0.00, ,0.00, ,0, ,5.9, ,47.4, ,53, ,31.2, ,4.2, ,199, ,53.1, 
47,Brentwood,San Francisco Bay,3/13/2021,0200,072,0.00, ,0.00, ,0, ,6.6, ,47.5, ,59, ,33.9, ,4.6, ,196, ,52.4, 
47,Brentwood,San Francisco Bay,3/13/2021,0300,072,0.00, ,0.00, ,0, ,7.0, ,45.5, ,68, ,35.4, ,3.0, ,230, ,51.8, 
47,Brentwood,San Francisco Bay,3/13/2021,0400,072,0.00, ,0.00, ,2, ,6.3, ,39.6, ,76, ,32.6, ,2.8, ,67, ,51.2, 
47,Brentwood,San Francisco Bay,3/13/2021,0500,072,0.00, ,0.00, ,0, ,6.4, ,37.6, ,84, ,33.2, ,2.8, ,33, ,50.6, 
47,Brentwood,San Francisco Bay,3/13/2021,0600,072,0.00, ,0.00, ,0, ,7.9, ,38.7, ,99, ,38.5, ,2.6, ,302, ,50.0, 
47,Brentwood,San Francisco Bay,3/13/2021,0700,072,0.00, ,0.00, ,67, ,7.8, ,38.4, ,99, ,38.2, ,2.1, ,282, ,49.4, 
47,Brentwood,San Francisco Bay,3/13/2021,0800,072,0.00, ,0.00, ,390, ,10.5, ,47.2, ,95, ,45.9, ,2.9, ,310, ,48.9, 
47,Brentwood,San Francisco Bay,3/13/2021,0900,072,0.01, ,0.00, ,805, ,11.8, ,53.2, ,86, ,49.0, ,4.0, ,33, ,49.1, 
47,Brentwood,San Francisco Bay,3/13/2021,1000,072,0.01, ,0.00, ,1185, ,9.9, ,57.6, ,61, ,44.2, ,2.7, ,46, ,50.4, 
47,Brentwood,San Francisco Bay,3/13/2021,1100,072,0.02, ,0.00, ,1460, ,9.0, ,59.1, ,53, ,41.8, ,4.0, ,276, ,52.5, 
47,Brentwood,San Francisco Bay,3/13/2021,1200,072,0.02, ,0.00, ,1618, ,8.5, ,60.2, ,48, ,40.5, ,9.6, ,232, ,54.8, 
47,Brentwood,San Francisco Bay,3/13/2021,1300,072,0.02, ,0.00, ,1662, ,8.1, ,62.3, ,42, ,39.2, ,8.0, ,225, ,56.7, 
47,Brentwood,San Francisco Bay,3/13/2021,1400,072,0.02, ,0.00, ,1573, ,8.1, ,63.8, ,40, ,39.0, ,9.9, ,221, ,58.4, 
47,Brentwood,San Francisco Bay,3/13/2021,1500,072,0.02, ,0.00, ,1365, ,7.8, ,63.9, ,39, ,38.3, ,10.8, ,218, ,59.5, 
47,Brentwood,San Francisco Bay,3/13/2021,1600,072,0.01, ,0.00, ,1046, ,7.7, ,63.1, ,39, ,37.6, ,10.5, ,220, ,60.0, 
47,Brentwood,San Francisco Bay,3/13/2021,1700,072,0.01, ,0.00, ,637, ,7.5, ,61.3, ,41, ,37.2, ,10.2, ,224, ,59.8, 
47,Brentwood,San Francisco Bay,3/13/2021,1800,072,0.00, ,0.00, ,216, ,7.6, ,57.9, ,46, ,37.3, ,9.3, ,240, ,59.5, 
47,Brentwood,San Francisco Bay,3/13/2021,1900,072,0.00, ,0.00, ,3, ,7.5, ,52.9, ,55, ,37.0, ,4.4, ,243, ,59.0, 
47,Brentwood,San Francisco Bay,3/13/2021,2000,072,0.00, ,0.00, ,0, ,7.6, ,49.3, ,63, ,37.4, ,4.5, ,263, ,58.1, 
47,Brentwood,San Francisco Bay,3/13/2021,2100,072,0.00, ,0.00, ,0, ,7.7, ,47.5, ,69, ,37.7, ,5.5, ,252, ,57.0, 
47,Brentwood,San Francisco Bay,3/13/2021,2200,072,0.00, ,0.00, ,0, ,7.4, ,46.3, ,69, ,36.9, ,4.0, ,261, ,56.0, 
47,Brentwood,San Francisco Bay,3/13/2021,2300,072,0.00, ,0.00, ,1, ,7.0, ,42.8, ,75, ,35.4, ,2.9, ,311, ,55.1, 
47,Brentwood,San Francisco Bay,3/13/2021,2400,072,0.00, ,0.00, ,1, ,7.2, ,43.6, ,75, ,36.2, ,4.3, ,199, ,54.1, 
47,Brentwood,San Francisco Bay,3/14/2021,0100,073,0.00, ,0.00, ,1, ,7.5, ,40.5, ,88, ,37.1, ,1.7, ,122, ,53.3, 
47,Brentwood,San Francisco Bay,3/14/2021,0200,073,0.00,Y,0.00, ,0, ,7.5, ,37.7,Y,98,Y,37.2,Y,2.6, ,151, ,52.5, 
47,Brentwood,San Francisco Bay,3/14/2021,0300,073,0.00, ,0.00, ,0, ,7.7, ,38.1, ,99, ,37.9, ,1.8, ,191, ,51.7, 
47,Brentwood,San Francisco Bay,3/14/2021,0400,073,0.00, ,0.00, ,0, ,7.6, ,37.6, ,99, ,37.4, ,2.2, ,206, ,51.0, 
47,Brentwood,San Francisco Bay,3/14/2021,0500,073,0.00, ,0.00, ,0, ,7.4, ,37.1, ,99, ,36.9, ,2.5, ,192, ,50.3, 
47,Brentwood,San Francisco Bay,3/14/2021,0600,073,0.00, ,0.00, ,0, ,7.9, ,38.6, ,99, ,38.4, ,2.7, ,219, ,49.7, 
47,Brentwood,San Francisco Bay,3/14/2021,0700,073,0.00, ,0.00, ,66, ,8.3, ,39.9, ,99, ,39.7, ,2.3, ,190, ,49.2, 
47,Brentwood,San Francisco Bay,3/14/2021,0800,073,0.00, ,0.00, ,313, ,9.5, ,45.0, ,93, ,43.2, ,2.4, ,173, ,48.9, 
47,Brentwood,San Francisco Bay,3/14/2021,0900,073,0.01, ,0.00, ,631, ,9.6, ,51.0, ,75, ,43.4, ,6.9, ,161, ,49.0, 
47,Brentwood,San Francisco Bay,3/14/2021,1000,073,0.01, ,0.00, ,745, ,9.6, ,51.9, ,73, ,43.6, ,8.8, ,122, ,49.8, 
47,Brentwood,San Francisco Bay,3/14/2021,1100,073,0.01, ,0.00, ,1101, ,9.6, ,53.9, ,68, ,43.5, ,8.0, ,115, ,50.9, 
47,Brentwood,San Francisco Bay,3/14/2021,1200,073,0.01, ,0.00, ,1117, ,8.4, ,57.6, ,52, ,40.1, ,5.2, ,159, ,52.4, 
47,Brentwood,San Francisco Bay,3/14/2021,1300,073,0.01, ,0.00, ,828, ,8.4, ,59.0, ,49, ,40.0, ,4.9, ,179, ,53.9, 
47,Brentwood,San Francisco Bay,3/14/2021,1400,073,0.01, ,0.00, ,828, ,8.6, ,59.8, ,49, ,40.5, ,7.1, ,208, ,55.1, 
47,Brentwood,San Francisco Bay,3/14/2021,1500,073,0.01, ,0.00, ,753, ,8.7, ,60.4, ,48, ,40.8, ,8.1, ,194, ,56.0, 
47,Brentwood,San Francisco Bay,3/14/2021,1600,073,0.01, ,0.00, ,499, ,8.7, ,60.3, ,49, ,40.8, ,10.9, ,187, ,56.6, 
47,Brentwood,San Francisco Bay,3/14/2021,1700,073,0.00, ,0.00, ,137, ,8.7, ,58.5, ,52, ,40.8, ,8.5, ,164, ,56.8, 
47,Brentwood,San Francisco Bay,3/14/2021,1800,073,0.00, ,0.00, ,22, ,8.6, ,57.3, ,54, ,40.7, ,8.0, ,129, ,56.6, 
47,Brentwood,San Francisco Bay,3/14/2021,1900,073,0.00, ,0.01, ,0, ,12.0, ,53.7, ,85, ,49.4, ,11.0, ,178, ,56.3, 
47,Brentwood,San Francisco Bay,3/14/2021,2000,073,0.00, ,0.01, ,0, ,12.7, ,51.1, ,99, ,50.9, ,7.5, ,170, ,55.9, 
47,Brentwood,San Francisco Bay,3/14/2021,2100,073,0.00, ,0.00, ,0, ,13.1, ,52.3, ,98, ,51.7, ,9.9, ,174, ,55.5, 
47,Brentwood,San Francisco Bay,3/14/2021,2200,073,0.00, ,0.00, ,0, ,11.2, ,48.9, ,95, ,47.6, ,13.0, ,250, ,55.2, 
47,Brentwood,San Francisco Bay,3/14/2021,2300,073,0.00, ,0.00, ,0, ,10.0, ,47.3, ,90, ,44.5, ,11.5, ,233, ,54.8, 
47,Brentwood,San Francisco Bay,3/14/2021,2400,073,0.00, ,0.00, ,0, ,9.2, ,46.4, ,85, ,42.3, ,13.7, ,241, ,54.4, 
47,Brentwood,San Francisco Bay,3/15/2021,0100,074,0.00, ,0.00, ,0, ,9.1, ,45.4, ,87, ,42.0, ,8.5, ,241, ,53.9, 
47,Brentwood,San Francisco Bay,3/15/2021,0200,074,0.00, ,0.00, ,0, ,8.5, ,44.2, ,86, ,40.2, ,11.6, ,244, ,53.3, 
47,Brentwood,San Francisco Bay,3/15/2021,0300,074,0.00, ,0.00, ,0, ,8.2, ,43.6, ,85, ,39.4, ,11.8, ,238, ,52.8, 
47,Brentwood,San Francisco Bay,3/15/2021,0400,074,0.00, ,0.00, ,1, ,7.8, ,44.0, ,80, ,38.2, ,11.8, ,235, ,52.2, 
47,Brentwood,San Francisco Bay,3/15/2021,0500,074,0.00, ,0.00, ,1, ,7.8, ,43.3, ,82, ,38.1, ,8.5, ,247, ,51.7, 
47,Brentwood,San Francisco Bay,3/15/2021,0600,074,0.00, ,0.00, ,3, ,7.8, ,43.1, ,82, ,38.1, ,6.2, ,255, ,51.1, 
47,Brentwood,San Francisco Bay,3/15/2021,0700,074,0.00, ,0.00, ,62, ,7.9, ,42.9, ,84, ,38.3, ,4.1, ,179, ,50.5, 
47,Brentwood,San Francisco Bay,3/15/2021,0800,074,0.00, ,0.00, ,377, ,7.7, ,45.3, ,74, ,37.7, ,8.9, ,252, ,50.1, 
47,Brentwood,San Francisco Bay,3/15/2021,0900,074,0.01, ,0.00, ,570, ,6.1, ,46.6, ,57, ,32.0, ,14.6, ,260, ,50.2, 
47,Brentwood,San Francisco Bay,3/15/2021,1000,074,0.01, ,0.00, ,631, ,6.2, ,47.5, ,56, ,32.4, ,17.0, ,275, ,50.6, 
47,Brentwood,San Francisco Bay,3/15/2021,1100,074,0.01, ,0.00, ,1142, ,6.3, ,50.3, ,51, ,32.8, ,15.5, ,286, ,51.0, 
47,Brentwood,San Francisco Bay,3/15/2021,1200,074,0.01, ,0.00, ,1024, ,6.0, ,51.6, ,46, ,31.7, ,11.0, ,289, ,51.9, 
47,Brentwood,San Francisco Bay,3/15/2021,1300,074,0.01, ,0.00, ,595, ,6.3, ,51.0, ,49, ,32.6, ,10.2, ,320, ,53.0, 
47,Brentwood,San Francisco Bay,3/15/2021,1400,074,0.01, ,0.00, ,625, ,6.8, ,50.5, ,54, ,34.7, ,11.2, ,311, ,53.5, 
47,Brentwood,San Francisco Bay,3/15/2021,1500,074,0.01, ,0.00, ,1021, ,7.6, ,50.5, ,61, ,37.6, ,12.0, ,298, ,53.8, 
47,Brentwood,San Francisco Bay,3/15/2021,1600,074,0.01, ,0.00, ,1240,Y,7.3, ,52.7, ,54, ,36.5, ,11.4, ,287, ,54.1, 
47,Brentwood,San Francisco Bay,3/15/2021,1700,074,0.01, ,0.00, ,611, ,7.0, ,52.9, ,51, ,35.5, ,10.7, ,296, ,54.2, 
47,Brentwood,San Francisco Bay,3/15/2021,1800,074,0.00, ,0.00, ,225, ,6.9, ,51.4, ,54, ,35.2, ,9.5, ,280, ,54.3, 
47,Brentwood,San Francisco Bay,3/15/2021,1900,074,0.00, ,0.00, ,7, ,6.7, ,48.6, ,58, ,34.4, ,6.2, ,281, ,54.1, 
47,Brentwood,San Francisco Bay,3/15/2021,2000,074,0.00, ,0.00, ,0, ,6.7, ,46.1, ,63, ,34.2, ,4.3, ,262, ,53.5, 
47,Brentwood,San Francisco Bay,3/15/2021,2100,074,0.00, ,0.00, ,0, ,6.5, ,44.0, ,67, ,33.7, ,4.5, ,237, ,52.8, 
47,Brentwood,San Francisco Bay,3/15/2021,2200,074,0.00, ,0.00, ,2, ,6.2, ,42.8, ,66, ,32.3, ,4.4, ,246, ,52.0, 
47,Brentwood,San Francisco Bay,3/15/2021,2300,074,0.00,Y,0.00, ,0, ,6.3, ,41.3,Y,71,Y,32.6,Y,3.2, ,273, ,51.3, 
47,Brentwood,San Francisco Bay,3/15/2021,2400,074,0.00,Y,0.00, ,0, ,7.0, ,39.0,Y,87,Y,35.5,Y,2.2, ,279, ,50.6, 
47,Brentwood,San Francisco Bay,3/16/2021,0100,075,0.00, ,0.00, ,0, ,7.8, ,42.2, ,85, ,38.0, ,4.5, ,254, ,49.9, 
47,Brentwood,San Francisco Bay,3/16/2021,0200,075,0.00, ,0.00, ,1, ,7.8, ,43.9, ,80, ,38.1, ,5.4, ,260, ,49.3,Y
47,Brentwood,San Francisco Bay,3/16/2021,0300,075,0.00, ,0.00, ,0, ,7.6, ,41.3, ,86, ,37.4, ,3.4, ,282, ,48.9,Y
47,Brentwood,San Francisco Bay,3/16/2021,0400,075,0.00, ,0.00, ,0, ,7.5, ,40.4, ,88, ,37.1, ,3.0, ,245, ,48.5,Y
47,Brentwood,San Francisco Bay,3/16/2021,0500,075,0.00, ,0.00, ,0, ,7.4, ,38.1, ,95, ,36.8, ,3.4, ,221, ,48.0,Y
47,Brentwood,San Francisco Bay,3/16/2021,0600,075,0.00, ,0.00, ,0, ,7.5, ,38.9, ,93, ,37.0, ,4.3, ,203, ,47.6,Y
47,Brentwood,San Francisco Bay,3/16/2021,0700,075,0.00, ,0.00, ,80, ,7.5, ,37.9, ,97, ,37.2, ,4.3, ,185, ,47.2,Y
47,Brentwood,San Francisco Bay,3/16/2021,0800,075,0.00, ,0.00, ,425, ,8.1, ,43.2, ,85, ,39.1, ,2.6, ,185, ,47.0,Y
47,Brentwood,San Francisco Bay,3/16/2021,0900,075,0.01, ,0.00, ,845, ,9.0, ,50.8, ,71, ,41.7, ,3.3, ,38, ,47.3,Y
47,Brentwood,San Francisco Bay,3/16/2021,1000,075,0.01, ,0.00, ,1220, ,9.6, ,52.2, ,72, ,43.4, ,6.0, ,80, ,48.7, 
47,Brentwood,San Francisco Bay,3/16/2021,1100,075,0.02, ,0.00, ,1337, ,8.2, ,54.7, ,56, ,39.3, ,7.1, ,98, ,50.6, 
47,Brentwood,San Francisco Bay,3/16/2021,1200,075,0.02, ,0.00, ,1637, ,7.4, ,56.8, ,47, ,36.9, ,8.0, ,100, ,52.7, 
47,Brentwood,San Francisco Bay,3/16/2021,1300,075,0.02, ,0.00, ,1662, ,7.2, ,58.6, ,43, ,36.0, ,7.7, ,106, ,54.8, 
47,Brentwood,San Francisco Bay,3/16/2021,1400,075,0.02, ,0.00, ,1592, ,7.1, ,60.0, ,40, ,35.9, ,7.6, ,112, ,56.6, 
47,Brentwood,San Francisco Bay,3/16/2021,1500,075,0.02, ,0.00, ,1346, ,7.1, ,60.7, ,39, ,35.8, ,6.4, ,106, ,58.0, 
47,Brentwood,San Francisco Bay,3/16/2021,1600,075,0.01, ,0.00, ,1029, ,7.0, ,61.4, ,38, ,35.5, ,5.1, ,115, ,58.6, 
47,Brentwood,San Francisco Bay,3/16/2021,1700,075,0.01, ,0.00, ,658, ,7.2, ,60.4, ,40, ,36.0, ,6.7, ,114, ,58.5, 
47,Brentwood,San Francisco Bay,3/16/2021,1800,075,0.00, ,0.00, ,247, ,7.8, ,58.6, ,46, ,38.0, ,6.1, ,349, ,58.2, 
47,Brentwood,San Francisco Bay,3/16/2021,1900,075,0.00, ,0.00, ,7, ,8.0, ,53.0, ,58, ,38.7, ,2.5, ,12, ,57.8, 
47,Brentwood,San Francisco Bay,3/16/2021,2000,075,0.00, ,0.00, ,0, ,7.3, ,49.9, ,60, ,36.5, ,3.0, ,314, ,57.1, 
47,Brentwood,San Francisco Bay,3/16/2021,2100,075,0.00, ,0.00, ,0, ,6.7, ,47.0, ,61, ,34.2, ,3.5, ,312, ,56.2, 
47,Brentwood,San Francisco Bay,3/16/2021,2200,075,0.00, ,0.00, ,0, ,6.8, ,45.4, ,66, ,34.7, ,1.9, ,180, ,55.2, 
47,Brentwood,San Francisco Bay,3/16/2021,2300,075,0.00, ,0.00, ,1, ,6.5, ,43.2, ,68, ,33.4, ,2.3, ,276, ,54.3, 
47,Brentwood,San Francisco Bay,3/16/2021,2400,075,0.00,Y,0.00, ,1, ,6.3, ,41.1,Y,71,Y,32.6,Y,1.8, ,134, ,53.4, 
47,Brentwood,San Francisco Bay,3/17/2021,0100,076,0.00,Y,0.00, ,0, ,6.0, ,39.0,Y,75,Y,31.7,Y,1.9, ,71, ,52.5, 
47,Brentwood,San Francisco Bay,3/17/2021,0200,076,0.00,Y,0.00, ,0, ,6.6, ,37.8,Y,85,Y,33.8,Y,1.8, ,42, ,51.7, 
47,Brentwood,San Francisco Bay,3/17/2021,0300,076,0.00, ,0.00, ,0, ,8.0, ,39.0, ,99, ,38.7, ,2.0, ,285, ,50.9, 
47,Brentwood,San Francisco Bay,3/17/2021,0400,076,0.00, ,0.00, ,0, ,7.8, ,38.4, ,99, ,38.2, ,1.7, ,147, ,50.2, 
47,Brentwood,San Francisco Bay,3/17/2021,0500,076,0.00,Y,0.00, ,0, ,7.0, ,35.7,Y,99,Y,35.5,Y,1.8, ,279, ,49.6, 
47,Brentwood,San Francisco Bay,3/17/2021,0600,076,0.00,Y,0.00, ,0, ,7.0, ,35.5,Y,99,Y,35.3,Y,2.0, ,187, ,49.0,Y
47,Brentwood,San Francisco Bay,3/17/2021,0700,076,0.00, ,0.00, ,65, ,7.4, ,37.0, ,99, ,36.8, ,2.3, ,190, ,48.4,Y
47,Brentwood,San Francisco Bay,3/17/2021,0800,076,0.00,Y,0.00, ,253, ,8.6, ,40.8,Y,99,Y,40.6,Y,3.0, ,237, ,48.1,Y
47,Brentwood,San Francisco Bay,3/17/2021,0900,076,0.00, ,0.00, ,549, ,9.9, ,47.0, ,90, ,44.2, ,3.4, ,310, ,48.2,Y
47,Brentwood,San Francisco Bay,3/17/2021,1000,076,0.01, ,0.00, ,783, ,10.1, ,51.4, ,78, ,44.7, ,3.8, ,355, ,49.1, 
47,Brentwood,San Francisco Bay,3/17/2021,1100,076,0.01, ,0.00, ,1256, ,10.1, ,54.0, ,71, ,44.7, ,3.9, ,41, ,50.6, 
47,Brentwood,San Francisco Bay,3/17/2021,1200,076,0.01, ,0.00, ,1343, ,9.0, ,54.8, ,61, ,41.7, ,5.2, ,125, ,52.5, 
47,Brentwood,San Francisco Bay,3/17/2021,1300,076,0.01, ,0.00, ,1157, ,8.7, ,56.7, ,55, ,40.8, ,3.7, ,100, ,54.3, 
47,Brentwood,San Francisco Bay,3/17/2021,1400,076,0.01, ,0.00, ,952, ,8.6, ,57.8, ,53, ,40.6, ,3.9, ,109, ,55.9, 
47,Brentwood,San Francisco Bay,3/17/2021,1500,076,0.01, ,0.00, ,580, ,8.7, ,57.9, ,53, ,40.8, ,3.6, ,117, ,56.9, 
47,Brentwood,San Francisco Bay,3/17/2021,1600,076,0.00, ,0.00, ,402, ,8.7, ,58.2, ,52, ,40.8, ,3.2, ,173, ,57.5, 
47,Brentwood,San Francisco Bay,3/17/2021,1700,076,0.00, ,0.00, ,270, ,8.7, ,58.3, ,52, ,40.9, ,5.6, ,303, ,57.7, 
47,Brentwood,San Francisco Bay,3/17/2021,1800,076,0.00, ,0.00, ,51, ,8.5, ,56.9, ,54, ,40.4, ,6.5, ,298, ,57.8, 
47,Brentwood,San Francisco Bay,3/17/2021,1900,076,0.00, ,0.00, ,3, ,8.6, ,55.0, ,58, ,40.5, ,6.9, ,315, ,57.5, 
47,Brentwood,San Francisco Bay,3/17/2021,2000,076,0.00, ,0.00, ,0, ,8.4, ,52.9, ,62, ,40.1, ,7.9, ,315, ,57.0, 
47,Brentwood,San Francisco Bay,3/17/2021,2100,076,0.00, ,0.00, ,0, ,8.5, ,51.4, ,66, ,40.5, ,6.3, ,312, ,56.5, 
47,Brentwood,San Francisco Bay,3/17/2021,2200,076,0.00, ,0.00, ,0, ,8.5, ,50.8, ,68, ,40.5, ,6.1, ,306, ,56.0, 
47,Brentwood,San Francisco Bay,3/17/2021,2300,076,0.00, ,0.00, ,0, ,8.4, ,50.5, ,67, ,40.2, ,3.4, ,296, ,55.5, 
47,Brentwood,San Francisco Bay,3/17/2021,2400,076,0.00, ,0.00, ,0, ,8.4, ,50.0, ,69, ,40.2, ,1.8, ,359, ,55.1, 
47,Brentwood,San Francisco Bay,3/18/2021,0100,077,0.00, ,0.00, ,0, ,8.5, ,50.0, ,69, ,40.3, ,2.4, ,306, ,54.7, 
47,Brentwood,San Francisco Bay,3/18/2021,0200,077,0.00, ,0.00, ,0, ,8.6, ,50.3, ,69, ,40.5, ,2.0, ,289, ,54.4, 
47,Brentwood,San Francisco Bay,3/18/2021,0300,077,0.00, ,0.00, ,0, ,9.7, ,49.4, ,81, ,43.8, ,2.1, ,62, ,54.1, 
47,Brentwood,San Francisco Bay,3/18/2021,0400,077,0.00, ,0.00, ,0, ,11.6, ,48.8, ,99, ,48.6, ,2.2, ,54, ,53.9, 
47,Brentwood,San Francisco Bay,3/18/2021,0500,077,0.00, ,0.02, ,0, ,11.6, ,48.7, ,99, ,48.5, ,2.5, ,70, ,53.7, 
47,Brentwood,San Francisco Bay,3/18/2021,0600,077,0.00, ,0.00, ,0, ,11.6, ,48.7, ,99, ,48.6, ,3.1, ,87, ,53.5, 
47,Brentwood,San Francisco Bay,3/18/2021,0700,077,0.00, ,0.00, ,59, ,11.7, ,49.0, ,99, ,48.8, ,3.0, ,126, ,53.3, 
47,Brentwood,San Francisco Bay,3/18/2021,0800,077,0.00, ,0.00, ,322, ,12.3, ,50.3, ,99, ,50.1, ,4.3, ,92, ,53.2, 
47,Brentwood,San Francisco Bay,3/18/2021,0900,077,0.00, ,0.00, ,511, ,13.0, ,52.1, ,98, ,51.5, ,5.2, ,112, ,53.4, 
47,Brentwood,San Francisco Bay,3/18/2021,1000,077,0.01, ,0.00, ,607, ,13.0, ,53.8, ,92, ,51.5, ,5.2, ,122, ,53.8, 
47,Brentwood,San Francisco Bay,3/18/2021,1100,077,0.00, ,0.01, ,530, ,13.3, ,54.6, ,92, ,52.2, ,5.7, ,114, ,54.4, 
47,Brentwood,San Francisco Bay,3/18/2021,1200,077,0.01, ,0.00, ,1310, ,14.2, ,57.2, ,88, ,53.8, ,6.3, ,112, ,55.1, 
47,Brentwood,San Francisco Bay,3/18/2021,1300,077,0.00, ,0.04, ,381, ,14.6, ,56.6, ,93, ,54.6, ,6.7, ,117, ,56.4, 
47,Brentwood,San Francisco Bay,3/18/2021,1400,077,0.00, ,0.05, ,502, ,15.4, ,56.4, ,99, ,56.2, ,4.9, ,114, ,56.9, 
47,Brentwood,San Francisco Bay,3/18/2021,1500,077,0.00, ,0.03, ,468, ,16.0, ,57.4, ,99, ,57.2, ,3.6, ,87, ,57.1, 
47,Brentwood,San Francisco Bay,3/18/2021,1600,077,0.00, ,0.00, ,211, ,16.8, ,58.7, ,99, ,58.5, ,2.6, ,173, ,57.6, 
47,Brentwood,San Francisco Bay,3/18/2021,1700,077,0.00, ,0.03, ,111, ,16.5, ,58.2, ,99, ,58.0, ,9.4, ,187, ,57.8, 
47,Brentwood,San Francisco Bay,3/18/2021,1800,077,0.00, ,0.00, ,59, ,15.7, ,56.9, ,99, ,56.7, ,9.3, ,193, ,57.8, 
47,Brentwood,San Francisco Bay,3/18/2021,1900,077,0.00, ,0.00, ,3, ,15.4, ,56.4, ,99, ,56.1, ,4.4, ,222, ,57.5, 
47,Brentwood,San Francisco Bay,3/18/2021,2000,077,0.00, ,0.00, ,0, ,14.7, ,55.0, ,99, ,54.8, ,5.8, ,208, ,57.1, 
47,Brentwood,San Francisco Bay,3/18/2021,2100,077,0.00, ,0.00, ,0, ,14.8, ,55.3, ,99, ,55.0, ,6.6, ,237, ,56.8, 
47,Brentwood,San Francisco Bay,3/18/2021,2200,077,0.00, ,0.00, ,0, ,14.7, ,55.2, ,99, ,55.0, ,4.8, ,209, ,56.4, 
47,Brentwood,San Francisco Bay,3/18/2021,2300,077,0.00, ,0.00, ,0, ,14.4, ,54.8, ,99, ,54.4, ,3.1, ,153, ,56.1, 
47,Brentwood,San Francisco Bay,3/18/2021,2400,077,0.00, ,0.00, ,0, ,14.0, ,53.9, ,99, ,53.6, ,2.7, ,9, ,55.7, 
47,Brentwood,San Francisco Bay,3/19/2021,0100,078,0.00, ,0.00, ,0, ,13.5, ,52.8, ,99, ,52.6, ,4.0, ,327, ,55.4, 
47,Brentwood,San Francisco Bay,3/19/2021,0200,078,0.00, ,0.00, ,0, ,13.3, ,52.2, ,99, ,52.1, ,2.6, ,353, ,55.1, 
47,Brentwood,San Francisco Bay,3/19/2021,0300,078,0.00, ,0.00, ,0, ,12.8, ,51.3, ,100, ,51.2, ,2.1, ,274, ,54.9, 
47,Brentwood,San Francisco Bay,3/19/2021,0400,078,0.00, ,0.00, ,0, ,12.4, ,50.3, ,100, ,50.2, ,2.7, ,226, ,54.6, 
47,Brentwood,San Francisco Bay,3/19/2021,0500,078,0.00, ,0.00, ,0, ,12.0, ,49.4, ,100, ,49.4, ,1.7, ,278, ,54.2, 
47,Brentwood,San Francisco Bay,3/19/2021,0600,078,0.00, ,0.00, ,0, ,11.7, ,48.8, ,100, ,48.7, ,1.7, ,215, ,53.9, 
47,Brentwood,San Francisco Bay,3/19/2021,0700,078,0.00, ,0.00, ,32, ,11.4, ,48.2, ,100, ,48.1, ,2.2, ,278, ,53.5, 
47,Brentwood,San Francisco Bay,3/19/2021,0800,078,0.00, ,0.00, ,204, ,12.5, ,50.6, ,100, ,50.6, ,2.6, ,268, ,53.2, 
47,Brentwood,San Francisco Bay,3/19/2021,0900,078,0.00, ,0.00, ,502, ,14.2, ,54.1, ,100, ,54.0, ,2.4, ,279, ,53.2, 
47,Brentwood,San Francisco Bay,3/19/2021,1000,078,0.01, ,0.00, ,1022, ,16.2, ,57.9, ,99, ,57.6, ,3.3, ,44, ,54.0, 
47,Brentwood,San Francisco Bay,3/19/2021,1100,078,0.01, ,0.00, ,814, ,16.4, ,58.4, ,98, ,57.9, ,4.0, ,74, ,55.6, 
47,Brentwood,San Francisco Bay,3/19/2021,1200,078,0.00, ,0.00, ,483, ,15.3, ,58.8, ,91, ,56.0, ,3.0, ,112, ,57.0, 
47,Brentwood,San Francisco Bay,3/19/2021,1300,078,0.00, ,0.00, ,260, ,15.8, ,58.3, ,95, ,56.9, ,6.9, ,323, ,57.7, 
47,Brentwood,San Francisco Bay,3/19/2021,1400,078,0.00, ,0.00, ,474, ,15.5, ,57.6, ,96, ,56.4, ,5.2, ,352, ,58.0, 
47,Brentwood,San Francisco Bay,3/19/2021,1500,078,0.00, ,0.00, ,453, ,14.8, ,59.1, ,86, ,55.1, ,2.7, ,56, ,58.3, 
47,Brentwood,San Francisco Bay,3/19/2021,1600,078,0.00, ,0.00, ,453, ,15.2, ,58.8, ,90, ,55.8, ,3.5, ,64, ,58.6, 
47,Brentwood,San Francisco Bay,3/19/2021,1700,078,0.00, ,0.00, ,365, ,14.2, ,59.7, ,81, ,53.9, ,3.2, ,131, ,58.9, 
47,Brentwood,San Francisco Bay,3/19/2021,1800,078,0.01, ,0.00, ,313, ,7.4, ,59.7, ,42, ,36.6, ,9.7, ,245, ,59.0, 
47,Brentwood,San Francisco Bay,3/19/2021,1900,078,0.00, ,0.00, ,13, ,7.5, ,54.9, ,51, ,37.2, ,8.9, ,262, ,58.7, 
47,Brentwood,San Francisco Bay,3/19/2021,2000,078,0.00, ,0.00, ,0, ,8.0, ,51.3, ,62, ,38.6, ,6.6, ,236, ,57.8, 
47,Brentwood,San Francisco Bay,3/19/2021,2100,078,0.00, ,0.00, ,0, ,8.0, ,50.1, ,65, ,38.7, ,8.2, ,240, ,56.9, 
47,Brentwood,San Francisco Bay,3/19/2021,2200,078,0.00, ,0.00, ,0, ,7.7, ,49.4, ,64, ,37.8, ,6.1, ,230, ,55.9, 
47,Brentwood,San Francisco Bay,3/19/2021,2300,078,0.00, ,0.00, ,0, ,7.8, ,48.5, ,67, ,38.2, ,4.4, ,206, ,55.0, 
47,Brentwood,San Francisco Bay,3/19/2021,2400,078,0.00, ,0.00, ,0, ,8.0, ,48.9, ,67, ,38.6, ,8.0, ,217, ,54.3, 
47,Brentwood,San Francisco Bay,3/20/2021,0100,079,0.00, ,0.00, ,0, ,7.9, ,47.2, ,71, ,38.4, ,4.4, ,192, ,53.6, 
47,Brentwood,San Francisco Bay,3/20/2021,0200,079,0.00, ,0.00, ,0, ,7.7, ,46.0, ,73, ,37.9, ,5.2, ,232, ,52.9, 
47,Brentwood,San Francisco Bay,3/20/2021,0300,079,0.00, ,0.00, ,0, ,7.5, ,48.0, ,66, ,37.3, ,7.1, ,259, ,52.3, 
47,Brentwood,San Francisco Bay,3/20/2021,0400,079,0.00, ,0.00, ,0, ,7.3, ,46.1, ,69, ,36.6, ,3.5, ,219, ,51.8, 
47,Brentwood,San Francisco Bay,3/20/2021,0500,079,0.00, ,0.00, ,0, ,7.8, ,46.0, ,74, ,38.0, ,5.9, ,250, ,51.2, 
47,Brentwood,San Francisco Bay,3/20/2021,0600,079,0.00, ,0.00, ,1, ,7.9, ,45.6, ,76, ,38.5, ,5.6, ,250, ,50.8, 
47,Brentwood,San Francisco Bay,3/20/2021,0700,079,0.00, ,0.00, ,96, ,7.6, ,44.4, ,76, ,37.5, ,2.9, ,157, ,50.4, 
47,Brentwood,San Francisco Bay,3/20/2021,0800,079,0.00, ,0.00, ,456, ,8.1, ,49.5, ,68, ,39.2, ,7.9, ,238, ,50.1, 
47,Brentwood,San Francisco Bay,3/20/2021,0900,079,0.01, ,0.00, ,883, ,8.0, ,52.3, ,60, ,38.8, ,11.2, ,262, ,50.3, 
47,Brentwood,San Francisco Bay,3/20/2021,1000,079,0.01, ,0.00, ,1263, ,7.9, ,54.5, ,54, ,38.5, ,11.3, ,282, ,51.3, 
47,Brentwood,San Francisco Bay,3/20/2021,1100,079,0.02, ,0.00, ,1541, ,7.6, ,57.5, ,47, ,37.5, ,8.7, ,299, ,52.9, 
47,Brentwood,San Francisco Bay,3/20/2021,1200,079,0.02, ,0.00, ,1614, ,7.6, ,59.3, ,44, ,37.4, ,8.1, ,314, ,55.1, 
47,Brentwood,San Francisco Bay,3/20/2021,1300,079,0.02, ,0.00, ,1794, ,7.3, ,61.0, ,40, ,36.5, ,8.5, ,317, ,57.4, 
47,Brentwood,San Francisco Bay,3/20/2021,1400,079,0.02, ,0.00, ,1399, ,6.8, ,61.4, ,37, ,34.7, ,7.9, ,306, ,59.4, 
47,Brentwood,San Francisco Bay,3/20/2021,1500,079,0.02, ,0.00, ,1442, ,6.8, ,62.6, ,35, ,34.7, ,7.6, ,297, ,60.7, 
47,Brentwood,San Francisco Bay,3/20/2021,1600,079,0.01, ,0.00, ,1128, ,6.8, ,63.3, ,34, ,34.6, ,6.6, ,338, ,61.3, 
47,Brentwood,San Francisco Bay,3/20/2021,1700,079,0.01, ,0.00, ,598, ,6.7, ,62.6, ,35, ,34.4, ,6.8, ,332, ,60.8, 
47,Brentwood,San Francisco Bay,3/20/2021,1800,079,0.00, ,0.00, ,245, ,7.1, ,59.5, ,41, ,35.7, ,8.9, ,281, ,60.2, 
47,Brentwood,San Francisco Bay,3/20/2021,1900,079,0.00, ,0.00, ,12, ,7.9, ,55.1, ,53, ,38.3, ,10.8, ,278, ,59.5, 
47,Brentwood,San Francisco Bay,3/20/2021,2000,079,0.00, ,0.00, ,0, ,7.6, ,52.5, ,56, ,37.3, ,8.3, ,273, ,58.7, 
47,Brentwood,San Francisco Bay,3/20/2021,2100,079,0.00, ,0.00, ,0, ,7.4, ,51.0, ,58, ,36.7, ,6.5, ,264, ,57.7, 
47,Brentwood,San Francisco Bay,3/20/2021,2200,079,0.00, ,0.00, ,0, ,7.2, ,49.8, ,59, ,36.2, ,4.7, ,262, ,56.7, 
47,Brentwood,San Francisco Bay,3/20/2021,2300,079,0.00, ,0.00, ,0, ,7.4, ,47.5, ,66, ,36.8, ,2.9, ,255, ,55.8, 
47,Brentwood,San Francisco Bay,3/20/2021,2400,079,0.00, ,0.00, ,0, ,8.0, ,49.2, ,67, ,38.7, ,6.1, ,269, ,54.9, 
47,Brentwood,San Francisco Bay,3/21/2021,0100,080,0.00, ,0.00, ,0, ,8.0, ,47.8, ,71, ,38.9, ,4.8, ,261, ,54.1, 
47,Brentwood,San Francisco Bay,3/21/2021,0200,080,0.00, ,0.00, ,0, ,7.9, ,45.5, ,77, ,38.6, ,3.7, ,247, ,53.5, 
47,Brentwood,San Francisco Bay,3/21/2021,0300,080,0.00, ,0.00, ,0, ,7.9, ,43.7, ,81, ,38.4, ,3.9, ,273, ,52.8, 
47,Brentwood,San Francisco Bay,3/21/2021,0400,080,0.00, ,0.00, ,0, ,7.7, ,44.5, ,77, ,37.6, ,4.9, ,241, ,52.1, 
47,Brentwood,San Francisco Bay,3/21/2021,0500,080,0.00, ,0.00, ,1, ,7.3, ,44.7, ,73, ,36.5, ,4.4, ,256, ,51.6, 
47,Brentwood,San Francisco Bay,3/21/2021,0600,080,0.00, ,0.00, ,2, ,7.0, ,44.4, ,70, ,35.3, ,4.8, ,286, ,51.1, 
47,Brentwood,San Francisco Bay,3/21/2021,0700,080,0.00, ,0.00, ,114, ,7.3, ,46.8, ,67, ,36.4, ,6.8, ,295, ,50.6, 
47,Brentwood,San Francisco Bay,3/21/2021,0800,080,0.01, ,0.00, ,481, ,7.4, ,52.5, ,55, ,36.8, ,8.8, ,296, ,50.3, 
47,Brentwood,San Francisco Bay,3/21/2021,0900,080,0.01, ,0.00, ,908, ,7.1, ,56.2, ,46, ,35.7, ,12.8, ,308, ,50.7, 
47,Brentwood,San Francisco Bay,3/21/2021,1000,080,0.02, ,0.00, ,1280, ,7.0, ,59.6, ,40, ,35.4, ,14.4, ,308, ,51.7, 
47,Brentwood,San Francisco Bay,3/21/2021,1100,080,0.02, ,0.00, ,1545, ,6.3, ,63.0, ,32, ,32.6, ,15.0, ,311, ,53.1, 
47,Brentwood,San Francisco Bay,3/21/2021,1200,080,0.03, ,0.00, ,1687, ,6.0, ,65.8, ,28, ,31.6, ,14.4, ,314, ,54.9, 
47,Brentwood,San Francisco Bay,3/21/2021,1300,080,0.03, ,0.00, ,1716, ,5.8, ,67.8, ,25, ,30.6, ,13.2, ,316, ,56.7, 
47,Brentwood,San Francisco Bay,3/21/2021,1400,080,0.03, ,0.00, ,1624, ,5.1, ,69.3, ,21, ,27.5, ,12.6, ,315, ,58.4, 
47,Brentwood,San Francisco Bay,3/21/2021,1500,080,0.02, ,0.00, ,1415, ,4.1, ,70.5, ,16, ,22.5, ,12.7, ,328, ,59.8, 
47,Brentwood,San Francisco Bay,3/21/2021,1600,080,0.02, ,0.00, ,1089, ,3.7, ,70.4, ,15, ,20.1, ,12.0, ,333, ,60.4, 
47,Brentwood,San Francisco Bay,3/21/2021,1700,080,0.01, ,0.00, ,667, ,5.1, ,68.9, ,21, ,27.7, ,10.0, ,291, ,60.1, 
47,Brentwood,San Francisco Bay,3/21/2021,1800,080,0.01, ,0.00, ,248, ,5.8, ,65.9, ,27, ,30.8, ,8.5, ,264, ,59.8, 
47,Brentwood,San Francisco Bay,3/21/2021,1900,080,0.00, ,0.00, ,14, ,6.1, ,61.3, ,33, ,32.0, ,6.8, ,272, ,59.4, 
47,Brentwood,San Francisco Bay,3/21/2021,2000,080,0.00, ,0.00, ,0, ,6.3, ,57.3, ,39, ,32.8, ,4.9, ,251, ,58.7, 
47,Brentwood,San Francisco Bay,3/21/2021,2100,080,0.00, ,0.00, ,0, ,6.6, ,53.9, ,47, ,34.0, ,4.1, ,219, ,57.9, 
47,Brentwood,San Francisco Bay,3/21/2021,2200,080,0.00, ,0.00, ,0, ,6.6, ,51.6, ,51, ,34.1, ,4.3, ,197, ,56.9, 
47,Brentwood,San Francisco Bay,3/21/2021,2300,080,0.00, ,0.00, ,0, ,7.1, ,49.9, ,58, ,35.8, ,4.8, ,202, ,56.1, 
47,Brentwood,San Francisco Bay,3/21/2021,2400,080,0.00, ,0.00, ,0, ,7.2, ,48.9, ,61, ,36.1, ,5.3, ,192, ,55.3, 
47,Brentwood,San Francisco Bay,3/22/2021,0100,081,0.00, ,0.00, ,0, ,7.5, ,49.0, ,63, ,37.1, ,6.5, ,194, ,54.6, 
47,Brentwood,San Francisco Bay,3/22/2021,0200,081,0.00, ,0.00, ,0, ,7.5, ,48.3, ,65, ,37.1, ,4.0, ,207, ,54.1, 
47,Brentwood,San Francisco Bay,3/22/2021,0300,081,0.00, ,0.00, ,0, ,7.9, ,48.3, ,68, ,38.3, ,6.8, ,205, ,53.6, 
47,Brentwood,San Francisco Bay,3/22/2021,0400,081,0.00, ,0.00, ,0, ,8.1, ,46.3, ,76, ,39.0, ,4.3, ,202, ,53.1, 
47,Brentwood,San Francisco Bay,3/22/2021,0500,081,0.00, ,0.00, ,0, ,8.2, ,44.7, ,81, ,39.3, ,3.8, ,236, ,52.6, 
47,Brentwood,San Francisco Bay,3/22/2021,0600,081,0.00, ,0.00, ,2, ,9.2, ,43.6, ,95, ,42.4, ,1.9, ,173, ,52.1, 
47,Brentwood,San Francisco Bay,3/22/2021,0700,081,0.00, ,0.00, ,98, ,9.8, ,45.4, ,94, ,43.9, ,3.7, ,199, ,51.5, 
47,Brentwood,San Francisco Bay,3/22/2021,0800,081,0.00, ,0.00, ,427, ,10.1, ,49.9, ,83, ,44.9, ,3.5, ,212, ,51.2, 
47,Brentwood,San Francisco Bay,3/22/2021,0900,081,0.01, ,0.00, ,863, ,9.1, ,54.9, ,62, ,42.2, ,4.1, ,214, ,51.5, 
47,Brentwood,San Francisco Bay,3/22/2021,1000,081,0.01, ,0.00, ,1212, ,7.4, ,58.1, ,45, ,36.9, ,5.8, ,228, ,52.6, 
47,Brentwood,San Francisco Bay,3/22/2021,1100,081,0.02, ,0.00, ,1312, ,7.5, ,61.2, ,41, ,37.1, ,4.1, ,319, ,54.5, 
47,Brentwood,San Francisco Bay,3/22/2021,1200,081,0.02, ,0.00, ,1567, ,7.8, ,63.0, ,40, ,38.1, ,4.3, ,227, ,56.6, 
47,Brentwood,San Francisco Bay,3/22/2021,1300,081,0.02, ,0.00, ,1496, ,6.9, ,64.0, ,34, ,35.1, ,12.2, ,286, ,58.7, 
47,Brentwood,San Francisco Bay,3/22/2021,1400,081,0.02, ,0.00, ,1149, ,7.2, ,63.7, ,36, ,36.2, ,10.3, ,296, ,60.2, 
47,Brentwood,San Francisco Bay,3/22/2021,1500,081,0.02, ,0.00, ,1341, ,8.0, ,65.4, ,37, ,38.7, ,8.3, ,293, ,61.1, 
47,Brentwood,San Francisco Bay,3/22/2021,1600,081,0.02, ,0.00, ,1084, ,7.7, ,66.3, ,35, ,37.8, ,10.7, ,291, ,61.5, 
47,Brentwood,San Francisco Bay,3/22/2021,1700,081,0.01, ,0.00, ,668, ,7.5, ,66.8, ,33, ,37.0, ,10.0, ,302, ,61.2, 
47,Brentwood,San Francisco Bay,3/22/2021,1800,081,0.00, ,0.00, ,237, ,7.8, ,64.5, ,38, ,38.3, ,8.2, ,272, ,60.8, 
47,Brentwood,San Francisco Bay,3/22/2021,1900,081,0.00, ,0.00, ,14, ,8.6, ,61.6, ,46, ,40.5, ,7.2, ,241, ,60.4, 
47,Brentwood,San Francisco Bay,3/22/2021,2000,081,0.00, ,0.00, ,0, ,9.0, ,58.7, ,53, ,41.9, ,7.1, ,213, ,59.8, 
47,Brentwood,San Francisco Bay,3/22/2021,2100,081,0.00, ,0.00, ,0, ,9.0, ,56.6, ,58, ,41.9, ,8.3, ,246, ,59.1, 
47,Brentwood,San Francisco Bay,3/22/2021,2200,081,0.00, ,0.00, ,0, ,8.4, ,55.1, ,57, ,40.1, ,13.1, ,246, ,58.5, 
47,Brentwood,San Francisco Bay,3/22/2021,2300,081,0.00, ,0.00, ,0, ,8.5, ,53.3, ,61, ,40.4, ,15.3, ,255, ,58.0, 
47,Brentwood,San Francisco Bay,3/22/2021,2400,081,0.00, ,0.00, ,0, ,8.5, ,52.3, ,64, ,40.3, ,15.0, ,260, ,57.4, 
47,Brentwood,San Francisco Bay,3/23/2021,0100,082,0.00, ,0.00, ,0, ,8.2, ,51.9, ,63, ,39.5, ,12.2, ,266, ,56.8, 
47,Brentwood,San Francisco Bay,3/23/2021,0200,082,0.00, ,0.00, ,0, ,8.1, ,51.6, ,62, ,39.2, ,11.6, ,278, ,56.3, 
47,Brentwood,San Francisco Bay,3/23/2021,0300,082,0.00, ,0.00, ,0, ,8.4, ,50.5, ,67, ,39.9, ,9.8, ,289, ,55.8, 
47,Brentwood,San Francisco Bay,3/23/2021,0400,082,0.00, ,0.00, ,0, ,7.9, ,49.2, ,66, ,38.3, ,7.5, ,289, ,55.3, 
47,Brentwood,San Francisco Bay,3/23/2021,0500,082,0.00, ,0.00, ,0, ,6.8, ,50.2, ,55, ,34.6, ,12.7, ,302, ,54.8, 
47,Brentwood,San Francisco Bay,3/23/2021,0600,082,0.00, ,0.00, ,1, ,5.4, ,50.4, ,43, ,28.7, ,18.4, ,315, ,54.6, 
47,Brentwood,San Francisco Bay,3/23/2021,0700,082,0.01, ,0.00, ,128, ,5.2, ,50.8, ,41, ,28.2, ,19.9, ,313, ,54.3, 
47,Brentwood,San Francisco Bay,3/23/2021,0800,082,0.01, ,0.00, ,512, ,5.1, ,53.6, ,37, ,27.7, ,20.8, ,314, ,54.2, 
47,Brentwood,San Francisco Bay,3/23/2021,0900,082,0.02, ,0.00, ,950, ,5.2, ,56.9, ,33, ,27.8, ,23.5, ,319, ,54.2, 
47,Brentwood,San Francisco Bay,3/23/2021,1000,082,0.02, ,0.00, ,1322, ,5.0, ,59.6, ,29, ,27.2, ,24.6, ,327, ,54.6, 
47,Brentwood,San Francisco Bay,3/23/2021,1100,082,0.03, ,0.00, ,1595, ,4.7, ,61.8, ,25, ,25.8, ,24.7, ,333, ,55.2, 
47,Brentwood,San Francisco Bay,3/23/2021,1200,082,0.03, ,0.00, ,1743, ,4.5, ,63.9, ,22, ,24.3, ,24.2, ,334, ,56.0, 
47,Brentwood,San Francisco Bay,3/23/2021,1300,082,0.03, ,0.00, ,1770, ,4.3, ,65.4, ,20, ,23.5, ,24.1, ,332, ,56.9, 
47,Brentwood,San Francisco Bay,3/23/2021,1400,082,0.03, ,0.00, ,1669, ,4.2, ,67.0, ,19, ,22.9, ,21.7, ,327, ,57.8, 
47,Brentwood,San Francisco Bay,3/23/2021,1500,082,0.03, ,0.00, ,1440, ,4.1, ,67.7, ,18, ,22.3, ,21.8, ,329, ,58.5, 
47,Brentwood,San Francisco Bay,3/23/2021,1600,082,0.02, ,0.00, ,1116, ,4.2, ,67.9, ,18, ,22.7, ,21.2, ,327, ,58.9, 
47,Brentwood,San Francisco Bay,3/23/2021,1700,082,0.02, ,0.00, ,707, ,4.1, ,67.3, ,18, ,22.5, ,20.6, ,320, ,58.8, 
47,Brentwood,San Francisco Bay,3/23/2021,1800,082,0.01, ,0.00, ,273, ,4.5, ,65.2, ,21, ,24.5, ,18.4, ,318, ,58.7, 
47,Brentwood,San Francisco Bay,3/23/2021,1900,082,0.01, ,0.00, ,16, ,4.6, ,61.3, ,25, ,25.3, ,14.6, ,316, ,58.5, 
47,Brentwood,San Francisco Bay,3/23/2021,2000,082,0.00, ,0.00, ,0, ,4.6, ,59.0, ,27, ,25.3, ,12.6, ,314, ,58.2, 
47,Brentwood,San Francisco Bay,3/23/2021,2100,082,0.00, ,0.00, ,0, ,4.8, ,56.3, ,31, ,26.2, ,9.7, ,314, ,57.7, 
47,Brentwood,San Francisco Bay,3/23/2021,2200,082,0.00, ,0.00, ,0, ,4.7, ,52.4, ,35, ,25.4, ,6.6, ,312, ,57.0, 
47,Brentwood,San Francisco Bay,3/23/2021,2300,082,0.00, ,0.00, ,0, ,4.6, ,51.7, ,35, ,25.3, ,7.8, ,304, ,56.3, 
47,Brentwood,San Francisco Bay,3/23/2021,2400,082,0.00, ,0.00, ,0, ,4.7, ,51.7, ,36, ,25.4, ,9.6, ,322, ,55.6, 
47,Brentwood,San Francisco Bay,3/24/2021,0100,083,0.00, ,0.00, ,0, ,4.7, ,51.3, ,37, ,25.8, ,10.6, ,317, ,55.1, 
47,Brentwood,San Francisco Bay,3/24/2021,0200,083,0.00, ,0.00, ,0, ,4.7, ,50.3, ,38, ,25.7, ,9.5, ,306, ,54.6, 
47,Brentwood,San Francisco Bay,3/24/2021,0300,083,0.00, ,0.00, ,0, ,4.4, ,50.2, ,35, ,23.9, ,9.3, ,305, ,54.1, 
47,Brentwood,San Francisco Bay,3/24/2021,0400,083,0.00, ,0.00, ,0, ,4.2, ,49.7, ,35, ,23.2, ,8.5, ,299, ,53.7, 
47,Brentwood,San Francisco Bay,3/24/2021,0500,083,0.00, ,0.00, ,0, ,4.2, ,50.1, ,34, ,22.9, ,10.2, ,302, ,53.3, 
47,Brentwood,San Francisco Bay,3/24/2021,0600,083,0.00, ,0.00, ,1, ,4.3, ,47.2, ,39, ,23.6, ,6.0, ,264, ,52.9, 
47,Brentwood,San Francisco Bay,3/24/2021,0700,083,0.00, ,0.00, ,132, ,4.3, ,48.7, ,37, ,23.7, ,6.7, ,289, ,52.4, 
47,Brentwood,San Francisco Bay,3/24/2021,0800,083,0.01, ,0.00, ,469, ,4.4, ,55.5, ,29, ,23.9, ,8.8, ,307, ,52.1, 
47,Brentwood,San Francisco Bay,3/24/2021,0900,083,0.02, ,0.00, ,919, ,4.3, ,60.4, ,24, ,23.4, ,12.8, ,317, ,52.4, 
47,Brentwood,San Francisco Bay,3/24/2021,1000,083,0.02, ,0.00, ,1297, ,4.1, ,63.5, ,21, ,22.5, ,11.8, ,322, ,53.3, 
47,Brentwood,San Francisco Bay,3/24/2021,1100,083,0.02, ,0.00, ,1554, ,4.0, ,66.2, ,18, ,21.7, ,10.8, ,327, ,54.8, 
47,Brentwood,San Francisco Bay,3/24/2021,1200,083,0.03, ,0.00, ,1728, ,3.7, ,68.7, ,15, ,19.9, ,12.3, ,320, ,56.7, 
47,Brentwood,San Francisco Bay,3/24/2021,1300,083,0.03, ,0.00, ,1697, ,3.8, ,70.0, ,15, ,20.4, ,8.5, ,324, ,58.8, 
47,Brentwood,San Francisco Bay,3/24/2021,1400,083,0.02, ,0.00, ,1646, ,4.0, ,71.1, ,15, ,21.5, ,5.7, ,315, ,60.9, 
47,Brentwood,San Francisco Bay,3/24/2021,1500,083,0.02, ,0.00, ,1115, ,3.8, ,71.0, ,15, ,20.8, ,5.0, ,286, ,62.7, 
47,Brentwood,San Francisco Bay,3/24/2021,1600,083,0.01, ,0.00, ,751, ,3.9, ,71.1, ,15, ,20.9, ,3.1, ,315, ,63.5, 
47,Brentwood,San Francisco Bay,3/24/2021,1700,083,0.01, ,0.00, ,579, ,4.7, ,69.2, ,19, ,25.7, ,8.1, ,212, ,63.5, 
47,Brentwood,San Francisco Bay,3/24/2021,1800,083,0.01, ,0.00, ,148, ,4.1, ,65.5, ,19, ,22.5, ,8.8, ,212, ,63.0, 
47,Brentwood,San Francisco Bay,3/24/2021,1900,083,0.00, ,0.00, ,15, ,3.9, ,61.3, ,21, ,21.4, ,7.6, ,208, ,62.3, 
47,Brentwood,San Francisco Bay,3/24/2021,2000,083,0.00, ,0.00, ,0, ,4.7, ,57.3, ,29, ,25.4, ,5.4, ,175, ,61.4, 
47,Brentwood,San Francisco Bay,3/24/2021,2100,083,0.00, ,0.00, ,0, ,7.0, ,55.4, ,47, ,35.3, ,8.9, ,196, ,60.5, 
47,Brentwood,San Francisco Bay,3/24/2021,2200,083,0.00, ,0.00, ,0, ,8.6, ,52.8, ,63, ,40.5, ,10.4, ,204, ,59.6, 
47,Brentwood,San Francisco Bay,3/24/2021,2300,083,0.00, ,0.00, ,0, ,9.0, ,51.5, ,70, ,41.9, ,10.4, ,198, ,59.0, 
47,Brentwood,San Francisco Bay,3/24/2021,2400,083,0.00, ,0.00, ,0, ,8.9, ,51.0, ,70, ,41.6, ,6.3, ,196, ,58.3, 
47,Brentwood,San Francisco Bay,3/25/2021,0100,084,0.00, ,0.00, ,0, ,8.8, ,51.2, ,69, ,41.3, ,7.3, ,200, ,57.7, 
47,Brentwood,San Francisco Bay,3/25/2021,0200,084,0.00, ,0.00, ,0, ,8.5, ,51.2, ,66, ,40.4, ,6.6, ,220, ,57.1, 
47,Brentwood,San Francisco Bay,3/25/2021,0300,084,0.00, ,0.00, ,0, ,9.0, ,50.3, ,72, ,41.7, ,9.5, ,200, ,56.6, 
47,Brentwood,San Francisco Bay,3/25/2021,0400,084,0.00, ,0.00, ,0, ,8.8, ,49.8, ,72, ,41.1, ,7.9, ,198, ,56.2, 
47,Brentwood,San Francisco Bay,3/25/2021,0500,084,0.00, ,0.00, ,0, ,8.5, ,50.0, ,69, ,40.3, ,9.1, ,212, ,55.8, 
47,Brentwood,San Francisco Bay,3/25/2021,0600,084,0.00, ,0.00, ,2, ,8.4, ,49.3, ,70, ,40.0, ,7.5, ,220, ,55.3, 
47,Brentwood,San Francisco Bay,3/25/2021,0700,084,0.00, ,0.00, ,95, ,8.4, ,49.5, ,69, ,39.9, ,5.6, ,213, ,55.0, 
47,Brentwood,San Francisco Bay,3/25/2021,0800,084,0.01, ,0.00, ,500, ,8.5, ,52.9, ,62, ,40.3, ,6.7, ,229, ,54.6, 
47,Brentwood,San Francisco Bay,3/25/2021,0900,084,0.01, ,0.00, ,938, ,8.2, ,56.9, ,52, ,39.3, ,7.8, ,271, ,54.8, 
47,Brentwood,San Francisco Bay,3/25/2021,1000,084,0.02, ,0.00, ,1298, ,7.8, ,59.5, ,45, ,38.1, ,7.1, ,277, ,55.8, 
47,Brentwood,San Francisco Bay,3/25/2021,1100,084,0.02, ,0.00, ,1575, ,7.6, ,61.5, ,41, ,37.6, ,8.5, ,287, ,57.5, 
47,Brentwood,San Francisco Bay,3/25/2021,1200,084,0.02, ,0.00, ,1726, ,7.7, ,63.3, ,39, ,37.7, ,9.8, ,295, ,59.5, 
47,Brentwood,San Francisco Bay,3/25/2021,1300,084,0.02, ,0.00, ,1768, ,7.7, ,64.1, ,38, ,37.7, ,7.6, ,271, ,61.5, 
47,Brentwood,San Francisco Bay,3/25/2021,1400,084,0.02, ,0.00, ,1671, ,7.4, ,66.1, ,34, ,36.7, ,8.3, ,291, ,63.4, 
47,Brentwood,San Francisco Bay,3/25/2021,1500,084,0.02, ,0.00, ,1457, ,7.3, ,67.4, ,32, ,36.6, ,6.9, ,299, ,64.8, 
47,Brentwood,San Francisco Bay,3/25/2021,1600,084,0.01, ,0.00, ,1142, ,7.4, ,67.1, ,33, ,36.8, ,7.6, ,296, ,65.3, 
47,Brentwood,San Francisco Bay,3/25/2021,1700,084,0.01, ,0.00, ,699, ,7.1, ,67.2, ,31, ,35.9, ,6.0, ,294, ,64.9, 
47,Brentwood,San Francisco Bay,3/25/2021,1800,084,0.01, ,0.00, ,274, ,8.4, ,63.4, ,42, ,39.9, ,9.6, ,226, ,64.3, 
47,Brentwood,San Francisco Bay,3/25/2021,1900,084,0.00, ,0.00, ,18, ,8.3, ,59.0, ,49, ,39.7, ,7.2, ,209, ,63.7, 
47,Brentwood,San Francisco Bay,3/25/2021,2000,084,0.00, ,0.00, ,0, ,7.9, ,55.8, ,52, ,38.6, ,4.1, ,208, ,62.9, 
47,Brentwood,San Francisco Bay,3/25/2021,2100,084,0.00, ,0.00, ,0, ,7.6, ,53.0, ,55, ,37.4, ,2.7, ,198, ,61.8, 
47,Brentwood,San Francisco Bay,3/25/2021,2200,084,0.00, ,0.00, ,0, ,7.2, ,51.9, ,55, ,36.1, ,3.4, ,216, ,60.7, 
47,Brentwood,San Francisco Bay,3/25/2021,2300,084,0.00, ,0.00, ,0, ,7.0, ,48.8, ,60, ,35.5, ,2.5, ,84, ,59.7, 
47,Brentwood,San Francisco Bay,3/25/2021,2400,084,0.00, ,0.00, ,0, ,6.6, ,45.5, ,63, ,33.8, ,2.4, ,239, ,58.7, 
47,Brentwood,San Francisco Bay,3/26/2021,0100,085,0.00, ,0.00, ,0, ,6.7, ,51.0, ,53, ,34.3, ,8.4, ,294, ,57.7, 
47,Brentwood,San Francisco Bay,3/26/2021,0200,085,0.00, ,0.00, ,0, ,6.5, ,53.3, ,47, ,33.7, ,13.0, ,304, ,57.1, 
47,Brentwood,San Francisco Bay,3/26/2021,0300,085,0.00, ,0.00, ,0, ,5.6, ,51.1, ,43, ,29.7, ,11.5, ,302, ,56.8, 
47,Brentwood,San Francisco Bay,3/26/2021,0400,085,0.00, ,0.00, ,0, ,5.4, ,50.7, ,43, ,28.9, ,10.7, ,302, ,56.4, 
47,Brentwood,San Francisco Bay,3/26/2021,0500,085,0.00, ,0.00, ,0, ,5.3, ,50.2, ,43, ,28.4, ,10.5, ,298, ,55.9, 
47,Brentwood,San Francisco Bay,3/26/2021,0600,085,0.00, ,0.00, ,1, ,5.3, ,50.1, ,43, ,28.5, ,12.2, ,311, ,55.6, 
47,Brentwood,San Francisco Bay,3/26/2021,0700,085,0.00, ,0.00, ,149, ,5.5, ,50.6, ,44, ,29.5, ,9.6, ,301, ,55.2, 
47,Brentwood,San Francisco Bay,3/26/2021,0800,085,0.01, ,0.00, ,537, ,5.7, ,55.1, ,38, ,30.2, ,12.4, ,306, ,55.0, 
47,Brentwood,San Francisco Bay,3/26/2021,0900,085,0.02, ,0.00, ,965, ,5.8, ,59.2, ,34, ,30.7, ,15.0, ,314, ,55.2, 
47,Brentwood,San Francisco Bay,3/26/2021,1000,085,0.02, ,0.00, ,1338, ,5.7, ,62.7, ,29, ,30.3, ,17.4, ,330, ,55.9, 
47,Brentwood,San Francisco Bay,3/26/2021,1100,085,0.03, ,0.00, ,1601, ,5.5, ,66.0, ,25, ,29.6, ,17.4, ,334, ,56.9, 
47,Brentwood,San Francisco Bay,3/26/2021,1200,085,0.03, ,0.00, ,1747, ,5.2, ,69.0, ,21, ,28.0, ,15.0, ,331, ,58.3, 
47,Brentwood,San Francisco Bay,3/26/2021,1300,085,0.03, ,0.00, ,1776, ,5.1, ,70.6, ,20, ,27.6, ,13.1, ,326, ,60.0, 
47,Brentwood,San Francisco Bay,3/26/2021,1400,085,0.03, ,0.00, ,1685, ,5.0, ,72.1, ,19, ,27.0, ,12.1, ,334, ,61.7, 
47,Brentwood,San Francisco Bay,3/26/2021,1500,085,0.02, ,0.00, ,1473, ,4.8, ,73.4, ,17, ,25.9, ,11.0, ,322, ,63.0, 
47,Brentwood,San Francisco Bay,3/26/2021,1600,085,0.02, ,0.00, ,1150, ,4.5, ,74.0, ,16, ,24.5, ,9.5, ,329, ,63.7, 
47,Brentwood,San Francisco Bay,3/26/2021,1700,085,0.01, ,0.00, ,737, ,4.4, ,74.1, ,15, ,23.8, ,8.0, ,342, ,63.5, 
47,Brentwood,San Francisco Bay,3/26/2021,1800,085,0.01, ,0.00, ,301, ,4.1, ,72.4, ,15, ,22.5, ,7.2, ,335, ,63.2, 
47,Brentwood,San Francisco Bay,3/26/2021,1900,085,0.00, ,0.00, ,22, ,4.3, ,65.4, ,20, ,23.4, ,3.3, ,333, ,62.8, 
47,Brentwood,San Francisco Bay,3/26/2021,2000,085,0.00, ,0.00, ,0, ,5.1, ,59.2, ,30, ,27.8, ,3.7, ,287, ,62.0, 
47,Brentwood,San Francisco Bay,3/26/2021,2100,085,0.00, ,0.00, ,0, ,4.9, ,56.0, ,32, ,26.8, ,4.0, ,233, ,60.9, 
47,Brentwood,San Francisco Bay,3/26/2021,2200,085,0.00, ,0.00, ,0, ,5.6, ,54.3, ,39, ,29.9, ,3.8, ,199, ,59.9, 
47,Brentwood,San Francisco Bay,3/26/2021,2300,085,0.00, ,0.00, ,0, ,5.7, ,53.9, ,40, ,30.3, ,4.2, ,211, ,59.0, 
47,Brentwood,San Francisco Bay,3/26/2021,2400,085,0.00, ,0.00, ,0, ,5.6, ,53.4, ,40, ,29.7, ,5.2, ,205, ,58.2, 
47,Brentwood,San Francisco Bay,3/27/2021,0100,086,0.00, ,0.00, ,0, ,5.4, ,53.4, ,39, ,29.0, ,4.3, ,222, ,57.5, 
47,Brentwood,San Francisco Bay,3/27/2021,0200,086,0.00, ,0.00, ,0, ,5.3, ,47.7, ,47, ,28.5, ,2.1, ,302, ,56.9, 
47,Brentwood,San Francisco Bay,3/27/2021,0300,086,0.00, ,0.00, ,0, ,5.1, ,45.1, ,50, ,27.7, ,3.3, ,139, ,56.2, 
47,Brentwood,San Francisco Bay,3/27/2021,0400,086,0.00, ,0.00, ,0, ,5.5, ,43.9, ,56, ,29.2, ,4.1, ,156, ,55.5, 
47,Brentwood,San Francisco Bay,3/27/2021,0500,086,0.00, ,0.00, ,1, ,5.8, ,43.3, ,61, ,30.9, ,3.2, ,243, ,54.9, 
47,Brentwood,San Francisco Bay,3/27/2021,0600,086,0.00, ,0.00, ,4, ,5.4, ,42.0, ,60, ,29.2, ,2.4, ,250, ,54.3, 
47,Brentwood,San Francisco Bay,3/27/2021,0700,086,0.00, ,0.00, ,153, ,6.0, ,44.1, ,61, ,31.7, ,2.0, ,154, ,53.7, 
47,Brentwood,San Francisco Bay,3/27/2021,0800,086,0.00, ,0.00, ,545, ,6.7, ,52.8, ,49, ,34.2, ,2.0, ,17, ,53.3, 
47,Brentwood,San Francisco Bay,3/27/2021,0900,086,0.01, ,0.00, ,974, ,7.1, ,60.3, ,40, ,35.8, ,2.3, ,45, ,53.7, 
47,Brentwood,San Francisco Bay,3/27/2021,1000,086,0.02, ,0.00, ,1337, ,7.7, ,65.3, ,36, ,37.8, ,3.7, ,28, ,55.1, 
47,Brentwood,San Francisco Bay,3/27/2021,1100,086,0.02, ,0.00, ,1590, ,7.1, ,68.8, ,29, ,35.8, ,3.6, ,45, ,57.4, 
47,Brentwood,San Francisco Bay,3/27/2021,1200,086,0.02, ,0.00, ,1737, ,6.7, ,71.8, ,25, ,34.3, ,5.0, ,278, ,60.0, 
47,Brentwood,San Francisco Bay,3/27/2021,1300,086,0.03, ,0.00, ,1772, ,6.0, ,75.1, ,20, ,31.5, ,6.8, ,315, ,62.5, 
47,Brentwood,San Francisco Bay,3/27/2021,1400,086,0.02, ,0.00, ,1675, ,6.3, ,76.2, ,20, ,32.6, ,5.5, ,293, ,64.8, 
47,Brentwood,San Francisco Bay,3/27/2021,1500,086,0.02, ,0.00, ,1462, ,6.5, ,78.4, ,20, ,33.7, ,6.4, ,311, ,66.5, 
47,Brentwood,San Francisco Bay,3/27/2021,1600,086,0.02, ,0.00, ,1141, ,6.5, ,78.4, ,20, ,33.6, ,6.5, ,318, ,67.2,Y
47,Brentwood,San Francisco Bay,3/27/2021,1700,086,0.01, ,0.00, ,727, ,6.6, ,78.6, ,20, ,34.0, ,5.9, ,338, ,66.7, 
47,Brentwood,San Francisco Bay,3/27/2021,1800,086,0.01, ,0.00, ,296, ,6.5, ,76.7, ,21, ,33.7, ,5.7, ,326, ,66.2, 
47,Brentwood,San Francisco Bay,3/27/2021,1900,086,0.00, ,0.00, ,22, ,6.9, ,70.7, ,27, ,35.1, ,6.7, ,305, ,65.6, 
47,Brentwood,San Francisco Bay,3/27/2021,2000,086,0.00, ,0.00, ,0, ,6.7, ,65.3, ,32, ,34.3, ,4.6, ,291, ,64.8, 
47,Brentwood,San Francisco Bay,3/27/2021,2100,086,0.00, ,0.00, ,0, ,6.7, ,61.6, ,36, ,34.3, ,3.1, ,201, ,63.8, 
47,Brentwood,San Francisco Bay,3/27/2021,2200,086,0.00, ,0.00, ,0, ,6.4, ,58.2, ,38, ,33.0, ,3.8, ,190, ,62.7, 
47,Brentwood,San Francisco Bay,3/27/2021,2300,086,0.00, ,0.00, ,0, ,6.3, ,54.3, ,44, ,32.8, ,3.4, ,168, ,61.6, 
47,Brentwood,San Francisco Bay,3/27/2021,2400,086,0.00, ,0.00, ,0, ,6.3, ,54.1, ,44, ,32.9, ,3.2, ,181, ,60.7, 
47,Brentwood,San Francisco Bay,3/28/2021,0100,087,0.00, ,0.00, ,0, ,6.2, ,51.4, ,48, ,32.2, ,3.3, ,169, ,59.8, 
47,Brentwood,San Francisco Bay,3/28/2021,0200,087,0.00, ,0.00, ,0, ,5.7, ,50.6, ,46, ,30.5, ,3.3, ,179, ,59.0, 
47,Brentwood,San Francisco Bay,3/28/2021,0300,087,0.00, ,0.00, ,0, ,5.8, ,49.9, ,47, ,30.5, ,3.2, ,146, ,58.2, 
47,Brentwood,San Francisco Bay,3/28/2021,0400,087,0.00, ,0.00, ,0, ,5.5, ,46.3, ,52, ,29.6, ,2.7, ,267, ,57.5, 
47,Brentwood,San Francisco Bay,3/28/2021,0500,087,0.00, ,0.00, ,0, ,5.7, ,44.8, ,56, ,30.3, ,2.7, ,216, ,56.8, 
47,Brentwood,San Francisco Bay,3/28/2021,0600,087,0.00, ,0.00, ,3, ,5.8, ,43.9, ,60, ,30.9, ,2.7, ,260, ,56.1, 
47,Brentwood,San Francisco Bay,3/28/2021,0700,087,0.00, ,0.00, ,158, ,6.4, ,46.8, ,59, ,33.2, ,2.7, ,300, ,55.4, 
47,Brentwood,San Francisco Bay,3/28/2021,0800,087,0.01, ,0.00, ,547, ,9.4, ,56.3, ,61, ,42.9, ,4.8, ,313, ,55.0, 
47,Brentwood,San Francisco Bay,3/28/2021,0900,087,0.01, ,0.00, ,974, ,9.7, ,62.5, ,50, ,43.8, ,6.8, ,319, ,55.5, 
47,Brentwood,San Francisco Bay,3/28/2021,1000,087,0.02, ,0.00, ,1334, ,9.3, ,67.2, ,41, ,42.7, ,5.8, ,327, ,56.8, 
47,Brentwood,San Francisco Bay,3/28/2021,1100,087,0.02, ,0.00, ,1593, ,8.7, ,71.5, ,33, ,40.8, ,3.8, ,21, ,59.0, 
47,Brentwood,San Francisco Bay,3/28/2021,1200,087,0.02, ,0.00, ,1733, ,8.3, ,74.3, ,29, ,39.7, ,3.6, ,90, ,61.7, 
47,Brentwood,San Francisco Bay,3/28/2021,1300,087,0.02, ,0.00, ,1755, ,8.0, ,78.5, ,24, ,38.7, ,4.6, ,350, ,64.3, 
47,Brentwood,San Francisco Bay,3/28/2021,1400,087,0.02, ,0.00, ,1658, ,7.6, ,80.6, ,21, ,37.5, ,5.7, ,327, ,66.5,Y
47,Brentwood,San Francisco Bay,3/28/2021,1500,087,0.02, ,0.00, ,1448, ,6.7, ,80.9, ,19, ,34.4, ,8.6, ,304, ,68.1,Y
47,Brentwood,San Francisco Bay,3/28/2021,1600,087,0.02, ,0.00, ,1139, ,5.0, ,81.4, ,14, ,27.1, ,11.0, ,302, ,68.6,Y
47,Brentwood,San Francisco Bay,3/28/2021,1700,087,0.02, ,0.00, ,729, ,5.7, ,80.3, ,16, ,30.1, ,12.0, ,296, ,68.0,Y
47,Brentwood,San Francisco Bay,3/28/2021,1800,087,0.01, ,0.00, ,298, ,7.0, ,77.1, ,22, ,35.3, ,11.9, ,286, ,67.5, 
47,Brentwood,San Francisco Bay,3/28/2021,1900,087,0.01, ,0.00, ,25, ,6.2, ,72.4, ,23, ,32.4, ,10.0, ,273, ,66.9, 
47,Brentwood,San Francisco Bay,3/28/2021,2000,087,0.00, ,0.00, ,0, ,5.7, ,67.9, ,25, ,30.4, ,5.3, ,253, ,66.2, 
47,Brentwood,San Francisco Bay,3/28/2021,2100,087,0.00, ,0.00, ,0, ,5.8, ,62.6, ,30, ,30.6, ,3.3, ,189, ,65.2, 
47,Brentwood,San Francisco Bay,3/28/2021,2200,087,0.00, ,0.00, ,0, ,6.2, ,57.1, ,39, ,32.3, ,3.1, ,141, ,64.1, 
47,Brentwood,San Francisco Bay,3/28/2021,2300,087,0.00, ,0.00, ,0, ,6.2, ,53.1, ,45, ,32.3, ,3.7, ,312, ,63.0, 
47,Brentwood,San Francisco Bay,3/28/2021,2400,087,0.00, ,0.00, ,0, ,6.7, ,50.8, ,53, ,34.2, ,3.0, ,178, ,61.9, 
47,Brentwood,San Francisco Bay,3/29/2021,0100,088,0.00, ,0.00, ,0, ,6.2, ,49.4, ,52, ,32.4, ,3.1, ,228, ,60.9, 
47,Brentwood,San Francisco Bay,3/29/2021,0200,088,0.00, ,0.00, ,0, ,5.9, ,46.7, ,54, ,31.1, ,3.2, ,333, ,59.9, 
47,Brentwood,San Francisco Bay,3/29/2021,0300,088,0.00, ,0.00, ,0, ,5.7, ,45.6, ,54, ,30.2, ,3.6, ,180, ,59.0, 
47,Brentwood,San Francisco Bay,3/29/2021,0400,088,0.00, ,0.00, ,0, ,5.9, ,44.1, ,60, ,31.2, ,2.1, ,199, ,58.1, 
47,Brentwood,San Francisco Bay,3/29/2021,0500,088,0.00, ,0.00, ,1, ,5.9, ,42.4, ,64, ,31.3, ,1.7, ,328, ,57.3, 
47,Brentwood,San Francisco Bay,3/29/2021,0600,088,0.00, ,0.00, ,5, ,7.5, ,42.0, ,82, ,37.0, ,2.3, ,334, ,56.5, 
47,Brentwood,San Francisco Bay,3/29/2021,0700,088,0.00, ,0.00, ,164, ,8.2, ,44.2, ,84, ,39.5, ,4.1, ,184, ,55.8, 
47,Brentwood,San Francisco Bay,3/29/2021,0800,088,0.01, ,0.00, ,565, ,9.7, ,56.0, ,63, ,43.8, ,3.7, ,42, ,55.3, 
47,Brentwood,San Francisco Bay,3/29/2021,0900,088,0.01, ,0.00, ,975, ,8.3, ,63.2, ,42, ,39.8, ,3.3, ,45, ,55.8, 
47,Brentwood,San Francisco Bay,3/29/2021,1000,088,0.02, ,0.00, ,1326, ,7.5, ,68.5, ,32, ,37.2, ,11.3, ,303, ,57.1, 
47,Brentwood,San Francisco Bay,3/29/2021,1100,088,0.02, ,0.00, ,1584, ,8.2, ,67.3, ,36, ,39.5, ,13.3, ,296, ,58.9, 
47,Brentwood,San Francisco Bay,3/29/2021,1200,088,0.03, ,0.00, ,1733, ,7.8, ,69.5, ,32, ,38.3, ,12.6, ,298, ,60.8, 
47,Brentwood,San Francisco Bay,3/29/2021,1300,088,0.03, ,0.00, ,1755, ,7.5, ,72.4, ,28, ,37.1, ,11.7, ,311, ,62.7, 
47,Brentwood,San Francisco Bay,3/29/2021,1400,088,0.03, ,0.00, ,1662, ,6.8, ,73.6, ,24, ,34.7, ,12.9, ,327, ,64.4, 
47,Brentwood,San Francisco Bay,3/29/2021,1500,088,0.02, ,0.00, ,1465, ,5.8, ,74.3, ,20, ,30.6, ,13.1, ,334, ,65.7, 
47,Brentwood,San Francisco Bay,3/29/2021,1600,088,0.02, ,0.00, ,1148, ,5.4, ,74.3, ,19, ,29.0, ,12.3, ,342, ,66.2, 
47,Brentwood,San Francisco Bay,3/29/2021,1700,088,0.01, ,0.00, ,739, ,5.0, ,73.4, ,18, ,27.3, ,10.6, ,344, ,65.9, 
47,Brentwood,San Francisco Bay,3/29/2021,1800,088,0.01, ,0.00, ,297, ,4.8, ,71.0, ,18, ,25.9, ,9.6, ,330, ,65.5, 
47,Brentwood,San Francisco Bay,3/29/2021,1900,088,0.00, ,0.00, ,23, ,4.4, ,66.1, ,20, ,23.8, ,8.6, ,326, ,64.9, 
47,Brentwood,San Francisco Bay,3/29/2021,2000,088,0.00, ,0.00, ,0, ,3.9, ,61.6, ,21, ,20.9, ,7.8, ,312, ,64.2, 
47,Brentwood,San Francisco Bay,3/29/2021,2100,088,0.00, ,0.00, ,0, ,3.8, ,60.0, ,21, ,20.3, ,7.7, ,306, ,63.2, 
47,Brentwood,San Francisco Bay,3/29/2021,2200,088,0.00, ,0.00, ,0, ,3.4, ,59.9, ,19, ,18.1, ,8.8, ,299, ,62.3, 
47,Brentwood,San Francisco Bay,3/29/2021,2300,088,0.00, ,0.00, ,0, ,3.2, ,58.3, ,19, ,16.9, ,8.6, ,308, ,61.5, 
47,Brentwood,San Francisco Bay,3/29/2021,2400,088,0.01, ,0.00, ,0, ,3.0, ,59.1, ,18, ,15.2, ,11.7, ,320, ,60.8, 
47,Brentwood,San Francisco Bay,3/30/2021,0100,089,0.01, ,0.00, ,0, ,2.8, ,59.2, ,16, ,13.6, ,13.4, ,317, ,60.3, 
47,Brentwood,San Francisco Bay,3/30/2021,0200,089,0.01, ,0.00, ,0, ,2.9, ,58.4, ,17, ,14.0, ,14.6, ,317, ,59.9, 
47,Brentwood,San Francisco Bay,3/30/2021,0300,089,0.01, ,0.00, ,0, ,3.0, ,57.7, ,18, ,15.0, ,15.4, ,321, ,59.6, 
47,Brentwood,San Francisco Bay,3/30/2021,0400,089,0.01, ,0.00, ,0, ,3.2, ,56.4, ,21, ,16.9, ,15.3, ,310, ,59.3, 
47,Brentwood,San Francisco Bay,3/30/2021,0500,089,0.00, ,0.00, ,0, ,3.6, ,54.7, ,24, ,19.0, ,12.0, ,305, ,59.0, 
47,Brentwood,San Francisco Bay,3/30/2021,0600,089,0.00, ,0.00, ,3, ,3.5, ,53.9, ,25, ,18.9, ,12.1, ,305, ,58.5, 
47,Brentwood,San Francisco Bay,3/30/2021,0700,089,0.01, ,0.00, ,182, ,3.6, ,55.1, ,24, ,19.1, ,16.2, ,318, ,58.2, 
47,Brentwood,San Francisco Bay,3/30/2021,0800,089,0.01, ,0.00, ,592, ,3.5, ,58.4, ,21, ,18.8, ,17.7, ,324, ,58.0, 
47,Brentwood,San Francisco Bay,3/30/2021,0900,089,0.02, ,0.00, ,1030, ,3.4, ,62.0, ,18, ,18.3, ,19.0, ,321, ,58.1, 
47,Brentwood,San Francisco Bay,3/30/2021,1000,089,0.02, ,0.00, ,1391, ,3.5, ,65.7, ,16, ,18.7, ,17.0, ,324, ,58.7, 
47,Brentwood,San Francisco Bay,3/30/2021,1100,089,0.03, ,0.00, ,1647, ,3.5, ,69.3, ,14, ,18.3, ,15.4, ,330, ,59.7, 
47,Brentwood,San Francisco Bay,3/30/2021,1200,089,0.03, ,0.00, ,1799, ,3.3, ,72.2, ,12, ,17.5, ,17.6, ,338, ,61.2, 
47,Brentwood,San Francisco Bay,3/30/2021,1300,089,0.03, ,0.00, ,1819, ,3.4, ,74.4, ,12, ,17.8, ,15.9, ,331, ,62.6, 
47,Brentwood,San Francisco Bay,3/30/2021,1400,089,0.03, ,0.00, ,1726, ,3.4, ,76.5, ,11, ,18.1, ,15.1, ,330, ,64.0, 
47,Brentwood,San Francisco Bay,3/30/2021,1500,089,0.03, ,0.00, ,1507, ,3.6, ,78.3, ,11, ,19.3, ,14.0, ,334, ,65.2, 
47,Brentwood,San Francisco Bay,3/30/2021,1600,089,0.02, ,0.00, ,1179, ,3.6, ,78.8, ,11, ,19.4, ,14.9, ,331, ,65.8, 
47,Brentwood,San Francisco Bay,3/30/2021,1700,089,0.02, ,0.00, ,761, ,3.7, ,78.0, ,11, ,19.7, ,14.8, ,326, ,65.6, 
47,Brentwood,San Francisco Bay,3/30/2021,1800,089,0.01, ,0.00, ,319, ,3.6, ,75.5, ,12, ,19.4, ,11.9, ,327, ,65.3, 
47,Brentwood,San Francisco Bay,3/30/2021,1900,089,0.00, ,0.00, ,27, ,3.9, ,69.1, ,16, ,21.0, ,6.0, ,313, ,65.0, 
47,Brentwood,San Francisco Bay,3/30/2021,2000,089,0.00, ,0.00, ,0, ,3.8, ,66.2, ,17, ,20.4, ,7.7, ,300, ,64.3, 
47,Brentwood,San Francisco Bay,3/30/2021,2100,089,0.00,Y,0.00, ,0, ,3.7, ,66.0,Y,17,Y,19.9,Y,9.6, ,305, ,63.4, 
47,Brentwood,San Francisco Bay,3/30/2021,2200,089,0.01,Y,0.00, ,0, ,3.6, ,66.3,Y,16,Y,19.0,Y,11.5, ,314, ,62.7, 
47,Brentwood,San Francisco Bay,3/30/2021,2300,089,0.00,Y,0.00, ,0, ,3.8, ,64.0,Y,19,Y,20.4,Y,7.5, ,320, ,62.1, 
47,Brentwood,San Francisco Bay,3/30/2021,2400,089,0.00, ,0.00, ,0, ,4.3, ,58.7, ,26, ,23.5, ,3.7, ,309, ,61.5, 
47,Brentwood,San Francisco Bay,3/31/2021,0100,090,0.00, ,0.00, ,0, ,5.0, ,55.5, ,33, ,27.1, ,5.5, ,270, ,60.6, 
47,Brentwood,San Francisco Bay,3/31/2021,0200,090,0.00, ,0.00, ,0, ,4.8, ,53.7, ,34, ,26.3, ,5.9, ,281, ,59.8, 
47,Brentwood,San Francisco Bay,3/31/2021,0300,090,0.00, ,0.00, ,0, ,4.4, ,52.4, ,33, ,24.0, ,5.7, ,296, ,59.1, 
47,Brentwood,San Francisco Bay,3/31/2021,0400,090,0.00, ,0.00, ,0, ,4.8, ,51.5, ,37, ,26.1, ,5.3, ,287, ,58.5, 
47,Brentwood,San Francisco Bay,3/31/2021,0500,090,0.00, ,0.00, ,0, ,5.4, ,49.1, ,45, ,28.7, ,4.9, ,273, ,57.8, 
47,Brentwood,San Francisco Bay,3/31/2021,0600,090,0.00, ,0.00, ,4, ,5.5, ,47.2, ,49, ,29.2, ,5.0, ,279, ,57.2, 
47,Brentwood,San Francisco Bay,3/31/2021,0700,090,0.00, ,0.00, ,179, ,5.8, ,49.3, ,48, ,30.6, ,4.7, ,279, ,56.6, 
47,Brentwood,San Francisco Bay,3/31/2021,0800,090,0.01, ,0.00, ,585, ,5.9, ,55.8, ,39, ,31.1, ,5.6, ,289, ,56.3, 
47,Brentwood,San Francisco Bay,3/31/2021,0900,090,0.01, ,0.00, ,1015, ,6.3, ,61.2, ,34, ,32.7, ,5.6, ,309, ,56.7, 
47,Brentwood,San Francisco Bay,3/31/2021,1000,090,0.02, ,0.00, ,1371, ,7.2, ,65.7, ,34, ,36.2, ,5.7, ,329, ,58.0, 
47,Brentwood,San Francisco Bay,3/31/2021,1100,090,0.02, ,0.00, ,1623, ,7.5, ,70.4, ,30, ,37.2, ,5.1, ,359, ,60.2, 
47,Brentwood,San Francisco Bay,3/31/2021,1200,090,0.02, ,0.00, ,1761, ,7.4, ,73.9, ,26, ,36.7, ,5.6, ,351, ,62.8, 
47,Brentwood,San Francisco Bay,3/31/2021,1300,090,0.02, ,0.00, ,1788, ,7.0, ,76.1, ,23, ,35.3, ,4.9, ,28, ,65.4, 
47,Brentwood,San Francisco Bay,3/31/2021,1400,090,0.02, ,0.00, ,1691, ,7.4, ,77.6, ,23, ,36.7, ,4.5, ,87, ,67.7,Y
47,Brentwood,San Francisco Bay,3/31/2021,1500,090,0.02, ,0.00, ,1471, ,7.3, ,80.5, ,21, ,36.5, ,4.2, ,20, ,69.4,Y
47,Brentwood,San Francisco Bay,3/31/2021,1600,090,0.02, ,0.00, ,1149, ,7.0, ,80.9, ,20, ,35.5, ,5.1, ,24, ,70.0,Y
47,Brentwood,San Francisco Bay,3/31/2021,1700,090,0.01, ,0.00, ,737, ,6.9, ,81.5, ,19, ,35.1, ,4.6, ,357, ,69.4,Y
47,Brentwood,San Francisco Bay,3/31/2021,1800,090,0.01, ,0.00, ,304, ,6.7, ,79.1, ,20, ,34.2, ,5.0, ,15, ,68.9,Y
47,Brentwood,San Francisco Bay,3/31/2021,1900,090,0.00, ,0.00, ,26, ,5.9, ,74.4, ,20, ,31.1, ,2.1, ,98, ,68.3, 
47,Brentwood,San Francisco Bay,3/31/2021,2000,090,0.00, ,0.00, ,0, ,6.8, ,66.8, ,30, ,34.6, ,3.6, ,237, ,67.4, 
47,Brentwood,San Francisco Bay,3/31/2021,2100,090,0.00, ,0.00, ,0, ,8.3, ,63.1, ,42, ,39.6, ,3.6, ,210, ,66.3, 
47,Brentwood,San Francisco Bay,3/31/2021,2200,090,0.00, ,0.00, ,0, ,7.6, ,59.9, ,43, ,37.6, ,2.0, ,232, ,65.2, 
47,Brentwood,San Francisco Bay,3/31/2021,2300,090,0.00, ,0.00, ,0, ,8.1, ,58.4, ,49, ,39.2, ,2.9, ,211, ,64.1, 
47,Brentwood,San Francisco Bay,3/31/2021,2400,090,0.00, ,0.00, ,0, ,7.2, ,57.1, ,45, ,36.0, ,2.7, ,247, ,63.1, 
47,Brentwood,San Francisco Bay,4/1/2021,0100,091,0.00, ,0.00, ,0, ,6.8, ,54.1, ,48, ,34.7, ,2.3, ,285, ,62.2, 
47,Brentwood,San Francisco Bay,4/1/2021,0200,091,0.00, ,0.00, ,0, ,6.7, ,52.0, ,51, ,34.4, ,2.0, ,53, ,61.3, 
47,Brentwood,San Francisco Bay,4/1/2021,0300,091,0.00, ,0.00, ,0, ,6.7, ,50.7, ,53, ,34.4, ,2.1, ,242, ,60.5, 
47,Brentwood,San Francisco Bay,4/1/2021,0400,091,0.00, ,0.00, ,0, ,6.6, ,49.8, ,54, ,34.0, ,3.1, ,217, ,59.6, 
47,Brentwood,San Francisco Bay,4/1/2021,0500,091,0.00, ,0.00, ,0, ,6.3, ,46.7, ,58, ,32.6, ,2.3, ,271, ,58.9, 
47,Brentwood,San Francisco Bay,4/1/2021,0600,091,0.00, ,0.00, ,5, ,6.7, ,45.9, ,63, ,34.2, ,2.4, ,268, ,58.2, 
47,Brentwood,San Francisco Bay,4/1/2021,0700,091,0.00, ,0.00, ,179, ,6.4, ,48.2, ,56, ,33.2, ,2.4, ,279, ,57.5, 
47,Brentwood,San Francisco Bay,4/1/2021,0800,091,0.01, ,0.00, ,584, ,7.1, ,59.5, ,41, ,35.6, ,3.5, ,259, ,57.0, 
47,Brentwood,San Francisco Bay,4/1/2021,0900,091,0.01,Y,0.00, ,1017, ,7.4, ,70.3,Y,29,Y,36.9,Y,5.9, ,311, ,57.5, 
47,Brentwood,San Francisco Bay,4/1/2021,1000,091,0.02,Y,0.00, ,1379, ,8.1, ,74.2,Y,28,Y,39.0,Y,6.4, ,328, ,59.0, 
47,Brentwood,San Francisco Bay,4/1/2021,1100,091,0.02,Y,0.00, ,1628, ,9.3, ,77.6,Y,29,Y,42.5,Y,4.6, ,358, ,61.3, 
47,Brentwood,San Francisco Bay,4/1/2021,1200,091,0.02,Y,0.00, ,1774, ,8.4, ,79.0,Y,25,Y,39.9,Y,4.6, ,35, ,64.2, 
47,Brentwood,San Francisco Bay,4/1/2021,1300,091,0.03,Y,0.00, ,1784, ,8.8, ,81.9,Y,24,Y,41.3,Y,5.2, ,25, ,66.8,Y
47,Brentwood,San Francisco Bay,4/1/2021,1400,091,0.02, ,0.00, ,1683, ,8.3, ,82.2, ,22, ,39.7, ,5.2, ,82, ,69.3,Y
47,Brentwood,San Francisco Bay,4/1/2021,1500,091,0.02, ,0.00, ,1485, ,6.4, ,83.3, ,16, ,33.2, ,5.7, ,93, ,70.9,Y
47,Brentwood,San Francisco Bay,4/1/2021,1600,091,0.02, ,0.00, ,1148, ,6.6, ,83.4, ,17, ,33.8, ,5.9, ,81, ,71.3,Y
47,Brentwood,San Francisco Bay,4/1/2021,1700,091,0.01, ,0.00, ,731, ,7.3, ,82.8, ,19, ,36.3, ,5.1, ,93, ,70.7,Y
47,Brentwood,San Francisco Bay,4/1/2021,1800,091,0.01, ,0.00, ,299, ,7.5, ,80.3, ,21, ,37.1, ,3.6, ,60, ,70.2,Y
47,Brentwood,San Francisco Bay,4/1/2021,1900,091,0.00,Y,0.00, ,28, ,5.9, ,77.0,Y,18,Y,31.0,Y,5.5, ,289, ,69.7,Y
47,Brentwood,San Francisco Bay,4/1/2021,2000,091,0.00,Y,0.00, ,0, ,5.4, ,71.5,Y,20,Y,28.8,Y,6.0, ,277, ,68.8,Y
47,Brentwood,San Francisco Bay,4/1/2021,2100,091,0.00,Y,0.00, ,0, ,5.2, ,67.2,Y,23,Y,28.0,Y,3.3, ,276, ,67.8, 
47,Brentwood,San Francisco Bay,4/1/2021,2200,091,0.00, ,0.00, ,0, ,6.0, ,62.3, ,31, ,31.6, ,3.6, ,270, ,66.7, 
47,Brentwood,San Francisco Bay,4/1/2021,2300,091,0.00, ,0.00, ,0, ,6.3, ,58.9, ,37, ,32.8, ,3.7, ,211, ,65.5, 
47,Brentwood,San Francisco Bay,4/1/2021,2400,091,0.00, ,0.00, ,0, ,5.8, ,58.0, ,36, ,30.9, ,3.5, ,185, ,64.5, 
47,Brentwood,San Francisco Bay,4/2/2021,0100,092,0.00, ,0.00, ,0, ,6.0, ,57.0, ,38, ,31.5, ,3.4, ,208, ,63.5, 
47,Brentwood,San Francisco Bay,4/2/2021,0200,092,0.00, ,0.00, ,0, ,5.8, ,55.1, ,39, ,30.9, ,4.5, ,202, ,62.6, 
47,Brentwood,San Francisco Bay,4/2/2021,0300,092,0.00, ,0.00, ,0, ,5.5, ,54.3, ,38, ,29.6, ,3.7, ,165, ,61.8, 
47,Brentwood,San Francisco Bay,4/2/2021,0400,092,0.00, ,0.00, ,0, ,5.9, ,51.1, ,46, ,31.3, ,2.9, ,231, ,61.0, 
47,Brentwood,San Francisco Bay,4/2/2021,0500,092,0.00, ,0.00, ,0, ,6.0, ,50.9, ,47, ,31.6, ,3.6, ,221, ,60.3, 
47,Brentwood,San Francisco Bay,4/2/2021,0600,092,0.00, ,0.00, ,6, ,5.6, ,46.7, ,52, ,30.0, ,2.3, ,287, ,59.6, 
47,Brentwood,San Francisco Bay,4/2/2021,0700,092,0.00, ,0.00, ,194, ,6.7, ,50.3, ,54, ,34.2, ,3.0, ,273, ,58.9, 
47,Brentwood,San Francisco Bay,4/2/2021,0800,092,0.01, ,0.00, ,603, ,8.8, ,60.6, ,49, ,41.3, ,3.4, ,307, ,58.4, 
47,Brentwood,San Francisco Bay,4/2/2021,0900,092,0.01, ,0.00, ,1035, ,8.5, ,67.2, ,37, ,40.3, ,3.9, ,306, ,58.8, 
47,Brentwood,San Francisco Bay,4/2/2021,1000,092,0.02,Y,0.00, ,1389, ,7.5, ,72.4,Y,28,Y,37.2,Y,4.1, ,308, ,60.3, 
47,Brentwood,San Francisco Bay,4/2/2021,1100,092,0.02,Y,0.00, ,1636, ,6.5, ,76.5,Y,21,Y,33.4,Y,4.4, ,309, ,62.7, 
47,Brentwood,San Francisco Bay,4/2/2021,1200,092,0.02,Y,0.00, ,1772, ,6.6, ,79.4,Y,19,Y,33.7,Y,4.6, ,332, ,65.4,Y
47,Brentwood,San Francisco Bay,4/2/2021,1300,092,0.03, ,0.00, ,1704, ,7.5, ,80.5, ,21, ,37.3, ,9.4, ,338, ,67.8,Y
47,Brentwood,San Francisco Bay,4/2/2021,1400,092,0.03, ,0.00, ,1699, ,6.6, ,81.6, ,18, ,34.0, ,7.1, ,338, ,69.6,Y
47,Brentwood,San Francisco Bay,4/2/2021,1500,092,0.02, ,0.00, ,1474, ,7.3, ,81.1, ,20, ,36.6, ,10.5, ,304, ,70.9,Y
47,Brentwood,San Francisco Bay,4/2/2021,1600,092,0.02, ,0.00, ,1145, ,6.6, ,80.7, ,18, ,33.8, ,10.1, ,301, ,71.4,Y
47,Brentwood,San Francisco Bay,4/2/2021,1700,092,0.02, ,0.00, ,756, ,6.1, ,78.0, ,19, ,32.1, ,12.5, ,300, ,70.9,Y
47,Brentwood,San Francisco Bay,4/2/2021,1800,092,0.01, ,0.00, ,302, ,6.8, ,73.2, ,24, ,34.6, ,12.0, ,296, ,70.3,Y
47,Brentwood,San Francisco Bay,4/2/2021,1900,092,0.01, ,0.00, ,32, ,5.5, ,68.5, ,23, ,29.5, ,11.0, ,281, ,69.7,Y
47,Brentwood,San Francisco Bay,4/2/2021,2000,092,0.00, ,0.00, ,0, ,6.8, ,62.8, ,35, ,34.7, ,11.7, ,274, ,68.8,Y
47,Brentwood,San Francisco Bay,4/2/2021,2100,092,0.00, ,0.00, ,0, ,7.5, ,58.5, ,45, ,37.3, ,9.5, ,279, ,67.8, 
47,Brentwood,San Francisco Bay,4/2/2021,2200,092,0.00, ,0.00, ,0, ,7.8, ,56.0, ,51, ,38.0, ,6.5, ,286, ,66.8, 
47,Brentwood,San Francisco Bay,4/2/2021,2300,092,0.00, ,0.00, ,0, ,8.4, ,53.0, ,61, ,40.0, ,6.7, ,304, ,65.8, 
47,Brentwood,San Francisco Bay,4/2/2021,2400,092,0.00, ,0.00, ,0, ,8.4, ,51.0, ,66, ,40.0, ,5.1, ,314, ,64.8, 
47,Brentwood,San Francisco Bay,4/3/2021,0100,093,0.00, ,0.00, ,0, ,8.5, ,48.7, ,72, ,40.2, ,2.5, ,334, ,63.8, 
47,Brentwood,San Francisco Bay,4/3/2021,0200,093,0.00, ,0.00, ,0, ,8.5, ,48.7, ,72, ,40.3, ,3.3, ,277, ,62.9, 
47,Brentwood,San Francisco Bay,4/3/2021,0300,093,0.00, ,0.00, ,0, ,8.5, ,48.9, ,72, ,40.2, ,4.1, ,272, ,61.9, 
47,Brentwood,San Francisco Bay,4/3/2021,0400,093,0.00, ,0.00, ,0, ,8.2, ,47.6, ,73, ,39.5, ,3.5, ,256, ,61.0, 
47,Brentwood,San Francisco Bay,4/3/2021,0500,093,0.00, ,0.00, ,1, ,9.3, ,45.3, ,90, ,42.5, ,1.3, ,134, ,60.2, 
47,Brentwood,San Francisco Bay,4/3/2021,0600,093,0.00, ,0.00, ,8, ,9.6, ,45.7, ,92, ,43.5, ,3.6, ,276, ,59.4, 
47,Brentwood,San Francisco Bay,4/3/2021,0700,093,0.00, ,0.00, ,197, ,9.8, ,46.9, ,90, ,44.1, ,2.3, ,289, ,58.7, 
47,Brentwood,San Francisco Bay,4/3/2021,0800,093,0.01, ,0.00, ,606, ,10.0, ,53.9, ,70, ,44.4, ,2.3, ,217, ,58.2, 
47,Brentwood,San Francisco Bay,4/3/2021,0900,093,0.01, ,0.00, ,1030, ,8.8, ,57.4, ,55, ,41.3, ,3.5, ,197, ,58.5, 
47,Brentwood,San Francisco Bay,4/3/2021,1000,093,0.02, ,0.00, ,1384, ,9.0, ,60.8, ,49, ,41.8, ,3.9, ,161, ,59.8, 
47,Brentwood,San Francisco Bay,4/3/2021,1100,093,0.02, ,0.00, ,1637, ,9.0, ,64.0, ,44, ,41.8, ,5.5, ,243, ,61.8, 
47,Brentwood,San Francisco Bay,4/3/2021,1200,093,0.02, ,0.00, ,1782, ,8.8, ,65.4, ,41, ,41.1, ,8.7, ,245, ,64.3, 
47,Brentwood,San Francisco Bay,4/3/2021,1300,093,0.02, ,0.00, ,1728, ,8.4, ,66.5, ,38, ,40.1, ,7.6, ,263, ,66.7,Y
47,Brentwood,San Francisco Bay,4/3/2021,1400,093,0.02, ,0.00, ,1640, ,8.2, ,68.5, ,34, ,39.3, ,6.8, ,283, ,68.6,Y
47,Brentwood,San Francisco Bay,4/3/2021,1500,093,0.02, ,0.00, ,1305, ,8.5, ,68.6, ,36, ,40.3, ,7.5, ,247, ,70.2,Y
47,Brentwood,San Francisco Bay,4/3/2021,1600,093,0.02, ,0.00, ,888, ,8.8, ,66.9, ,39, ,41.3, ,12.2, ,278, ,70.6,Y
47,Brentwood,San Francisco Bay,4/3/2021,1700,093,0.01, ,0.00, ,726, ,9.1, ,64.6, ,44, ,42.1, ,11.1, ,266, ,70.2,Y
47,Brentwood,San Francisco Bay,4/3/2021,1800,093,0.01, ,0.00, ,190, ,8.9, ,61.0, ,49, ,41.6, ,10.6, ,269, ,69.6,Y
47,Brentwood,San Francisco Bay,4/3/2021,1900,093,0.00, ,0.00, ,22, ,8.7, ,57.1, ,55, ,40.9, ,10.6, ,255, ,68.8, 
47,Brentwood,San Francisco Bay,4/3/2021,2000,093,0.00, ,0.00, ,0, ,8.5, ,54.8, ,58, ,40.3, ,8.8, ,248, ,67.8, 
47,Brentwood,San Francisco Bay,4/3/2021,2100,093,0.00, ,0.00, ,0, ,8.6, ,52.9, ,63, ,40.6, ,7.3, ,250, ,66.7, 
47,Brentwood,San Francisco Bay,4/3/2021,2200,093,0.00, ,0.00, ,0, ,8.4, ,51.5, ,65, ,40.1, ,7.6, ,248, ,65.6, 
47,Brentwood,San Francisco Bay,4/3/2021,2300,093,0.00, ,0.00, ,0, ,8.6, ,50.4, ,69, ,40.5, ,6.5, ,256, ,64.5, 
47,Brentwood,San Francisco Bay,4/3/2021,2400,093,0.00, ,0.00, ,0, ,8.4, ,50.6, ,67, ,40.0, ,8.4, ,251, ,63.6, 
47,Brentwood,San Francisco Bay,4/4/2021,0100,094,0.00, ,0.00, ,0, ,8.4, ,51.0, ,66, ,40.1, ,10.9, ,245, ,62.7, 
47,Brentwood,San Francisco Bay,4/4/2021,0200,094,0.00, ,0.00, ,0, ,8.4, ,51.1, ,66, ,40.1, ,10.5, ,242, ,62.0, 
47,Brentwood,San Francisco Bay,4/4/2021,0300,094,0.00, ,0.00, ,0, ,8.4, ,49.5, ,70, ,40.1, ,5.6, ,248, ,61.4, 
47,Brentwood,San Francisco Bay,4/4/2021,0400,094,0.00, ,0.00, ,0, ,8.3, ,48.1, ,72, ,39.6, ,5.0, ,255, ,60.7, 
47,Brentwood,San Francisco Bay,4/4/2021,0500,094,0.00, ,0.00, ,0, ,8.1, ,46.9, ,74, ,38.9, ,3.5, ,240, ,60.1, 
47,Brentwood,San Francisco Bay,4/4/2021,0600,094,0.00, ,0.00, ,9, ,8.4, ,45.6, ,81, ,40.0, ,3.4, ,249, ,59.4, 
47,Brentwood,San Francisco Bay,4/4/2021,0700,094,0.00, ,0.00, ,209, ,8.8, ,48.4, ,76, ,41.1, ,3.9, ,259, ,58.7, 
47,Brentwood,San Francisco Bay,4/4/2021,0800,094,0.01, ,0.00, ,595, ,8.8, ,53.3, ,63, ,41.1, ,7.2, ,254, ,58.3, 
47,Brentwood,San Francisco Bay,4/4/2021,0900,094,0.01, ,0.00, ,997, ,8.8, ,55.8, ,58, ,41.1, ,5.2, ,232, ,58.6, 
47,Brentwood,San Francisco Bay,4/4/2021,1000,094,0.01, ,0.00, ,1335, ,8.9, ,58.8, ,52, ,41.4, ,3.7, ,234, ,59.8, 
47,Brentwood,San Francisco Bay,4/4/2021,1100,094,0.02, ,0.00, ,1614, ,8.8, ,60.9, ,48, ,41.3, ,4.1, ,198, ,61.8, 
47,Brentwood,San Francisco Bay,4/4/2021,1200,094,0.02, ,0.00, ,1722, ,9.2, ,64.2, ,45, ,42.4, ,6.3, ,339, ,64.0, 
47,Brentwood,San Francisco Bay,4/4/2021,1300,094,0.02, ,0.00, ,1631, ,9.4, ,65.9, ,43, ,43.0, ,6.7, ,353, ,66.2, 
47,Brentwood,San Francisco Bay,4/4/2021,1400,094,0.02, ,0.00, ,1556, ,9.4, ,67.1, ,41, ,42.8, ,6.1, ,310, ,68.1,Y
47,Brentwood,San Francisco Bay,4/4/2021,1500,094,0.01, ,0.00, ,983, ,9.2, ,67.6, ,40, ,42.3, ,6.8, ,318, ,69.5,Y
47,Brentwood,San Francisco Bay,4/4/2021,1600,094,0.01, ,0.00, ,686, ,9.2, ,66.9, ,41, ,42.5, ,11.1, ,303, ,70.0,Y
47,Brentwood,San Francisco Bay,4/4/2021,1700,094,0.01, ,0.00, ,661, ,9.3, ,66.9, ,41, ,42.8, ,10.6, ,313, ,69.8,Y
47,Brentwood,San Francisco Bay,4/4/2021,1800,094,0.01, ,0.00, ,287, ,9.3, ,64.8, ,44, ,42.5, ,9.8, ,226, ,69.4, 
47,Brentwood,San Francisco Bay,4/4/2021,1900,094,0.00, ,0.00, ,45, ,9.1, ,59.8, ,52, ,42.1, ,8.9, ,234, ,68.6, 
47,Brentwood,San Francisco Bay,4/4/2021,2000,094,0.00, ,0.00, ,0, ,9.1, ,56.2, ,59, ,42.1, ,7.2, ,240, ,67.6, 
47,Brentwood,San Francisco Bay,4/4/2021,2100,094,0.00, ,0.00, ,0, ,9.0, ,53.4, ,64, ,41.7, ,5.2, ,250, ,66.5, 
47,Brentwood,San Francisco Bay,4/4/2021,2200,094,0.00, ,0.00, ,0, ,8.7, ,51.5, ,67, ,40.9, ,2.7, ,206, ,65.3, 
47,Brentwood,San Francisco Bay,4/4/2021,2300,094,0.00, ,0.00, ,0, ,8.3, ,49.0, ,70, ,39.7, ,3.0, ,194, ,64.1, 
47,Brentwood,San Francisco Bay,4/4/2021,2400,094,0.00, ,0.00, ,0, ,8.6, ,49.0, ,72, ,40.6, ,4.3, ,243, ,63.0, 
47,Brentwood,San Francisco Bay,4/5/2021,0100,095,0.00, ,0.00, ,0, ,8.9, ,49.5, ,73, ,41.4, ,5.8, ,235, ,62.0, 
47,Brentwood,San Francisco Bay,4/5/2021,0200,095,0.00, ,0.00, ,0, ,8.6, ,47.7, ,76, ,40.6, ,3.3, ,230, ,61.2, 
47,Brentwood,San Francisco Bay,4/5/2021,0300,095,0.00, ,0.00, ,1, ,9.4, ,44.7, ,94, ,43.0, ,2.0, ,101, ,60.4, 
47,Brentwood,San Francisco Bay,4/5/2021,0400,095,0.00, ,0.00, ,1, ,10.0, ,46.3, ,94, ,44.6, ,3.1, ,220, ,59.6, 
47,Brentwood,San Francisco Bay,4/5/2021,0500,095,0.00, ,0.00, ,1, ,10.4, ,48.9, ,88, ,45.5, ,5.8, ,229, ,58.9, 
47,Brentwood,San Francisco Bay,4/5/2021,0600,095,0.00, ,0.00, ,7, ,10.5, ,50.4, ,84, ,45.8, ,8.2, ,236, ,58.4, 
47,Brentwood,San Francisco Bay,4/5/2021,0700,095,0.00, ,0.00, ,129, ,10.6, ,50.9, ,83, ,46.0, ,9.1, ,247, ,58.2, 
47,Brentwood,San Francisco Bay,4/5/2021,0800,095,0.00, ,0.00, ,322, ,10.9, ,53.1, ,79, ,46.7, ,9.7, ,251, ,58.1, 
47,Brentwood,San Francisco Bay,4/5/2021,0900,095,0.01, ,0.00, ,797, ,10.6, ,55.6, ,71, ,46.2, ,6.7, ,258, ,58.4, 
47,Brentwood,San Francisco Bay,4/5/2021,1000,095,0.02, ,0.00, ,1264, ,9.1, ,58.2, ,55, ,42.1, ,7.0, ,252, ,59.3, 
47,Brentwood,San Francisco Bay,4/5/2021,1100,095,0.02, ,0.00, ,1646, ,9.1, ,61.1, ,49, ,42.0, ,5.5, ,241, ,61.1, 
47,Brentwood,San Francisco Bay,4/5/2021,1200,095,0.02, ,0.00, ,1784, ,9.0, ,63.0, ,46, ,41.9, ,5.3, ,238, ,63.6, 
47,Brentwood,San Francisco Bay,4/5/2021,1300,095,0.02, ,0.00, ,1809, ,9.2, ,65.5, ,43, ,42.3, ,5.3, ,274, ,66.1, 
47,Brentwood,San Francisco Bay,4/5/2021,1400,095,0.02, ,0.00, ,1710, ,9.2, ,66.9, ,41, ,42.4, ,11.0, ,293, ,68.2,Y
47,Brentwood,San Francisco Bay,4/5/2021,1500,095,0.02, ,0.00, ,1499, ,9.2, ,67.7, ,40, ,42.3, ,8.7, ,295, ,69.7,Y
47,Brentwood,San Francisco Bay,4/5/2021,1600,095,0.02, ,0.00, ,1188, ,9.4, ,67.5, ,41, ,43.0, ,7.1, ,228, ,70.3,Y
47,Brentwood,San Francisco Bay,4/5/2021,1700,095,0.01, ,0.00, ,777, ,9.2, ,67.9, ,39, ,42.2, ,7.6, ,298, ,69.7,Y
47,Brentwood,San Francisco Bay,4/5/2021,1800,095,0.01, ,0.00, ,340, ,9.3, ,64.3, ,45, ,42.6, ,10.2, ,249, ,69.1, 
47,Brentwood,San Francisco Bay,4/5/2021,1900,095,0.00, ,0.00, ,37, ,9.0, ,59.5, ,52, ,41.9, ,8.7, ,243, ,68.5, 
47,Brentwood,San Francisco Bay,4/5/2021,2000,095,0.00, ,0.00, ,0, ,8.8, ,55.8, ,58, ,41.1, ,4.4, ,246, ,67.5, 
47,Brentwood,San Francisco Bay,4/5/2021,2100,095,0.00, ,0.00, ,0, ,8.5, ,53.2, ,61, ,40.3, ,3.4, ,250, ,66.3, 
47,Brentwood,San Francisco Bay,4/5/2021,2200,095,0.00, ,0.00, ,0, ,8.4, ,51.8, ,64, ,40.2, ,3.1, ,230, ,65.0, 
47,Brentwood,San Francisco Bay,4/5/2021,2300,095,0.00, ,0.00, ,0, ,8.2, ,49.8, ,67, ,39.5, ,2.9, ,194, ,63.9, 
47,Brentwood,San Francisco Bay,4/5/2021,2400,095,0.00, ,0.00, ,0, ,8.6, ,48.8, ,73, ,40.5, ,2.9, ,188, ,62.8, 
47,Brentwood,San Francisco Bay,4/6/2021,0100,096,0.00, ,0.00, ,0, ,9.6, ,48.5, ,82, ,43.4, ,3.2, ,188, ,61.9, 
47,Brentwood,San Francisco Bay,4/6/2021,0200,096,0.00, ,0.00, ,0, ,9.7, ,45.0, ,96, ,43.8, ,3.0, ,35, ,61.0, 
47,Brentwood,San Francisco Bay,4/6/2021,0300,096,0.00, ,0.00, ,2, ,9.6, ,43.8, ,99, ,43.6, ,1.6, ,5, ,60.2, 
47,Brentwood,San Francisco Bay,4/6/2021,0400,096,0.00, ,0.00, ,1, ,9.4, ,43.2, ,99, ,43.0, ,1.5, ,60, ,59.4, 
47,Brentwood,San Francisco Bay,4/6/2021,0500,096,0.00, ,0.00, ,1, ,8.8, ,41.4, ,99, ,41.3, ,2.3, ,291, ,58.6, 
47,Brentwood,San Francisco Bay,4/6/2021,0600,096,0.00, ,0.00, ,13, ,8.8, ,41.3, ,99, ,41.1, ,1.8, ,182, ,57.9, 
47,Brentwood,San Francisco Bay,4/6/2021,0700,096,0.00, ,0.00, ,244, ,10.4, ,45.6, ,100, ,45.5, ,1.6, ,131, ,57.2, 
47,Brentwood,San Francisco Bay,4/6/2021,0800,096,0.01, ,0.00, ,629, ,12.5, ,52.3, ,94, ,50.5, ,2.7, ,270, ,56.9, 
47,Brentwood,San Francisco Bay,4/6/2021,0900,096,0.01, ,0.00, ,1057, ,12.3, ,56.9, ,78, ,50.1, ,4.8, ,274, ,57.4, 
47,Brentwood,San Francisco Bay,4/6/2021,1000,096,0.02, ,0.00, ,1409, ,11.6, ,62.1, ,61, ,48.5, ,3.7, ,274, ,58.9, 
47,Brentwood,San Francisco Bay,4/6/2021,1100,096,0.02, ,0.00, ,1660, ,10.3, ,66.7, ,46, ,45.2, ,3.7, ,286, ,61.4, 
47,Brentwood,San Francisco Bay,4/6/2021,1200,096,0.02, ,0.00, ,1788, ,10.5, ,70.0, ,42, ,45.9, ,5.5, ,313, ,64.1, 
47,Brentwood,San Francisco Bay,4/6/2021,1300,096,0.02, ,0.00, ,1811, ,10.7, ,72.5, ,39, ,46.4, ,6.8, ,321, ,66.7, 
47,Brentwood,San Francisco Bay,4/6/2021,1400,096,0.03, ,0.00, ,1712, ,10.6, ,74.7, ,36, ,46.1, ,8.7, ,331, ,68.9,Y
47,Brentwood,San Francisco Bay,4/6/2021,1500,096,0.02, ,0.00, ,1494, ,10.5, ,75.7, ,35, ,45.8, ,8.7, ,330, ,70.5,Y
47,Brentwood,San Francisco Bay,4/6/2021,1600,096,0.02, ,0.00, ,1175, ,10.5, ,75.3, ,35, ,45.9, ,10.9, ,321, ,71.1,Y
47,Brentwood,San Francisco Bay,4/6/2021,1700,096,0.01, ,0.00, ,760, ,10.7, ,74.6, ,36, ,46.3, ,10.8, ,305, ,70.6,Y
47,Brentwood,San Francisco Bay,4/6/2021,1800,096,0.01, ,0.00, ,328, ,10.5, ,71.6, ,40, ,45.7, ,11.6, ,298, ,70.0,Y
47,Brentwood,San Francisco Bay,4/6/2021,1900,096,0.00, ,0.00, ,29, ,8.9, ,67.6, ,39, ,41.6, ,8.0, ,235, ,69.5, 
47,Brentwood,San Francisco Bay,4/6/2021,2000,096,0.00, ,0.00, ,0, ,8.1, ,63.4, ,41, ,39.1, ,5.1, ,243, ,68.5, 
47,Brentwood,San Francisco Bay,4/6/2021,2100,096,0.00, ,0.00, ,0, ,7.9, ,59.1, ,46, ,38.4, ,4.4, ,288, ,67.4, 
47,Brentwood,San Francisco Bay,4/6/2021,2200,096,0.00, ,0.00, ,0, ,8.2, ,55.9, ,54, ,39.5, ,4.2, ,321, ,66.3, 
47,Brentwood,San Francisco Bay,4/6/2021,2300,096,0.00, ,0.00, ,0, ,8.1, ,53.2, ,59, ,39.1, ,2.4, ,341, ,65.3, 
47,Brentwood,San Francisco Bay,4/6/2021,2400,096,0.00, ,0.00, ,0, ,8.1, ,50.7, ,64, ,39.0, ,3.3, ,2, ,64.4, 
47,Brentwood,San Francisco Bay,4/7/2021,0100,097,0.00, ,0.00, ,0, ,7.8, ,47.8, ,69, ,38.0, ,3.5, ,359, ,63.5, 
47,Brentwood,San Francisco Bay,4/7/2021,0200,097,0.00, ,0.00, ,0, ,8.4, ,45.9, ,79, ,39.9, ,2.2, ,93, ,62.5, 
47,Brentwood,San Francisco Bay,4/7/2021,0300,097,0.00, ,0.00, ,1, ,8.9, ,43.3, ,93, ,41.6, ,2.1, ,257, ,61.5, 
47,Brentwood,San Francisco Bay,4/7/2021,0400,097,0.00, ,0.00, ,2, ,8.5, ,41.6, ,95, ,40.2, ,2.4, ,109, ,60.4, 
47,Brentwood,San Francisco Bay,4/7/2021,0500,097,0.00, ,0.00, ,0, ,8.5, ,40.7, ,98, ,40.3, ,1.9, ,50, ,59.5, 
47,Brentwood,San Francisco Bay,4/7/2021,0600,097,0.00, ,0.00, ,12, ,8.5, ,40.6, ,99, ,40.4, ,2.6, ,176, ,58.6, 
47,Brentwood,San Francisco Bay,4/7/2021,0700,097,0.00, ,0.00, ,241, ,9.4, ,44.7, ,94, ,43.0, ,2.6, ,288, ,57.8, 
47,Brentwood,San Francisco Bay,4/7/2021,0800,097,0.01, ,0.00, ,660, ,10.3, ,53.3, ,74, ,45.4, ,3.3, ,62, ,57.3, 
47,Brentwood,San Francisco Bay,4/7/2021,0900,097,0.01, ,0.00, ,1080, ,10.3, ,56.8, ,65, ,45.4, ,3.8, ,62, ,57.6, 
47,Brentwood,San Francisco Bay,4/7/2021,1000,097,0.02, ,0.00, ,1430, ,8.6, ,60.9, ,47, ,40.5, ,4.0, ,47, ,59.1, 
47,Brentwood,San Francisco Bay,4/7/2021,1100,097,0.02, ,0.00, ,1645, ,8.1, ,65.0, ,38, ,39.1, ,3.3, ,29, ,61.4, 
47,Brentwood,San Francisco Bay,4/7/2021,1200,097,0.03, ,0.00, ,1968, ,8.0, ,70.6, ,31, ,38.9, ,5.3, ,307, ,64.0, 
47,Brentwood,San Francisco Bay,4/7/2021,1300,097,0.03, ,0.00, ,1848, ,8.7, ,72.4, ,32, ,40.8, ,6.5, ,359, ,66.8, 
47,Brentwood,San Francisco Bay,4/7/2021,1400,097,0.03, ,0.00, ,1658, ,7.8, ,74.5, ,27, ,38.2, ,7.2, ,161, ,69.3,Y
47,Brentwood,San Francisco Bay,4/7/2021,1500,097,0.03, ,0.00, ,1437, ,6.5, ,72.7, ,24, ,33.4, ,13.2, ,232, ,70.8,Y
47,Brentwood,San Francisco Bay,4/7/2021,1600,097,0.02, ,0.00, ,1134, ,5.7, ,70.9, ,22, ,30.2, ,10.9, ,230, ,71.2,Y
47,Brentwood,San Francisco Bay,4/7/2021,1700,097,0.01, ,0.00, ,798, ,6.6, ,69.3, ,27, ,34.0, ,9.1, ,223, ,70.7,Y
47,Brentwood,San Francisco Bay,4/7/2021,1800,097,0.01, ,0.00, ,358, ,6.8, ,65.4, ,32, ,34.8, ,10.6, ,212, ,70.0, 
47,Brentwood,San Francisco Bay,4/7/2021,1900,097,0.00, ,0.00, ,44, ,7.1, ,59.7, ,40, ,35.6, ,8.9, ,211, ,69.2, 
47,Brentwood,San Francisco Bay,4/7/2021,2000,097,0.00, ,0.00, ,0, ,6.8, ,55.4, ,45, ,34.6, ,9.0, ,237, ,68.1, 
47,Brentwood,San Francisco Bay,4/7/2021,2100,097,0.00, ,0.00, ,0, ,6.5, ,53.7, ,46, ,33.4, ,6.3, ,217, ,66.9, 
47,Brentwood,San Francisco Bay,4/7/2021,2200,097,0.00, ,0.00, ,0, ,7.2, ,51.3, ,56, ,36.0, ,6.3, ,183, ,65.6, 
47,Brentwood,San Francisco Bay,4/7/2021,2300,097,0.00, ,0.00, ,0, ,7.4, ,50.6, ,59, ,36.7, ,4.6, ,223, ,64.5, 
47,Brentwood,San Francisco Bay,4/7/2021,2400,097,0.00, ,0.00, ,0, ,7.3, ,48.3, ,63, ,36.5, ,2.9, ,219, ,63.5, 
47,Brentwood,San Francisco Bay,4/8/2021,0100,098,0.00, ,0.00, ,1, ,7.4, ,46.2, ,70, ,36.9, ,2.2, ,97, ,62.5, 
47,Brentwood,San Francisco Bay,4/8/2021,0200,098,0.00, ,0.00, ,2, ,7.7, ,45.2, ,75, ,37.7, ,2.2, ,81, ,61.4, 
47,Brentwood,San Francisco Bay,4/8/2021,0300,098,0.00, ,0.00, ,1, ,7.2, ,42.8, ,77, ,36.1, ,2.0, ,332, ,60.5, 
47,Brentwood,San Francisco Bay,4/8/2021,0400,098,0.00, ,0.00, ,0, ,8.9, ,42.1, ,97, ,41.4, ,2.1, ,34, ,59.6, 
47,Brentwood,San Francisco Bay,4/8/2021,0500,098,0.00, ,0.00, ,0, ,8.3, ,40.8, ,96, ,39.8, ,2.2, ,78, ,58.8, 
47,Brentwood,San Francisco Bay,4/8/2021,0600,098,0.00, ,0.00, ,17, ,9.3, ,42.8, ,99, ,42.5, ,2.0, ,128, ,58.0, 
47,Brentwood,San Francisco Bay,4/8/2021,0700,098,0.00, ,0.00, ,240, ,9.9, ,46.7, ,91, ,44.2, ,2.0, ,13, ,57.3, 
47,Brentwood,San Francisco Bay,4/8/2021,0800,098,0.01, ,0.00, ,656, ,10.7, ,54.7, ,74, ,46.4, ,2.5, ,27, ,56.9, 
47,Brentwood,San Francisco Bay,4/8/2021,0900,098,0.01, ,0.00, ,1079, ,10.2, ,59.5, ,59, ,45.0, ,3.6, ,355, ,57.3, 
47,Brentwood,San Francisco Bay,4/8/2021,1000,098,0.02, ,0.00, ,1427, ,8.8, ,62.7, ,45, ,41.2, ,4.5, ,297, ,58.9, 
47,Brentwood,San Francisco Bay,4/8/2021,1100,098,0.02, ,0.00, ,1679, ,8.7, ,67.1, ,38, ,40.8, ,7.3, ,305, ,61.4, 
47,Brentwood,San Francisco Bay,4/8/2021,1200,098,0.03, ,0.00, ,1819, ,8.9, ,70.5, ,35, ,41.5, ,9.2, ,316, ,64.0, 
47,Brentwood,San Francisco Bay,4/8/2021,1300,098,0.03, ,0.00, ,1848, ,8.8, ,72.7, ,32, ,41.1, ,10.8, ,311, ,66.4, 
47,Brentwood,San Francisco Bay,4/8/2021,1400,098,0.03, ,0.00, ,1679, ,7.7, ,75.4, ,26, ,37.7, ,13.1, ,305, ,68.4,Y
47,Brentwood,San Francisco Bay,4/8/2021,1500,098,0.03, ,0.00, ,1402, ,7.5, ,76.7, ,24, ,37.1, ,13.3, ,312, ,69.7,Y
47,Brentwood,San Francisco Bay,4/8/2021,1600,098,0.02, ,0.00, ,1164, ,7.9, ,77.0, ,25, ,38.5, ,14.2, ,313, ,70.2,Y
47,Brentwood,San Francisco Bay,4/8/2021,1700,098,0.02, ,0.00, ,761, ,8.0, ,75.3, ,27, ,38.7, ,12.3, ,306, ,69.9, 
47,Brentwood,San Francisco Bay,4/8/2021,1800,098,0.01, ,0.00, ,359, ,7.3, ,72.7, ,27, ,36.5, ,10.5, ,291, ,69.5, 
47,Brentwood,San Francisco Bay,4/8/2021,1900,098,0.00, ,0.00, ,45, ,7.1, ,68.1, ,30, ,35.8, ,6.6, ,234, ,68.9, 
47,Brentwood,San Francisco Bay,4/8/2021,2000,098,0.00, ,0.00, ,0, ,7.2, ,63.0, ,37, ,36.2, ,3.9, ,196, ,68.0, 
47,Brentwood,San Francisco Bay,4/8/2021,2100,098,0.00, ,0.00, ,0, ,6.5, ,58.5, ,39, ,33.5, ,4.4, ,184, ,66.8, 
47,Brentwood,San Francisco Bay,4/8/2021,2200,098,0.00, ,0.00, ,0, ,6.3, ,55.0, ,42, ,32.6, ,3.2, ,212, ,65.7, 
47,Brentwood,San Francisco Bay,4/8/2021,2300,098,0.00, ,0.00, ,0, ,6.5, ,54.2, ,45, ,33.4, ,4.5, ,178, ,64.6, 
47,Brentwood,San Francisco Bay,4/8/2021,2400,098,0.00, ,0.00, ,0, ,6.9, ,53.9, ,49, ,35.1, ,5.2, ,185, ,63.6, 
47,Brentwood,San Francisco Bay,4/9/2021,0100,099,0.00, ,0.00, ,0, ,7.2, ,55.4, ,48, ,36.0, ,5.1, ,214, ,62.7, 
47,Brentwood,San Francisco Bay,4/9/2021,0200,099,0.00, ,0.00, ,0, ,7.2, ,55.7, ,47, ,36.1, ,5.3, ,222, ,62.0, 
47,Brentwood,San Francisco Bay,4/9/2021,0300,099,0.00, ,0.00, ,0, ,7.4, ,53.3, ,53, ,36.7, ,5.7, ,196, ,61.4, 
47,Brentwood,San Francisco Bay,4/9/2021,0400,099,0.00, ,0.00, ,0, ,7.8, ,51.2, ,61, ,38.2, ,5.7, ,183, ,60.7, 
47,Brentwood,San Francisco Bay,4/9/2021,0500,099,0.00, ,0.00, ,0, ,8.2, ,50.1, ,67, ,39.4, ,5.2, ,172, ,60.2, 
47,Brentwood,San Francisco Bay,4/9/2021,0600,099,0.00, ,0.00, ,17, ,8.5, ,49.8, ,70, ,40.4, ,5.4, ,193, ,59.7, 
47,Brentwood,San Francisco Bay,4/9/2021,0700,099,0.00, ,0.00, ,247, ,8.9, ,51.7, ,68, ,41.4, ,3.9, ,188, ,59.3, 
47,Brentwood,San Francisco Bay,4/9/2021,0800,099,0.01, ,0.00, ,552, ,8.8, ,56.0, ,57, ,41.1, ,2.1, ,189, ,59.0, 
47,Brentwood,San Francisco Bay,4/9/2021,0900,099,0.01, ,0.00, ,963, ,8.9, ,59.6, ,51, ,41.6, ,2.7, ,188, ,59.4, 
47,Brentwood,San Francisco Bay,4/9/2021,1000,099,0.02, ,0.00, ,1477, ,9.0, ,64.0, ,44, ,41.9, ,4.1, ,328, ,60.7, 
47,Brentwood,San Francisco Bay,4/9/2021,1100,099,0.02, ,0.00, ,1691, ,8.9, ,66.0, ,41, ,41.5, ,5.1, ,251, ,63.0, 
47,Brentwood,San Francisco Bay,4/9/2021,1200,099,0.02, ,0.00, ,1828, ,9.0, ,68.9, ,37, ,41.8, ,4.7, ,266, ,65.7, 
47,Brentwood,San Francisco Bay,4/9/2021,1300,099,0.02, ,0.00, ,1834, ,9.1, ,71.6, ,34, ,42.0, ,4.5, ,279, ,68.4,Y
47,Brentwood,San Francisco Bay,4/9/2021,1400,099,0.02, ,0.00, ,1739, ,9.1, ,73.3, ,32, ,42.0, ,6.6, ,232, ,70.8,Y
47,Brentwood,San Francisco Bay,4/9/2021,1500,099,0.02, ,0.00, ,1534, ,8.4, ,73.5, ,30, ,40.1, ,7.6, ,231, ,72.6,Y
47,Brentwood,San Francisco Bay,4/9/2021,1600,099,0.02, ,0.00, ,1221, ,8.0, ,73.1, ,29, ,38.7, ,9.3, ,242, ,73.0,Y
47,Brentwood,San Francisco Bay,4/9/2021,1700,099,0.01, ,0.00, ,822, ,7.0, ,69.4, ,28, ,35.2, ,11.6, ,234, ,72.2,Y
47,Brentwood,San Francisco Bay,4/9/2021,1800,099,0.01, ,0.00, ,379, ,7.0, ,66.4, ,32, ,35.5, ,8.3, ,196, ,71.4,Y
47,Brentwood,San Francisco Bay,4/9/2021,1900,099,0.00, ,0.00, ,51, ,7.3, ,59.9, ,42, ,36.5, ,8.0, ,197, ,70.3,Y
47,Brentwood,San Francisco Bay,4/9/2021,2000,099,0.00, ,0.00, ,0, ,7.8, ,54.2, ,55, ,38.2, ,7.5, ,197, ,69.1, 
47,Brentwood,San Francisco Bay,4/9/2021,2100,099,0.00, ,0.00, ,0, ,7.5, ,53.7, ,53, ,37.2, ,8.6, ,220, ,67.8, 
47,Brentwood,San Francisco Bay,4/9/2021,2200,099,0.00, ,0.00, ,0, ,7.4, ,50.8, ,58, ,36.6, ,3.3, ,143, ,66.6, 
47,Brentwood,San Francisco Bay,4/9/2021,2300,099,0.00, ,0.00, ,0, ,7.1, ,48.7, ,60, ,35.6, ,2.5, ,40, ,65.4, 
47,Brentwood,San Francisco Bay,4/9/2021,2400,099,0.00, ,0.00, ,0, ,7.2, ,48.3, ,62, ,36.1, ,2.5, ,186, ,64.2, 
47,Brentwood,San Francisco Bay,4/10/2021,0100,100,0.00, ,0.00, ,1, ,6.9, ,45.2, ,67, ,34.9, ,2.2, ,4, ,63.1, 
47,Brentwood,San Francisco Bay,4/10/2021,0200,100,0.00, ,0.00, ,2, ,7.3, ,45.5, ,71, ,36.6, ,2.4, ,261, ,62.0, 
47,Brentwood,San Francisco Bay,4/10/2021,0300,100,0.00, ,0.00, ,2, ,6.7, ,42.9, ,71, ,34.1, ,3.1, ,233, ,61.1, 
47,Brentwood,San Francisco Bay,4/10/2021,0400,100,0.00, ,0.00, ,1, ,8.4, ,42.8, ,90, ,40.1, ,2.1, ,81, ,60.2, 
47,Brentwood,San Francisco Bay,4/10/2021,0500,100,0.00, ,0.00, ,0, ,8.8, ,42.5, ,95, ,41.2, ,3.0, ,58, ,59.4, 
47,Brentwood,San Francisco Bay,4/10/2021,0600,100,0.00, ,0.00, ,18, ,8.5, ,41.1, ,97, ,40.4, ,3.7, ,328, ,58.7, 
47,Brentwood,San Francisco Bay,4/10/2021,0700,100,0.00, ,0.00, ,267, ,10.0, ,47.0, ,91, ,44.5, ,2.9, ,178, ,58.1, 
47,Brentwood,San Francisco Bay,4/10/2021,0800,100,0.01, ,0.00, ,580, ,10.8, ,52.6, ,80, ,46.5, ,2.3, ,150, ,57.7, 
47,Brentwood,San Francisco Bay,4/10/2021,0900,100,0.01, ,0.00, ,1084, ,10.3, ,57.9, ,63, ,45.4, ,4.4, ,278, ,58.1, 
47,Brentwood,San Francisco Bay,4/10/2021,1000,100,0.02, ,0.00, ,1431, ,9.6, ,63.1, ,49, ,43.5, ,6.5, ,298, ,59.7, 
47,Brentwood,San Francisco Bay,4/10/2021,1100,100,0.02, ,0.00, ,1679, ,9.4, ,67.3, ,41, ,43.0, ,10.5, ,307, ,62.0, 
47,Brentwood,San Francisco Bay,4/10/2021,1200,100,0.03, ,0.00, ,1817, ,9.3, ,70.3, ,37, ,42.6, ,10.4, ,311, ,64.5, 
47,Brentwood,San Francisco Bay,4/10/2021,1300,100,0.03, ,0.00, ,1836, ,8.8, ,73.6, ,31, ,41.3, ,9.6, ,316, ,66.9, 
47,Brentwood,San Francisco Bay,4/10/2021,1400,100,0.03, ,0.00, ,1728, ,9.2, ,76.9, ,29, ,42.4, ,8.6, ,317, ,69.2,Y
47,Brentwood,San Francisco Bay,4/10/2021,1500,100,0.02, ,0.00, ,1510, ,9.0, ,79.8, ,26, ,41.7, ,9.0, ,318, ,71.1,Y
47,Brentwood,San Francisco Bay,4/10/2021,1600,100,0.02, ,0.00, ,1200, ,8.9, ,81.2, ,24, ,41.4, ,11.5, ,304, ,71.7,Y
47,Brentwood,San Francisco Bay,4/10/2021,1700,100,0.02, ,0.00, ,817, ,7.5, ,80.2, ,21, ,37.2, ,11.0, ,291, ,71.3,Y
47,Brentwood,San Francisco Bay,4/10/2021,1800,100,0.01, ,0.00, ,381, ,7.7, ,77.0, ,24, ,37.7, ,10.5, ,294, ,70.9,Y
47,Brentwood,San Francisco Bay,4/10/2021,1900,100,0.00, ,0.00, ,50, ,7.1, ,70.6, ,28, ,35.9, ,5.7, ,293, ,70.4,Y
47,Brentwood,San Francisco Bay,4/10/2021,2000,100,0.00, ,0.00, ,0, ,8.1, ,64.0, ,40, ,39.2, ,2.9, ,180, ,69.4, 
47,Brentwood,San Francisco Bay,4/10/2021,2100,100,0.00, ,0.00, ,0, ,7.4, ,61.3, ,40, ,36.7, ,4.4, ,214, ,68.1, 
47,Brentwood,San Francisco Bay,4/10/2021,2200,100,0.00, ,0.00, ,0, ,7.3, ,58.9, ,43, ,36.4, ,5.8, ,199, ,66.9, 
47,Brentwood,San Francisco Bay,4/10/2021,2300,100,0.00, ,0.00, ,0, ,6.8, ,56.4, ,44, ,34.6, ,5.1, ,198, ,65.8, 
47,Brentwood,San Francisco Bay,4/10/2021,2400,100,0.00, ,0.00, ,0, ,6.5, ,52.7, ,48, ,33.5, ,3.9, ,214, ,64.9, 
47,Brentwood,San Francisco Bay,4/11/2021,0100,101,0.00, ,0.00, ,0, ,7.1, ,50.6, ,57, ,35.8, ,3.1, ,110, ,63.9, 
47,Brentwood,San Francisco Bay,4/11/2021,0200,101,0.00, ,0.00, ,0, ,7.4, ,48.3, ,64, ,36.9, ,2.6, ,89, ,62.9, 
47,Brentwood,San Francisco Bay,4/11/2021,0300,101,0.00, ,0.00, ,0, ,7.0, ,45.8, ,67, ,35.4, ,2.0, ,338, ,62.0, 
47,Brentwood,San Francisco Bay,4/11/2021,0400,101,0.00, ,0.00, ,2, ,7.2, ,44.7, ,72, ,36.2, ,2.8, ,281, ,61.1, 
47,Brentwood,San Francisco Bay,4/11/2021,0500,101,0.00, ,0.00, ,2, ,7.8, ,45.9, ,74, ,38.2, ,2.2, ,224, ,60.3, 
47,Brentwood,San Francisco Bay,4/11/2021,0600,101,0.00, ,0.00, ,21, ,6.9, ,45.6, ,67, ,35.1, ,2.7, ,214, ,59.6, 
47,Brentwood,San Francisco Bay,4/11/2021,0700,101,0.00, ,0.00, ,265, ,7.7, ,49.5, ,64, ,37.7, ,2.4, ,280, ,58.9, 
47,Brentwood,San Francisco Bay,4/11/2021,0800,101,0.01, ,0.00, ,684, ,8.9, ,59.1, ,52, ,41.5, ,5.2, ,271, ,58.6, 
47,Brentwood,San Francisco Bay,4/11/2021,0900,101,0.02, ,0.00, ,1117, ,7.7, ,65.4, ,36, ,37.8, ,10.8, ,306, ,59.1, 
47,Brentwood,San Francisco Bay,4/11/2021,1000,101,0.02, ,0.00, ,1482, ,8.0, ,67.7, ,34, ,38.7, ,10.5, ,317, ,60.6, 
47,Brentwood,San Francisco Bay,4/11/2021,1100,101,0.02, ,0.00, ,1759, ,8.2, ,70.3, ,32, ,39.3, ,8.0, ,318, ,62.9, 
47,Brentwood,San Francisco Bay,4/11/2021,1200,101,0.03, ,0.00, ,1859, ,8.3, ,73.0, ,30, ,39.6, ,7.5, ,305, ,65.6, 
47,Brentwood,San Francisco Bay,4/11/2021,1300,101,0.03, ,0.00, ,1885, ,8.2, ,75.8, ,27, ,39.3, ,7.6, ,299, ,68.4,Y
47,Brentwood,San Francisco Bay,4/11/2021,1400,101,0.03, ,0.00, ,1724, ,7.8, ,77.9, ,24, ,38.3, ,6.9, ,297, ,70.9,Y
47,Brentwood,San Francisco Bay,4/11/2021,1500,101,0.02, ,0.00, ,1560, ,6.9, ,80.8, ,19, ,35.1, ,7.7, ,311, ,72.8,Y
47,Brentwood,San Francisco Bay,4/11/2021,1600,101,0.02, ,0.00, ,1208, ,6.2, ,81.6, ,17, ,32.3, ,9.8, ,303, ,73.3,Y
47,Brentwood,San Francisco Bay,4/11/2021,1700,101,0.02, ,0.00, ,748, ,6.8, ,81.0, ,19, ,34.8, ,11.6, ,311, ,72.8,Y
47,Brentwood,San Francisco Bay,4/11/2021,1800,101,0.01, ,0.00, ,366, ,7.2, ,78.9, ,21, ,36.0, ,10.0, ,307, ,72.2,Y
47,Brentwood,San Francisco Bay,4/11/2021,1900,101,0.00, ,0.00, ,54, ,7.6, ,73.6, ,27, ,37.4, ,7.5, ,276, ,71.5,Y
47,Brentwood,San Francisco Bay,4/11/2021,2000,101,0.00, ,0.00, ,0, ,7.8, ,67.7, ,34, ,38.2, ,4.4, ,264, ,70.6,Y
47,Brentwood,San Francisco Bay,4/11/2021,2100,101,0.00, ,0.00, ,0, ,7.0, ,64.0, ,34, ,35.5, ,4.3, ,213, ,69.4, 
47,Brentwood,San Francisco Bay,4/11/2021,2200,101,0.00, ,0.00, ,0, ,7.0, ,61.5, ,37, ,35.4, ,5.4, ,198, ,68.1, 
47,Brentwood,San Francisco Bay,4/11/2021,2300,101,0.00, ,0.00, ,0, ,6.8, ,58.2, ,41, ,34.5, ,3.9, ,245, ,67.0, 
47,Brentwood,San Francisco Bay,4/11/2021,2400,101,0.00, ,0.00, ,0, ,7.2, ,52.8, ,53, ,36.2, ,2.2, ,290, ,66.0, 
47,Brentwood,San Francisco Bay,4/12/2021,0100,102,0.00, ,0.00, ,0, ,7.7, ,50.4, ,62, ,37.7, ,3.3, ,290, ,64.9, 
47,Brentwood,San Francisco Bay,4/12/2021,0200,102,0.00, ,0.00, ,0, ,8.0, ,49.4, ,67, ,38.9, ,3.8, ,193, ,63.9, 
47,Brentwood,San Francisco Bay,4/12/2021,0300,102,0.00, ,0.00, ,0, ,7.4, ,48.1, ,65, ,36.8, ,3.2, ,359, ,62.9, 
47,Brentwood,San Francisco Bay,4/12/2021,0400,102,0.00, ,0.00, ,0, ,7.5, ,45.5, ,72, ,37.1, ,2.4, ,275, ,62.1, 
47,Brentwood,San Francisco Bay,4/12/2021,0500,102,0.00, ,0.00, ,2, ,7.7, ,45.6, ,74, ,37.8, ,2.9, ,187, ,61.2, 
47,Brentwood,San Francisco Bay,4/12/2021,0600,102,0.00, ,0.00, ,27, ,7.3, ,44.1, ,74, ,36.3, ,1.7, ,12, ,60.5, 
47,Brentwood,San Francisco Bay,4/12/2021,0700,102,0.00, ,0.00, ,274, ,8.4, ,50.4, ,68, ,40.2, ,2.3, ,29, ,59.8, 
47,Brentwood,San Francisco Bay,4/12/2021,0800,102,0.01, ,0.00, ,628, ,8.2, ,61.2, ,45, ,39.5, ,9.7, ,292, ,59.5, 
47,Brentwood,San Francisco Bay,4/12/2021,0900,102,0.02, ,0.00, ,1127, ,7.5, ,65.6, ,35, ,37.1, ,11.6, ,303, ,60.0, 
47,Brentwood,San Francisco Bay,4/12/2021,1000,102,0.02, ,0.00, ,1401, ,7.0, ,68.9, ,29, ,35.2, ,10.2, ,306, ,61.3, 
47,Brentwood,San Francisco Bay,4/12/2021,1100,102,0.02, ,0.00, ,1699, ,6.8, ,71.8, ,26, ,34.8, ,7.9, ,310, ,63.5, 
47,Brentwood,San Francisco Bay,4/12/2021,1200,102,0.03, ,0.00, ,1830, ,6.9, ,73.5, ,24, ,35.0, ,7.2, ,290, ,66.0, 
47,Brentwood,San Francisco Bay,4/12/2021,1300,102,0.03, ,0.00, ,1852, ,7.3, ,76.1, ,24, ,36.5, ,7.7, ,295, ,68.5,Y
47,Brentwood,San Francisco Bay,4/12/2021,1400,102,0.03, ,0.00, ,1733, ,7.4, ,77.8, ,23, ,36.8, ,7.0, ,289, ,70.8,Y
47,Brentwood,San Francisco Bay,4/12/2021,1500,102,0.02, ,0.00, ,1530, ,6.5, ,80.7, ,18, ,33.4, ,6.9, ,289, ,72.4,Y
47,Brentwood,San Francisco Bay,4/12/2021,1600,102,0.02, ,0.00, ,1184, ,5.9, ,83.0, ,15, ,31.3, ,6.6, ,308, ,72.9,Y
47,Brentwood,San Francisco Bay,4/12/2021,1700,102,0.02, ,0.00, ,827, ,6.5, ,82.3, ,17, ,33.6, ,10.8, ,306, ,72.3,Y
47,Brentwood,San Francisco Bay,4/12/2021,1800,102,0.01, ,0.00, ,392, ,7.0, ,78.3, ,21, ,35.4, ,12.2, ,277, ,71.8,Y
47,Brentwood,San Francisco Bay,4/12/2021,1900,102,0.01, ,0.00, ,54, ,7.2, ,72.6, ,26, ,36.1, ,11.0, ,272, ,71.3,Y
47,Brentwood,San Francisco Bay,4/12/2021,2000,102,0.00, ,0.00, ,0, ,7.7, ,68.1, ,33, ,37.8, ,7.3, ,254, ,70.5,Y
47,Brentwood,San Francisco Bay,4/12/2021,2100,102,0.00, ,0.00, ,0, ,7.2, ,63.6, ,36, ,36.0, ,3.3, ,274, ,69.4, 
47,Brentwood,San Francisco Bay,4/12/2021,2200,102,0.00, ,0.00, ,0, ,8.2, ,55.6, ,54, ,39.4, ,2.7, ,80, ,68.2, 
47,Brentwood,San Francisco Bay,4/12/2021,2300,102,0.00, ,0.00, ,0, ,8.1, ,52.8, ,60, ,39.1, ,2.3, ,3, ,66.9, 
47,Brentwood,San Francisco Bay,4/12/2021,2400,102,0.00, ,0.00, ,0, ,7.3, ,54.5, ,51, ,36.6, ,3.2, ,216, ,65.7, 
47,Brentwood,San Francisco Bay,4/13/2021,0100,103,0.00, ,0.00, ,0, ,6.8, ,55.5, ,45, ,34.7, ,3.4, ,336, ,64.5, 
47,Brentwood,San Francisco Bay,4/13/2021,0200,103,0.00, ,0.00, ,0, ,9.8, ,49.0, ,83, ,43.9, ,3.8, ,70, ,63.4, 
47,Brentwood,San Francisco Bay,4/13/2021,0300,103,0.00, ,0.00, ,0, ,11.3, ,50.0, ,92, ,47.8, ,3.2, ,26, ,62.5, 
47,Brentwood,San Francisco Bay,4/13/2021,0400,103,0.00, ,0.00, ,1, ,11.0, ,47.9, ,97, ,47.0, ,2.2, ,32, ,61.6, 
47,Brentwood,San Francisco Bay,4/13/2021,0500,103,0.00, ,0.00, ,2, ,10.2, ,46.5, ,95, ,45.1, ,3.7, ,185, ,60.8, 
47,Brentwood,San Francisco Bay,4/13/2021,0600,103,0.00, ,0.00, ,26, ,10.1, ,49.7, ,83, ,44.8, ,5.8, ,199, ,60.0, 
47,Brentwood,San Francisco Bay,4/13/2021,0700,103,0.00, ,0.00, ,281, ,10.4, ,53.5, ,74, ,45.6, ,6.2, ,204, ,59.5, 
47,Brentwood,San Francisco Bay,4/13/2021,0800,103,0.01, ,0.00, ,707, ,10.2, ,58.6, ,61, ,45.2, ,3.6, ,204, ,59.3, 
47,Brentwood,San Francisco Bay,4/13/2021,0900,103,0.02, ,0.00, ,1131, ,8.3, ,62.5, ,43, ,39.7, ,10.8, ,250, ,59.9, 
47,Brentwood,San Francisco Bay,4/13/2021,1000,103,0.02, ,0.00, ,1470, ,7.9, ,64.5, ,38, ,38.4, ,11.9, ,240, ,61.1, 
47,Brentwood,San Francisco Bay,4/13/2021,1100,103,0.02, ,0.00, ,1712, ,7.5, ,67.7, ,32, ,37.0, ,10.5, ,234, ,62.8, 
47,Brentwood,San Francisco Bay,4/13/2021,1200,103,0.03, ,0.00, ,1850, ,7.0, ,70.2, ,28, ,35.3, ,9.3, ,255, ,64.7, 
47,Brentwood,San Francisco Bay,4/13/2021,1300,103,0.03, ,0.00, ,1865, ,6.9, ,72.2, ,26, ,35.0, ,6.5, ,247, ,66.9, 
47,Brentwood,San Francisco Bay,4/13/2021,1400,103,0.03, ,0.00, ,1757, ,7.6, ,72.4, ,28, ,37.6, ,8.9, ,235, ,69.1,Y
47,Brentwood,San Francisco Bay,4/13/2021,1500,103,0.02, ,0.00, ,1555, ,7.8, ,72.6, ,28, ,38.1, ,11.7, ,199, ,70.4,Y
47,Brentwood,San Francisco Bay,4/13/2021,1600,103,0.02, ,0.00, ,1238, ,8.4, ,70.2, ,33, ,40.0, ,14.5, ,187, ,70.4,Y
47,Brentwood,San Francisco Bay,4/13/2021,1700,103,0.01, ,0.00, ,833, ,8.3, ,67.1, ,36, ,39.6, ,12.7, ,209, ,69.6, 
47,Brentwood,San Francisco Bay,4/13/2021,1800,103,0.01, ,0.00, ,382, ,8.3, ,63.2, ,42, ,39.7, ,11.0, ,204, ,68.9, 
47,Brentwood,San Francisco Bay,4/13/2021,1900,103,0.00, ,0.00, ,56, ,8.2, ,57.9, ,50, ,39.4, ,10.2, ,205, ,68.1, 
47,Brentwood,San Francisco Bay,4/13/2021,2000,103,0.00, ,0.00, ,0, ,7.9, ,55.4, ,53, ,38.4, ,9.3, ,231, ,67.2, 
47,Brentwood,San Francisco Bay,4/13/2021,2100,103,0.00, ,0.00, ,0, ,8.0, ,53.4, ,58, ,38.8, ,9.2, ,216, ,66.2, 
47,Brentwood,San Francisco Bay,4/13/2021,2200,103,0.00, ,0.00, ,0, ,8.2, ,51.1, ,64, ,39.3, ,3.0, ,192, ,65.0, 
47,Brentwood,San Francisco Bay,4/13/2021,2300,103,0.00, ,0.00, ,0, ,8.3, ,50.5, ,67, ,39.8, ,5.1, ,191, ,64.0, 
47,Brentwood,San Francisco Bay,4/13/2021,2400,103,0.00, ,0.00, ,0, ,8.2, ,48.7, ,70, ,39.3, ,5.2, ,31, ,63.0, 
47,Brentwood,San Francisco Bay,4/14/2021,0100,104,0.00, ,0.00, ,0, ,8.4, ,48.4, ,73, ,40.0, ,2.2, ,13, ,62.1, 
47,Brentwood,San Francisco Bay,4/14/2021,0200,104,0.00, ,0.00, ,1, ,8.7, ,48.1, ,76, ,40.9, ,4.9, ,237, ,61.2, 
47,Brentwood,San Francisco Bay,4/14/2021,0300,104,0.00, ,0.00, ,1, ,9.3, ,46.9, ,85, ,42.6, ,3.0, ,194, ,60.4, 
47,Brentwood,San Francisco Bay,4/14/2021,0400,104,0.00, ,0.00, ,2, ,9.8, ,45.4, ,95, ,44.0, ,2.5, ,170, ,59.6, 
47,Brentwood,San Francisco Bay,4/14/2021,0500,104,0.00, ,0.00, ,3, ,10.2, ,46.3, ,95, ,45.0, ,3.4, ,170, ,59.0, 
47,Brentwood,San Francisco Bay,4/14/2021,0600,104,0.00, ,0.00, ,16, ,10.0, ,47.9, ,88, ,44.6, ,5.7, ,193, ,58.5, 
47,Brentwood,San Francisco Bay,4/14/2021,0700,104,0.00, ,0.00, ,277, ,8.9, ,51.9, ,67, ,41.4, ,3.0, ,210, ,58.0, 
47,Brentwood,San Francisco Bay,4/14/2021,0800,104,0.01, ,0.00, ,699, ,8.1, ,58.4, ,48, ,38.9, ,5.2, ,289, ,57.9, 
47,Brentwood,San Francisco Bay,4/14/2021,0900,104,0.02, ,0.00, ,1115, ,7.4, ,61.7, ,40, ,36.9, ,9.1, ,318, ,58.6, 
47,Brentwood,San Francisco Bay,4/14/2021,1000,104,0.02, ,0.00, ,1458, ,7.6, ,64.2, ,37, ,37.4, ,10.5, ,310, ,60.1, 
47,Brentwood,San Francisco Bay,4/14/2021,1100,104,0.02, ,0.00, ,1702, ,7.7, ,65.9, ,35, ,37.7, ,8.5, ,304, ,62.1, 
47,Brentwood,San Francisco Bay,4/14/2021,1200,104,0.02, ,0.00, ,1842, ,7.4, ,67.9, ,32, ,36.7, ,7.5, ,295, ,64.5, 
47,Brentwood,San Francisco Bay,4/14/2021,1300,104,0.03, ,0.00, ,1861, ,6.7, ,70.6, ,26, ,34.3, ,8.0, ,307, ,66.9, 
47,Brentwood,San Francisco Bay,4/14/2021,1400,104,0.02, ,0.00, ,1747, ,6.5, ,71.8, ,24, ,33.4, ,7.6, ,313, ,69.0,Y
47,Brentwood,San Francisco Bay,4/14/2021,1500,104,0.02, ,0.00, ,1530, ,6.4, ,73.3, ,23, ,33.3, ,8.5, ,341, ,70.6,Y
47,Brentwood,San Francisco Bay,4/14/2021,1600,104,0.02, ,0.00, ,1224, ,6.4, ,72.9, ,23, ,33.1, ,9.9, ,304, ,70.8,Y
47,Brentwood,San Francisco Bay,4/14/2021,1700,104,0.02, ,0.00, ,805, ,7.3, ,70.9, ,28, ,36.6, ,12.1, ,289, ,69.9, 
47,Brentwood,San Francisco Bay,4/14/2021,1800,104,0.01, ,0.00, ,369, ,8.0, ,65.9, ,37, ,38.7, ,13.5, ,268, ,69.1, 
47,Brentwood,San Francisco Bay,4/14/2021,1900,104,0.00, ,0.00, ,55, ,7.7, ,62.2, ,40, ,37.8, ,9.8, ,263, ,68.3, 
47,Brentwood,San Francisco Bay,4/14/2021,2000,104,0.00, ,0.00, ,0, ,7.4, ,59.6, ,42, ,36.7, ,7.1, ,264, ,67.3, 
47,Brentwood,San Francisco Bay,4/14/2021,2100,104,0.00, ,0.00, ,0, ,7.2, ,56.6, ,46, ,36.2, ,3.0, ,243, ,66.1, 
47,Brentwood,San Francisco Bay,4/14/2021,2200,104,0.00, ,0.00, ,0, ,7.4, ,53.9, ,52, ,36.9, ,2.6, ,166, ,65.0, 
47,Brentwood,San Francisco Bay,4/14/2021,2300,104,0.00, ,0.00, ,0, ,8.0, ,51.5, ,61, ,38.6, ,2.2, ,219, ,63.8, 
47,Brentwood,San Francisco Bay,4/14/2021,2400,104,0.00, ,0.00, ,0, ,6.9, ,49.6, ,57, ,35.1, ,2.4, ,289, ,62.7, 
47,Brentwood,San Francisco Bay,4/15/2021,0100,105,0.00, ,0.00, ,0, ,6.8, ,48.2, ,60, ,34.8, ,2.7, ,22, ,61.7, 
47,Brentwood,San Francisco Bay,4/15/2021,0200,105,0.00, ,0.00, ,1, ,7.6, ,47.2, ,69, ,37.6, ,3.2, ,286, ,60.8, 
47,Brentwood,San Francisco Bay,4/15/2021,0300,105,0.00, ,0.00, ,1, ,8.8, ,45.8, ,84, ,41.1, ,2.2, ,73, ,59.9, 
47,Brentwood,San Francisco Bay,4/15/2021,0400,105,0.00, ,0.00, ,1, ,9.9, ,44.9, ,97, ,44.2, ,2.9, ,47, ,59.2, 
47,Brentwood,San Francisco Bay,4/15/2021,0500,105,0.00, ,0.00, ,1, ,10.2, ,45.3, ,99, ,45.1, ,2.2, ,131, ,58.5, 
47,Brentwood,San Francisco Bay,4/15/2021,0600,105,0.00, ,0.00, ,32, ,9.7, ,44.0, ,99, ,43.8, ,1.9, ,214, ,57.5, 
47,Brentwood,San Francisco Bay,4/15/2021,0700,105,0.00, ,0.00, ,317, ,11.1, ,48.4, ,95, ,47.2, ,2.9, ,227, ,57.0, 
47,Brentwood,San Francisco Bay,4/15/2021,0800,105,0.01, ,0.00, ,726, ,9.4, ,57.4, ,59, ,43.0, ,5.3, ,306, ,57.0, 
47,Brentwood,San Francisco Bay,4/15/2021,0900,105,0.01, ,0.00, ,1140, ,9.1, ,60.9, ,50, ,42.1, ,6.5, ,332, ,57.9, 
47,Brentwood,San Francisco Bay,4/15/2021,1000,105,0.02, ,0.00, ,1485, ,8.5, ,64.2, ,41, ,40.3, ,5.5, ,347, ,59.7, 
47,Brentwood,San Francisco Bay,4/15/2021,1100,105,0.02, ,0.00, ,1722, ,7.8, ,67.7, ,34, ,38.1, ,4.6, ,337, ,62.3, 
47,Brentwood,San Francisco Bay,4/15/2021,1200,105,0.02, ,0.00, ,1861, ,6.9, ,69.5, ,28, ,35.1, ,5.1, ,309, ,65.2, 
47,Brentwood,San Francisco Bay,4/15/2021,1300,105,0.03, ,0.00, ,1856, ,8.3, ,71.8, ,31, ,39.8, ,6.0, ,322, ,67.9, 
47,Brentwood,San Francisco Bay,4/15/2021,1400,105,0.03, ,0.00, ,1755, ,8.6, ,73.2, ,31, ,40.7, ,8.9, ,303, ,69.9,Y
47,Brentwood,San Francisco Bay,4/15/2021,1500,105,0.02, ,0.00, ,1539, ,8.2, ,73.3, ,29, ,39.4, ,11.9, ,291, ,71.1,Y
47,Brentwood,San Francisco Bay,4/15/2021,1600,105,0.02, ,0.00, ,1238, ,5.6, ,74.1, ,20, ,30.0, ,13.7, ,311, ,71.0,Y
47,Brentwood,San Francisco Bay,4/15/2021,1700,105,0.02, ,0.00, ,847, ,4.7, ,73.3, ,17, ,25.5, ,12.5, ,293, ,70.1, 
47,Brentwood,San Francisco Bay,4/15/2021,1800,105,0.01, ,0.00, ,403, ,4.8, ,70.5, ,19, ,26.1, ,11.3, ,281, ,69.2, 
47,Brentwood,San Francisco Bay,4/15/2021,1900,105,0.00, ,0.00, ,61, ,5.0, ,65.6, ,23, ,26.9, ,9.1, ,266, ,68.3, 
47,Brentwood,San Francisco Bay,4/15/2021,2000,105,0.00, ,0.00, ,0, ,4.7, ,60.7, ,26, ,25.8, ,4.6, ,255, ,67.2, 
47,Brentwood,San Francisco Bay,4/15/2021,2100,105,0.00, ,0.00, ,0, ,4.6, ,56.9, ,29, ,25.3, ,4.5, ,292, ,65.9, 
47,Brentwood,San Francisco Bay,4/15/2021,2200,105,0.00, ,0.00, ,0, ,6.6, ,54.2, ,46, ,33.8, ,5.8, ,292, ,64.5, 
47,Brentwood,San Francisco Bay,4/15/2021,2300,105,0.00, ,0.00, ,0, ,6.9, ,53.3, ,50, ,35.0, ,5.7, ,275, ,63.3, 
47,Brentwood,San Francisco Bay,4/15/2021,2400,105,0.00, ,0.00, ,0, ,7.3, ,51.0, ,57, ,36.4, ,4.0, ,266, ,62.3, 
47,Brentwood,San Francisco Bay,4/16/2021,0100,106,0.00, ,0.00, ,0, ,7.2, ,49.9, ,59, ,36.2, ,2.9, ,261, ,61.3, 
47,Brentwood,San Francisco Bay,4/16/2021,0200,106,0.00, ,0.00, ,1, ,7.1, ,47.2, ,65, ,35.9, ,2.4, ,180, ,60.4, 
47,Brentwood,San Francisco Bay,4/16/2021,0300,106,0.00, ,0.00, ,2, ,7.0, ,45.0, ,69, ,35.5, ,4.1, ,174, ,59.5, 
47,Brentwood,San Francisco Bay,4/16/2021,0400,106,0.00, ,0.00, ,1, ,6.1, ,42.6, ,65, ,31.8, ,2.8, ,6, ,58.7, 
47,Brentwood,San Francisco Bay,4/16/2021,0500,106,0.00, ,0.00, ,0, ,7.8, ,43.3, ,82, ,38.2, ,2.4, ,180, ,57.9, 
47,Brentwood,San Francisco Bay,4/16/2021,0600,106,0.00, ,0.00, ,33, ,9.5, ,43.7, ,99, ,43.3, ,2.1, ,181, ,57.2, 
47,Brentwood,San Francisco Bay,4/16/2021,0700,106,0.00, ,0.00, ,298, ,10.6, ,48.6, ,91, ,46.1, ,1.7, ,199, ,56.6, 
47,Brentwood,San Francisco Bay,4/16/2021,0800,106,0.01, ,0.00, ,715, ,8.9, ,55.3, ,60, ,41.6, ,2.5, ,245, ,56.5, 
47,Brentwood,San Francisco Bay,4/16/2021,0900,106,0.01, ,0.00, ,1123, ,8.3, ,61.8, ,44, ,39.6, ,4.5, ,307, ,57.3, 
47,Brentwood,San Francisco Bay,4/16/2021,1000,106,0.02, ,0.00, ,1465, ,8.4, ,66.1, ,38, ,40.1, ,6.7, ,281, ,59.3, 
47,Brentwood,San Francisco Bay,4/16/2021,1100,106,0.03, ,0.00, ,1706, ,7.9, ,70.7, ,31, ,38.5, ,9.0, ,306, ,61.9, 
47,Brentwood,San Francisco Bay,4/16/2021,1200,106,0.03, ,0.00, ,1836, ,7.9, ,74.0, ,28, ,38.5, ,8.7, ,317, ,64.7, 
47,Brentwood,San Francisco Bay,4/16/2021,1300,106,0.03, ,0.00, ,1852, ,7.0, ,77.1, ,22, ,35.3, ,8.7, ,305, ,67.4, 
47,Brentwood,San Francisco Bay,4/16/2021,1400,106,0.03, ,0.00, ,1753, ,6.9, ,78.6, ,21, ,34.9, ,9.1, ,299, ,69.5,Y
47,Brentwood,San Francisco Bay,4/16/2021,1500,106,0.03, ,0.00, ,1547, ,7.3, ,78.8, ,22, ,36.4, ,10.4, ,274, ,71.0,Y
47,Brentwood,San Francisco Bay,4/16/2021,1600,106,0.02, ,0.00, ,1232, ,7.4, ,79.1, ,22, ,36.9, ,12.3, ,285, ,71.2,Y
47,Brentwood,San Francisco Bay,4/16/2021,1700,106,0.02, ,0.00, ,832, ,7.4, ,77.5, ,23, ,36.8, ,12.5, ,267, ,70.4, 
47,Brentwood,San Francisco Bay,4/16/2021,1800,106,0.01, ,0.00, ,393, ,7.4, ,74.4, ,25, ,36.6, ,12.8, ,260, ,69.7, 
47,Brentwood,San Francisco Bay,4/16/2021,1900,106,0.01, ,0.00, ,63, ,6.7, ,70.6, ,26, ,34.1, ,10.4, ,255, ,69.0, 
47,Brentwood,San Francisco Bay,4/16/2021,2000,106,0.00, ,0.00, ,0, ,6.6, ,67.3, ,29, ,34.0, ,6.6, ,239, ,68.1, 
47,Brentwood,San Francisco Bay,4/16/2021,2100,106,0.00, ,0.00, ,0, ,6.7, ,64.2, ,33, ,34.4, ,5.2, ,204, ,67.0, 
47,Brentwood,San Francisco Bay,4/16/2021,2200,106,0.00, ,0.00, ,0, ,8.1, ,59.9, ,46, ,39.1, ,4.9, ,184, ,65.9, 
47,Brentwood,San Francisco Bay,4/16/2021,2300,106,0.00, ,0.00, ,0, ,7.9, ,60.5, ,44, ,38.5, ,5.2, ,198, ,64.9, 
47,Brentwood,San Francisco Bay,4/16/2021,2400,106,0.00, ,0.00, ,0, ,8.4, ,56.4, ,54, ,40.1, ,4.4, ,166, ,64.0, 
47,Brentwood,San Francisco Bay,4/17/2021,0100,107,0.00, ,0.00, ,0, ,8.5, ,54.3, ,59, ,40.2, ,4.3, ,136, ,63.2, 
47,Brentwood,San Francisco Bay,4/17/2021,0200,107,0.00, ,0.00, ,0, ,8.8, ,52.6, ,65, ,41.2, ,4.3, ,199, ,62.4, 
47,Brentwood,San Francisco Bay,4/17/2021,0300,107,0.00, ,0.00, ,0, ,8.7, ,49.8, ,71, ,40.8, ,2.2, ,221, ,61.6, 
47,Brentwood,San Francisco Bay,4/17/2021,0400,107,0.00, ,0.00, ,0, ,7.7, ,47.7, ,69, ,37.9, ,2.8, ,76, ,60.9, 
47,Brentwood,San Francisco Bay,4/17/2021,0500,107,0.00, ,0.00, ,1, ,7.3, ,46.3, ,69, ,36.6, ,2.3, ,18, ,60.1, 
47,Brentwood,San Francisco Bay,4/17/2021,0600,107,0.00, ,0.00, ,40, ,10.4, ,46.5, ,97, ,45.6, ,1.8, ,221, ,59.3, 
47,Brentwood,San Francisco Bay,4/17/2021,0700,107,0.00, ,0.00, ,324, ,11.4, ,52.2, ,86, ,48.0, ,2.6, ,243, ,58.6, 
47,Brentwood,San Francisco Bay,4/17/2021,0800,107,0.01, ,0.00, ,750, ,10.1, ,60.8, ,56, ,44.9, ,6.0, ,274, ,58.5, 
47,Brentwood,San Francisco Bay,4/17/2021,0900,107,0.02, ,0.00, ,1168, ,8.5, ,67.0, ,38, ,40.3, ,11.7, ,306, ,59.4, 
47,Brentwood,San Francisco Bay,4/17/2021,1000,107,0.02, ,0.00, ,1511, ,8.4, ,71.7, ,32, ,40.1, ,14.0, ,316, ,60.9, 
47,Brentwood,San Francisco Bay,4/17/2021,1100,107,0.03, ,0.00, ,1753, ,8.1, ,76.6, ,26, ,39.1, ,14.9, ,309, ,62.9, 
47,Brentwood,San Francisco Bay,4/17/2021,1200,107,0.03, ,0.00, ,1877, ,6.0, ,80.3, ,17, ,31.6, ,13.2, ,298, ,65.0, 
47,Brentwood,San Francisco Bay,4/17/2021,1300,107,0.03, ,0.00, ,1887, ,5.8, ,82.4, ,15, ,30.5, ,13.8, ,311, ,67.1, 
47,Brentwood,San Francisco Bay,4/17/2021,1400,107,0.03, ,0.00, ,1794, ,5.1, ,84.7, ,12, ,27.4, ,13.4, ,317, ,68.9, 
47,Brentwood,San Francisco Bay,4/17/2021,1500,107,0.03, ,0.00, ,1580, ,4.4, ,85.5, ,10, ,23.8, ,10.4, ,316, ,70.3, 
47,Brentwood,San Francisco Bay,4/17/2021,1600,107,0.02, ,0.00, ,1253, ,4.4, ,86.3, ,10, ,23.9, ,11.7, ,318, ,70.7, 
47,Brentwood,San Francisco Bay,4/17/2021,1700,107,0.02, ,0.00, ,853, ,4.7, ,85.4, ,11, ,25.5, ,13.5, ,309, ,70.0, 
47,Brentwood,San Francisco Bay,4/17/2021,1800,107,0.01, ,0.00, ,403, ,7.2, ,79.4, ,21, ,36.0, ,14.1, ,275, ,69.4, 
47,Brentwood,San Francisco Bay,4/17/2021,1900,107,0.01, ,0.00, ,67, ,6.6, ,75.0, ,22, ,34.0, ,10.9, ,266, ,68.9, 
47,Brentwood,San Francisco Bay,4/17/2021,2000,107,0.00, ,0.00, ,0, ,6.2, ,71.5, ,23, ,32.2, ,8.7, ,281, ,68.1, 
47,Brentwood,San Francisco Bay,4/17/2021,2100,107,0.00, ,0.00, ,0, ,5.8, ,68.9, ,24, ,30.9, ,7.5, ,295, ,67.1, 
47,Brentwood,San Francisco Bay,4/17/2021,2200,107,0.00, ,0.00, ,0, ,6.9, ,64.6, ,33, ,35.0, ,7.6, ,305, ,66.2, 
47,Brentwood,San Francisco Bay,4/17/2021,2300,107,0.00, ,0.00, ,0, ,6.5, ,64.8, ,31, ,33.4, ,7.4, ,302, ,65.2, 
47,Brentwood,San Francisco Bay,4/17/2021,2400,107,0.00, ,0.00, ,0, ,6.6, ,61.9, ,35, ,33.9, ,6.7, ,299, ,64.3, 
47,Brentwood,San Francisco Bay,4/18/2021,0100,108,0.00, ,0.00, ,0, ,7.2, ,61.0, ,39, ,36.1, ,6.5, ,293, ,63.4, 
47,Brentwood,San Francisco Bay,4/18/2021,0200,108,0.00, ,0.00, ,0, ,7.7, ,57.4, ,48, ,37.9, ,3.0, ,324, ,62.6, 
47,Brentwood,San Francisco Bay,4/18/2021,0300,108,0.00, ,0.00, ,0, ,7.5, ,53.7, ,54, ,37.3, ,3.1, ,264, ,61.8, 
47,Brentwood,San Francisco Bay,4/18/2021,0400,108,0.00, ,0.00, ,0, ,7.3, ,51.7, ,55, ,36.3, ,4.0, ,271, ,60.9, 
47,Brentwood,San Francisco Bay,4/18/2021,0500,108,0.00, ,0.00, ,0, ,7.0, ,49.9, ,57, ,35.3, ,3.2, ,279, ,60.1, 
47,Brentwood,San Francisco Bay,4/18/2021,0600,108,0.00, ,0.00, ,46, ,7.1, ,51.0, ,56, ,35.9, ,4.0, ,290, ,59.3, 
47,Brentwood,San Francisco Bay,4/18/2021,0700,108,0.00, ,0.00, ,347, ,8.3, ,58.2, ,50, ,39.7, ,2.8, ,261, ,58.6, 
47,Brentwood,San Francisco Bay,4/18/2021,0800,108,0.01, ,0.00, ,783, ,7.7, ,67.6, ,33, ,37.6, ,4.8, ,305, ,58.5, 
47,Brentwood,San Francisco Bay,4/18/2021,0900,108,0.02,Y,0.00, ,1204, ,6.3, ,72.6,Y,23,Y,32.8,Y,9.2, ,314, ,59.5, 
47,Brentwood,San Francisco Bay,4/18/2021,1000,108,0.02,Y,0.00, ,1539, ,6.3, ,76.6,Y,20,Y,32.8,Y,9.1, ,312, ,61.4, 
47,Brentwood,San Francisco Bay,4/18/2021,1100,108,0.03,Y,0.00, ,1778, ,5.9, ,81.2,Y,16,Y,31.2,Y,9.0, ,321, ,64.0, 
47,Brentwood,San Francisco Bay,4/18/2021,1200,108,0.03,Y,0.00, ,1906, ,5.3, ,83.8,Y,13,Y,28.7,Y,8.4, ,310, ,67.0, 
47,Brentwood,San Francisco Bay,4/18/2021,1300,108,0.03,Y,0.00, ,1920, ,5.0, ,86.5,Y,12,Y,27.2,Y,8.6, ,322, ,69.8,Y
47,Brentwood,San Francisco Bay,4/18/2021,1400,108,0.03,Y,0.00, ,1819, ,4.0, ,87.6,Y,9,Y,21.7,Y,9.1, ,316, ,72.3,Y
47,Brentwood,San Francisco Bay,4/18/2021,1500,108,0.03,Y,0.00, ,1604, ,3.7, ,88.9,Y,8,Y,20.0,Y,7.6, ,327, ,74.0,Y
47,Brentwood,San Francisco Bay,4/18/2021,1600,108,0.02,Y,0.00, ,1282, ,3.9, ,89.0,Y,8,Y,21.1,Y,5.6, ,312, ,74.4,Y
47,Brentwood,San Francisco Bay,4/18/2021,1700,108,0.02,Y,0.00, ,868, ,4.6, ,88.1,Y,10,Y,24.8,Y,9.3, ,288, ,73.5,Y
47,Brentwood,San Francisco Bay,4/18/2021,1800,108,0.02, ,0.00, ,423, ,4.4, ,83.8, ,11, ,24.2, ,13.9, ,272, ,72.6,Y
47,Brentwood,San Francisco Bay,4/18/2021,1900,108,0.01,Y,0.00, ,73, ,4.1, ,79.6,Y,12,Y,22.5,Y,11.8, ,253, ,71.9,Y
47,Brentwood,San Francisco Bay,4/18/2021,2000,108,0.01,Y,0.00, ,0, ,4.5, ,75.0,Y,15,Y,24.6,Y,8.3, ,252, ,70.9,Y
47,Brentwood,San Francisco Bay,4/18/2021,2100,108,0.00,Y,0.00, ,0, ,4.8, ,73.6,Y,17,Y,26.1,Y,7.0, ,247, ,69.8, 
47,Brentwood,San Francisco Bay,4/18/2021,2200,108,0.00,Y,0.00, ,0, ,5.1, ,70.0,Y,20,Y,27.7,Y,5.2, ,240, ,68.6, 
47,Brentwood,San Francisco Bay,4/18/2021,2300,108,0.00,Y,0.00, ,0, ,5.5, ,68.0,Y,23,Y,29.4,Y,4.4, ,194, ,67.5, 
47,Brentwood,San Francisco Bay,4/18/2021,2400,108,0.00,Y,0.00, ,0, ,5.5, ,65.5,Y,26,Y,29.5,Y,4.0, ,203, ,66.5, 
47,Brentwood,San Francisco Bay,4/19/2021,0100,109,0.00, ,0.00, ,0, ,6.1, ,61.7, ,32, ,31.8, ,3.7, ,173, ,65.5, 
47,Brentwood,San Francisco Bay,4/19/2021,0200,109,0.00, ,0.00, ,0, ,6.4, ,56.2, ,42, ,33.2, ,3.1, ,40, ,64.6, 
47,Brentwood,San Francisco Bay,4/19/2021,0300,109,0.00, ,0.00, ,0, ,8.1, ,53.6, ,57, ,39.0, ,2.0, ,53, ,63.8, 
47,Brentwood,San Francisco Bay,4/19/2021,0400,109,0.00, ,0.00, ,0, ,8.1, ,51.6, ,62, ,39.2, ,2.7, ,75, ,62.9, 
47,Brentwood,San Francisco Bay,4/19/2021,0500,109,0.00, ,0.00, ,0, ,8.6, ,51.0, ,68, ,40.6, ,2.2, ,22, ,62.1, 
47,Brentwood,San Francisco Bay,4/19/2021,0600,109,0.00, ,0.00, ,45, ,9.1, ,49.8, ,75, ,42.1, ,1.8, ,56, ,61.3, 
47,Brentwood,San Francisco Bay,4/19/2021,0700,109,0.00, ,0.00, ,267, ,9.8, ,52.6, ,72, ,44.0, ,2.5, ,87, ,60.6, 
47,Brentwood,San Francisco Bay,4/19/2021,0800,109,0.01, ,0.00, ,755, ,10.7, ,60.2, ,60, ,46.4, ,2.9, ,80, ,60.4, 
47,Brentwood,San Francisco Bay,4/19/2021,0900,109,0.01, ,0.00, ,1164, ,10.2, ,67.1, ,45, ,45.1, ,3.1, ,50, ,61.1, 
47,Brentwood,San Francisco Bay,4/19/2021,1000,109,0.02, ,0.00, ,1498, ,10.0, ,71.6, ,38, ,44.6, ,3.9, ,18, ,63.0, 
47,Brentwood,San Francisco Bay,4/19/2021,1100,109,0.02, ,0.00, ,1733, ,9.7, ,75.3, ,32, ,43.6, ,4.3, ,15, ,65.6, 
47,Brentwood,San Francisco Bay,4/19/2021,1200,109,0.03, ,0.00, ,1859, ,10.7, ,77.7, ,33, ,46.2, ,6.1, ,336, ,68.5,Y
47,Brentwood,San Francisco Bay,4/19/2021,1300,109,0.03, ,0.00, ,1867, ,10.7, ,80.3, ,30, ,46.2, ,6.0, ,329, ,71.3,Y
47,Brentwood,San Francisco Bay,4/19/2021,1400,109,0.03, ,0.00, ,1761, ,10.3, ,82.8, ,27, ,45.4, ,4.6, ,264, ,73.7,R
47,Brentwood,San Francisco Bay,4/19/2021,1500,109,0.02, ,0.00, ,1548, ,10.2, ,84.9, ,25, ,44.9, ,3.9, ,130, ,75.4,R
47,Brentwood,San Francisco Bay,4/19/2021,1600,109,0.02, ,0.00, ,1249, ,9.5, ,85.9, ,22, ,43.1, ,6.3, ,212, ,75.7,R
47,Brentwood,San Francisco Bay,4/19/2021,1700,109,0.02, ,0.00, ,863, ,8.9, ,84.1, ,22, ,41.4, ,10.0, ,227, ,74.7,Y
47,Brentwood,San Francisco Bay,4/19/2021,1800,109,0.01, ,0.00, ,439, ,8.0, ,78.9, ,24, ,38.8, ,10.1, ,220, ,73.9,Y
47,Brentwood,San Francisco Bay,4/19/2021,1900,109,0.00, ,0.00, ,88, ,7.7, ,72.7, ,28, ,37.8, ,6.6, ,188, ,73.1,Y
47,Brentwood,San Francisco Bay,4/19/2021,2000,109,0.00, ,0.00, ,0, ,7.8, ,66.4, ,35, ,38.0, ,6.2, ,190, ,71.9,Y
47,Brentwood,San Francisco Bay,4/19/2021,2100,109,0.00, ,0.00, ,0, ,8.0, ,64.3, ,39, ,38.7, ,6.2, ,198, ,70.6,Y
47,Brentwood,San Francisco Bay,4/19/2021,2200,109,0.00, ,0.00, ,0, ,8.4, ,62.4, ,44, ,40.0, ,7.1, ,197, ,69.3, 
47,Brentwood,San Francisco Bay,4/19/2021,2300,109,0.00, ,0.00, ,0, ,8.4, ,60.5, ,47, ,40.1, ,8.0, ,185, ,68.0, 
47,Brentwood,San Francisco Bay,4/19/2021,2400,109,0.00, ,0.00, ,0, ,9.0, ,58.3, ,54, ,41.7, ,9.1, ,203, ,66.9, 
47,Brentwood,San Francisco Bay,4/20/2021,0100,110,0.00, ,0.00, ,0, ,8.7, ,57.8, ,53, ,40.8, ,8.4, ,209, ,66.0, 
47,Brentwood,San Francisco Bay,4/20/2021,0200,110,0.00, ,0.00, ,0, ,8.9, ,55.8, ,58, ,41.4, ,8.8, ,193, ,65.1, 
47,Brentwood,San Francisco Bay,4/20/2021,0300,110,0.00, ,0.00, ,0, ,8.6, ,54.3, ,60, ,40.6, ,6.8, ,184, ,64.2, 
47,Brentwood,San Francisco Bay,4/20/2021,0400,110,0.00, ,0.00, ,0, ,8.7, ,53.7, ,62, ,40.9, ,7.2, ,184, ,63.3, 
47,Brentwood,San Francisco Bay,4/20/2021,0500,110,0.00, ,0.00, ,0, ,8.6, ,52.4, ,64, ,40.7, ,4.5, ,185, ,62.5, 
47,Brentwood,San Francisco Bay,4/20/2021,0600,110,0.00, ,0.00, ,38, ,8.9, ,51.5, ,69, ,41.5, ,3.5, ,168, ,61.8, 
47,Brentwood,San Francisco Bay,4/20/2021,0700,110,0.00, ,0.00, ,229, ,9.3, ,53.6, ,66, ,42.7, ,3.3, ,146, ,61.2, 
47,Brentwood,San Francisco Bay,4/20/2021,0800,110,0.01, ,0.00, ,618, ,9.5, ,58.5, ,56, ,43.1, ,4.5, ,169, ,60.9, 
47,Brentwood,San Francisco Bay,4/20/2021,0900,110,0.01, ,0.00, ,1030, ,9.5, ,62.5, ,49, ,43.1, ,3.3, ,222, ,61.3, 
47,Brentwood,San Francisco Bay,4/20/2021,1000,110,0.02, ,0.00, ,1187, ,9.6, ,64.7, ,46, ,43.5, ,5.1, ,257, ,62.6, 
47,Brentwood,San Francisco Bay,4/20/2021,1100,110,0.02, ,0.00, ,1716, ,9.2, ,67.2, ,41, ,42.5, ,6.0, ,259, ,64.4, 
47,Brentwood,San Francisco Bay,4/20/2021,1200,110,0.03, ,0.00, ,1877, ,9.2, ,69.4, ,37, ,42.3, ,6.4, ,226, ,66.8, 
47,Brentwood,San Francisco Bay,4/20/2021,1300,110,0.03, ,0.00, ,1892, ,9.2, ,70.8, ,36, ,42.3, ,8.5, ,232, ,69.0,Y
47,Brentwood,San Francisco Bay,4/20/2021,1400,110,0.03, ,0.00, ,1792, ,9.5, ,70.8, ,37, ,43.3, ,12.2, ,222, ,70.5,Y
47,Brentwood,San Francisco Bay,4/20/2021,1500,110,0.02, ,0.00, ,1588, ,9.8, ,67.2, ,43, ,44.1, ,16.1, ,215, ,71.1,Y
47,Brentwood,San Francisco Bay,4/20/2021,1600,110,0.02, ,0.00, ,1284, ,9.5, ,65.1, ,45, ,43.1, ,17.8, ,224, ,70.8, 
47,Brentwood,San Francisco Bay,4/20/2021,1700,110,0.01, ,0.00, ,871, ,9.6, ,61.9, ,51, ,43.5, ,14.7, ,213, ,70.2, 
47,Brentwood,San Francisco Bay,4/20/2021,1800,110,0.01, ,0.00, ,414, ,9.9, ,58.4, ,59, ,44.4, ,12.9, ,210, ,69.6, 
47,Brentwood,San Francisco Bay,4/20/2021,1900,110,0.00, ,0.00, ,66, ,9.9, ,56.6, ,63, ,44.3, ,9.4, ,207, ,68.9, 
47,Brentwood,San Francisco Bay,4/20/2021,2000,110,0.00, ,0.00, ,0, ,9.9, ,56.8, ,63, ,44.4, ,6.0, ,220, ,68.0, 
47,Brentwood,San Francisco Bay,4/20/2021,2100,110,0.00, ,0.00, ,0, ,10.0, ,57.2, ,63, ,44.6, ,6.3, ,214, ,67.0, 
47,Brentwood,San Francisco Bay,4/20/2021,2200,110,0.00, ,0.00, ,0, ,10.3, ,58.0, ,62, ,45.2, ,5.7, ,193, ,66.2, 
47,Brentwood,San Francisco Bay,4/20/2021,2300,110,0.00, ,0.00, ,0, ,9.8, ,57.9, ,60, ,44.1, ,6.5, ,217, ,65.6, 
47,Brentwood,San Francisco Bay,4/20/2021,2400,110,0.00, ,0.00, ,0, ,9.6, ,56.6, ,61, ,43.4, ,3.6, ,261, ,64.8, 
47,Brentwood,San Francisco Bay,4/21/2021,0100,111,0.00, ,0.00, ,0, ,9.7, ,54.3, ,67, ,43.6, ,3.1, ,300, ,64.0, 
47,Brentwood,San Francisco Bay,4/21/2021,0200,111,0.00, ,0.00, ,0, ,9.8, ,56.1, ,64, ,44.1, ,6.1, ,255, ,63.3, 
47,Brentwood,San Francisco Bay,4/21/2021,0300,111,0.00, ,0.00, ,0, ,9.7, ,54.9, ,66, ,43.7, ,3.0, ,191, ,62.7, 
47,Brentwood,San Francisco Bay,4/21/2021,0400,111,0.00, ,0.00, ,0, ,9.3, ,52.0, ,70, ,42.6, ,2.4, ,189, ,62.0, 
47,Brentwood,San Francisco Bay,4/21/2021,0500,111,0.00, ,0.00, ,0, ,9.3, ,50.9, ,74, ,42.8, ,2.4, ,148, ,61.4, 
47,Brentwood,San Francisco Bay,4/21/2021,0600,111,0.00, ,0.00, ,39, ,8.9, ,49.4, ,74, ,41.5, ,2.6, ,100, ,60.7, 
47,Brentwood,San Francisco Bay,4/21/2021,0700,111,0.00, ,0.00, ,321, ,9.8, ,54.2, ,68, ,43.9, ,2.3, ,51, ,60.1, 
47,Brentwood,San Francisco Bay,4/21/2021,0800,111,0.01, ,0.00, ,736, ,10.3, ,61.0, ,56, ,45.2, ,2.4, ,84, ,60.0, 
47,Brentwood,San Francisco Bay,4/21/2021,0900,111,0.01, ,0.00, ,1147, ,9.7, ,65.6, ,45, ,43.7, ,5.4, ,298, ,60.7, 
47,Brentwood,San Francisco Bay,4/21/2021,1000,111,0.02, ,0.00, ,1491, ,8.6, ,69.4, ,35, ,40.5, ,7.4, ,306, ,62.4, 
47,Brentwood,San Francisco Bay,4/21/2021,1100,111,0.03, ,0.00, ,1733, ,7.8, ,70.8, ,30, ,38.1, ,7.6, ,310, ,64.7, 
47,Brentwood,San Francisco Bay,4/21/2021,1200,111,0.03, ,0.00, ,1863, ,7.6, ,74.2, ,26, ,37.4, ,7.0, ,298, ,67.1, 
47,Brentwood,San Francisco Bay,4/21/2021,1300,111,0.03, ,0.00, ,1877, ,9.0, ,76.8, ,29, ,41.8, ,9.7, ,301, ,69.5,Y
47,Brentwood,San Francisco Bay,4/21/2021,1400,111,0.03, ,0.00, ,1782, ,7.6, ,78.9, ,22, ,37.3, ,10.9, ,312, ,71.2,Y
47,Brentwood,San Francisco Bay,4/21/2021,1500,111,0.03, ,0.00, ,1564, ,7.5, ,78.9, ,22, ,37.0, ,10.0, ,305, ,72.5,Y
47,Brentwood,San Francisco Bay,4/21/2021,1600,111,0.02, ,0.00, ,1256, ,6.9, ,79.1, ,20, ,35.0, ,10.8, ,290, ,72.7,Y
47,Brentwood,San Francisco Bay,4/21/2021,1700,111,0.02, ,0.00, ,858, ,7.7, ,76.4, ,25, ,37.9, ,11.3, ,213, ,72.2,Y
47,Brentwood,San Francisco Bay,4/21/2021,1800,111,0.01, ,0.00, ,421, ,7.5, ,73.2, ,27, ,37.0, ,8.6, ,214, ,71.7, 
47,Brentwood,San Francisco Bay,4/21/2021,1900,111,0.00, ,0.00, ,76, ,7.4, ,68.2, ,31, ,36.6, ,6.8, ,221, ,71.0, 
47,Brentwood,San Francisco Bay,4/21/2021,2000,111,0.00, ,0.00, ,0, ,8.2, ,61.5, ,44, ,39.4, ,5.2, ,279, ,70.1, 
47,Brentwood,San Francisco Bay,4/21/2021,2100,111,0.00, ,0.00, ,0, ,8.8, ,57.7, ,54, ,41.1, ,4.3, ,271, ,68.9, 
47,Brentwood,San Francisco Bay,4/21/2021,2200,111,0.00, ,0.00, ,0, ,8.2, ,54.1, ,57, ,39.4, ,2.4, ,328, ,67.7, 
47,Brentwood,San Francisco Bay,4/21/2021,2300,111,0.00, ,0.00, ,0, ,8.3, ,52.1, ,63, ,39.8, ,2.0, ,63, ,66.5, 
47,Brentwood,San Francisco Bay,4/21/2021,2400,111,0.00, ,0.00, ,0, ,10.5, ,49.7, ,86, ,45.8, ,3.7, ,67, ,65.4, 
47,Brentwood,San Francisco Bay,4/22/2021,0100,112,0.00, ,0.00, ,0, ,12.0, ,49.6, ,99, ,49.4, ,3.6, ,92, ,64.4, 
47,Brentwood,San Francisco Bay,4/22/2021,0200,112,0.00, ,0.00, ,0, ,11.8, ,49.2, ,99, ,49.0, ,3.6, ,83, ,63.6, 
47,Brentwood,San Francisco Bay,4/22/2021,0300,112,0.00, ,0.00, ,0, ,11.3, ,48.1, ,99, ,47.8, ,3.3, ,47, ,62.8, 
47,Brentwood,San Francisco Bay,4/22/2021,0400,112,0.00, ,0.00, ,1, ,10.9, ,47.1, ,99, ,46.8, ,2.4, ,272, ,62.1, 
47,Brentwood,San Francisco Bay,4/22/2021,0500,112,0.00, ,0.00, ,2, ,10.1, ,45.1, ,99, ,44.9, ,2.5, ,328, ,61.3, 
47,Brentwood,San Francisco Bay,4/22/2021,0600,112,0.00, ,0.00, ,47, ,10.3, ,45.6, ,99, ,45.4, ,1.4, ,38, ,60.5, 
47,Brentwood,San Francisco Bay,4/22/2021,0700,112,0.00, ,0.00, ,348, ,12.7, ,51.4, ,98, ,50.8, ,2.3, ,80, ,59.9, 
47,Brentwood,San Francisco Bay,4/22/2021,0800,112,0.01, ,0.00, ,763, ,13.8, ,57.6, ,85, ,53.2, ,4.8, ,312, ,59.8, 
47,Brentwood,San Francisco Bay,4/22/2021,0900,112,0.01, ,0.00, ,1153, ,13.4, ,60.8, ,74, ,52.3, ,4.2, ,292, ,60.6, 
47,Brentwood,San Francisco Bay,4/22/2021,1000,112,0.02, ,0.00, ,1493, ,12.9, ,64.7, ,62, ,51.4, ,2.9, ,148, ,62.4, 
47,Brentwood,San Francisco Bay,4/22/2021,1100,112,0.02, ,0.00, ,1726, ,11.7, ,68.1, ,50, ,48.8, ,3.6, ,269, ,64.8, 
47,Brentwood,San Francisco Bay,4/22/2021,1200,112,0.03, ,0.00, ,1852, ,11.6, ,70.4, ,46, ,48.5, ,6.7, ,26, ,67.6, 
47,Brentwood,San Francisco Bay,4/22/2021,1300,112,0.03, ,0.00, ,1861, ,11.7, ,71.9, ,44, ,48.8, ,8.5, ,339, ,70.0,Y
47,Brentwood,San Francisco Bay,4/22/2021,1400,112,0.03, ,0.00, ,1759, ,11.7, ,74.2, ,40, ,48.6, ,6.5, ,313, ,71.9,Y
47,Brentwood,San Francisco Bay,4/22/2021,1500,112,0.02, ,0.00, ,1568, ,10.3, ,74.1, ,36, ,45.4, ,9.7, ,256, ,73.3,Y
47,Brentwood,San Francisco Bay,4/22/2021,1600,112,0.02, ,0.00, ,1266, ,9.8, ,72.5, ,36, ,43.9, ,12.8, ,245, ,73.2,Y
47,Brentwood,San Francisco Bay,4/22/2021,1700,112,0.01, ,0.00, ,877, ,9.0, ,69.9, ,36, ,41.9, ,10.8, ,234, ,72.5,Y
47,Brentwood,San Francisco Bay,4/22/2021,1800,112,0.01, ,0.00, ,442, ,9.1, ,62.8, ,46, ,42.0, ,11.9, ,257, ,71.8, 
47,Brentwood,San Francisco Bay,4/22/2021,1900,112,0.00, ,0.00, ,85, ,9.0, ,58.1, ,54, ,41.7, ,7.8, ,259, ,71.0, 
47,Brentwood,San Francisco Bay,4/22/2021,2000,112,0.00, ,0.00, ,0, ,8.9, ,54.9, ,61, ,41.5, ,5.9, ,264, ,69.8, 
47,Brentwood,San Francisco Bay,4/22/2021,2100,112,0.00, ,0.00, ,0, ,9.0, ,52.4, ,67, ,41.7, ,5.0, ,269, ,68.6, 
47,Brentwood,San Francisco Bay,4/22/2021,2200,112,0.00, ,0.00, ,0, ,9.3, ,51.2, ,72, ,42.7, ,3.2, ,272, ,67.2, 
47,Brentwood,San Francisco Bay,4/22/2021,2300,112,0.00, ,0.00, ,0, ,8.3, ,47.8, ,73, ,39.7, ,3.0, ,46, ,65.9, 
47,Brentwood,San Francisco Bay,4/22/2021,2400,112,0.00, ,0.00, ,0, ,9.1, ,46.8, ,84, ,42.2, ,2.6, ,21, ,64.8, 
47,Brentwood,San Francisco Bay,4/23/2021,0100,113,0.00, ,0.00, ,1, ,9.8, ,45.7, ,93, ,43.9, ,3.1, ,316, ,63.7, 
47,Brentwood,San Francisco Bay,4/23/2021,0200,113,0.00, ,0.00, ,2, ,9.8, ,44.5, ,98, ,43.9, ,1.8, ,336, ,62.7, 
47,Brentwood,San Francisco Bay,4/23/2021,0300,113,0.00, ,0.00, ,1, ,10.2, ,45.4, ,99, ,45.1, ,2.0, ,257, ,61.7, 
47,Brentwood,San Francisco Bay,4/23/2021,0400,113,0.00, ,0.00, ,0, ,10.0, ,44.7, ,99, ,44.5, ,2.2, ,291, ,60.8, 
47,Brentwood,San Francisco Bay,4/23/2021,0500,113,0.00, ,0.00, ,0, ,9.7, ,43.8, ,99, ,43.6, ,2.5, ,271, ,60.0, 
47,Brentwood,San Francisco Bay,4/23/2021,0600,113,0.00, ,0.00, ,48, ,9.3, ,42.9, ,99, ,42.7, ,1.2, ,274, ,59.3, 
47,Brentwood,San Francisco Bay,4/23/2021,0700,113,0.00, ,0.00, ,359, ,11.9, ,49.4, ,99, ,49.0, ,2.7, ,25, ,58.6, 
47,Brentwood,San Francisco Bay,4/23/2021,0800,113,0.01, ,0.00, ,770, ,13.1, ,54.9, ,89, ,51.7, ,3.9, ,42, ,58.5, 
47,Brentwood,San Francisco Bay,4/23/2021,0900,113,0.01, ,0.00, ,1169, ,11.5, ,58.8, ,68, ,48.1, ,2.9, ,51, ,59.3, 
47,Brentwood,San Francisco Bay,4/23/2021,1000,113,0.02, ,0.00, ,1502, ,10.5, ,62.3, ,55, ,45.8, ,3.0, ,74, ,61.1, 
47,Brentwood,San Francisco Bay,4/23/2021,1100,113,0.02, ,0.00, ,1737, ,10.4, ,65.3, ,49, ,45.5, ,3.7, ,60, ,63.7, 
47,Brentwood,San Francisco Bay,4/23/2021,1200,113,0.02, ,0.00, ,1859, ,10.4, ,68.5, ,44, ,45.5, ,3.9, ,19, ,66.7, 
47,Brentwood,San Francisco Bay,4/23/2021,1300,113,0.03, ,0.00, ,1863, ,10.3, ,72.2, ,38, ,45.4, ,5.1, ,292, ,69.4,Y
47,Brentwood,San Francisco Bay,4/23/2021,1400,113,0.03, ,0.00, ,1753, ,11.1, ,74.4, ,38, ,47.3, ,7.7, ,300, ,71.7,Y
47,Brentwood,San Francisco Bay,4/23/2021,1500,113,0.02, ,0.00, ,1540, ,11.6, ,75.0, ,39, ,48.5, ,6.3, ,7, ,73.3,Y
47,Brentwood,San Francisco Bay,4/23/2021,1600,113,0.02, ,0.00, ,1233, ,10.7, ,75.4, ,36, ,46.4, ,8.5, ,210, ,73.7,Y
47,Brentwood,San Francisco Bay,4/23/2021,1700,113,0.01, ,0.00, ,725, ,10.0, ,72.6, ,36, ,44.4, ,12.0, ,225, ,72.8,Y
47,Brentwood,San Francisco Bay,4/23/2021,1800,113,0.01, ,0.00, ,429, ,9.2, ,67.7, ,40, ,42.4, ,11.8, ,216, ,72.1, 
47,Brentwood,San Francisco Bay,4/23/2021,1900,113,0.00, ,0.00, ,72, ,8.2, ,63.3, ,42, ,39.5, ,10.4, ,214, ,71.2, 
47,Brentwood,San Francisco Bay,4/23/2021,2000,113,0.00, ,0.00, ,0, ,8.4, ,58.5, ,50, ,39.9, ,9.0, ,200, ,70.2, 
47,Brentwood,San Francisco Bay,4/23/2021,2100,113,0.00, ,0.00, ,0, ,8.2, ,57.1, ,51, ,39.3, ,6.5, ,200, ,69.1, 
47,Brentwood,San Francisco Bay,4/23/2021,2200,113,0.00, ,0.00, ,0, ,8.1, ,56.2, ,52, ,39.1, ,6.0, ,217, ,68.0, 
47,Brentwood,San Francisco Bay,4/23/2021,2300,113,0.00, ,0.00, ,0, ,7.8, ,56.5, ,50, ,38.3, ,8.4, ,221, ,67.1, 
47,Brentwood,San Francisco Bay,4/23/2021,2400,113,0.00, ,0.00, ,0, ,8.3, ,55.2, ,56, ,39.8, ,8.9, ,224, ,66.3, 
47,Brentwood,San Francisco Bay,4/24/2021,0100,114,0.00, ,0.00, ,0, ,9.0, ,53.3, ,65, ,41.7, ,6.3, ,201, ,65.6, 
47,Brentwood,San Francisco Bay,4/24/2021,0200,114,0.00, ,0.00, ,0, ,8.9, ,53.0, ,65, ,41.5, ,3.7, ,5, ,64.9, 
47,Brentwood,San Francisco Bay,4/24/2021,0300,114,0.00, ,0.00, ,0, ,8.7, ,53.6, ,62, ,40.8, ,4.0, ,287, ,64.3, 
47,Brentwood,San Francisco Bay,4/24/2021,0400,114,0.00, ,0.00, ,0, ,9.0, ,53.0, ,65, ,41.7, ,2.3, ,144, ,63.7, 
47,Brentwood,San Francisco Bay,4/24/2021,0500,114,0.00, ,0.00, ,0, ,8.8, ,52.1, ,66, ,41.2, ,5.4, ,270, ,63.2, 
47,Brentwood,San Francisco Bay,4/24/2021,0600,114,0.00, ,0.00, ,51, ,9.0, ,52.1, ,68, ,41.9, ,5.9, ,254, ,62.7, 
47,Brentwood,San Francisco Bay,4/24/2021,0700,114,0.00, ,0.00, ,223, ,9.0, ,53.4, ,65, ,41.9, ,7.9, ,264, ,62.3, 
47,Brentwood,San Francisco Bay,4/24/2021,0800,114,0.01, ,0.00, ,471, ,8.9, ,55.4, ,59, ,41.4, ,3.4, ,193, ,62.2, 
47,Brentwood,San Francisco Bay,4/24/2021,0900,114,0.01, ,0.00, ,714, ,8.5, ,57.8, ,52, ,40.5, ,3.2, ,306, ,62.3, 
47,Brentwood,San Francisco Bay,4/24/2021,1000,114,0.02, ,0.00, ,1241, ,8.8, ,60.7, ,49, ,41.2, ,4.0, ,212, ,63.1, 
47,Brentwood,San Francisco Bay,4/24/2021,1100,114,0.02, ,0.00, ,1753, ,8.3, ,64.2, ,41, ,39.8, ,4.7, ,209, ,64.6, 
47,Brentwood,San Francisco Bay,4/24/2021,1200,114,0.02, ,0.00, ,1315, ,8.2, ,66.7, ,37, ,39.4, ,4.9, ,300, ,66.8, 
47,Brentwood,San Francisco Bay,4/24/2021,1300,114,0.02, ,0.00, ,1190, ,8.4, ,68.6, ,35, ,39.9, ,7.4, ,357, ,68.8, 
47,Brentwood,San Francisco Bay,4/24/2021,1400,114,0.03, ,0.00, ,2020,Y,7.1, ,71.8, ,27, ,35.8, ,7.8, ,182, ,70.2, 
47,Brentwood,San Francisco Bay,4/24/2021,1500,114,0.02, ,0.00, ,1300, ,5.3, ,70.4, ,21, ,28.7, ,10.4, ,227, ,71.1, 
47,Brentwood,San Francisco Bay,4/24/2021,1600,114,0.02, ,0.00, ,824, ,6.6, ,67.7, ,28, ,33.7, ,11.7, ,240, ,71.3, 
47,Brentwood,San Francisco Bay,4/24/2021,1700,114,0.01, ,0.00, ,356, ,8.6, ,64.2, ,42, ,40.6, ,12.8, ,268, ,70.9, 
47,Brentwood,San Francisco Bay,4/24/2021,1800,114,0.01, ,0.00, ,148, ,9.1, ,61.5, ,49, ,42.1, ,9.6, ,258, ,70.5, 
47,Brentwood,San Francisco Bay,4/24/2021,1900,114,0.00, ,0.00, ,28, ,9.4, ,59.9, ,54, ,43.0, ,9.0, ,236, ,70.0, 
47,Brentwood,San Francisco Bay,4/24/2021,2000,114,0.00, ,0.00, ,0, ,9.9, ,58.2, ,60, ,44.3, ,5.9, ,277, ,69.5, 
47,Brentwood,San Francisco Bay,4/24/2021,2100,114,0.00, ,0.00, ,0, ,10.0, ,57.4, ,62, ,44.6, ,6.4, ,268, ,68.5, 
47,Brentwood,San Francisco Bay,4/24/2021,2200,114,0.00, ,0.00, ,0, ,10.3, ,56.2, ,67, ,45.3, ,8.2, ,265, ,67.4, 
47,Brentwood,San Francisco Bay,4/24/2021,2300,114,0.00, ,0.00, ,0, ,10.3, ,56.5, ,66, ,45.3, ,10.5, ,239, ,66.6, 
47,Brentwood,San Francisco Bay,4/24/2021,2400,114,0.00, ,0.00, ,0, ,10.3, ,56.0, ,67, ,45.3, ,5.3, ,238, ,65.8, 
47,Brentwood,San Francisco Bay,4/25/2021,0100,115,0.00, ,0.00, ,0, ,10.4, ,55.1, ,71, ,45.7, ,6.3, ,279, ,65.0, 
47,Brentwood,San Francisco Bay,4/25/2021,0200,115,0.00, ,0.00, ,0, ,10.4, ,54.5, ,71, ,45.5, ,6.6, ,259, ,64.5, 
47,Brentwood,San Francisco Bay,4/25/2021,0300,115,0.00, ,0.00, ,0, ,9.3, ,53.5, ,66, ,42.6, ,7.0, ,261, ,64.0, 
47,Brentwood,San Francisco Bay,4/25/2021,0400,115,0.00, ,0.00, ,0, ,8.6, ,53.1, ,62, ,40.5, ,4.2, ,269, ,63.4, 
47,Brentwood,San Francisco Bay,4/25/2021,0500,115,0.00, ,0.00, ,0, ,8.7, ,52.5, ,65, ,41.0, ,2.6, ,255, ,62.8, 
47,Brentwood,San Francisco Bay,4/25/2021,0600,115,0.00, ,0.00, ,17, ,8.9, ,52.3, ,66, ,41.5, ,3.9, ,190, ,62.3, 
47,Brentwood,San Francisco Bay,4/25/2021,0700,115,0.00, ,0.00, ,128, ,9.0, ,53.1, ,65, ,41.7, ,5.0, ,175, ,62.8, 
47,Brentwood,San Francisco Bay,4/25/2021,0800,115,0.00, ,0.00, ,279, ,9.4, ,54.6, ,64, ,42.9, ,5.8, ,169, ,62.3, 
47,Brentwood,San Francisco Bay,4/25/2021,0900,115,0.01, ,0.00, ,465, ,9.1, ,56.2, ,59, ,42.1, ,5.9, ,171, ,62.1, 
47,Brentwood,San Francisco Bay,4/25/2021,1000,115,0.01, ,0.00, ,623, ,8.5, ,57.8, ,52, ,40.5, ,3.8, ,207, ,62.4, 
47,Brentwood,San Francisco Bay,4/25/2021,1100,115,0.01, ,0.00, ,617, ,8.3, ,59.6, ,48, ,39.7, ,8.7, ,178, ,63.1, 
47,Brentwood,San Francisco Bay,4/25/2021,1200,115,0.01, ,0.00, ,660, ,8.5, ,61.4, ,46, ,40.3, ,12.0, ,175, ,63.6, 
47,Brentwood,San Francisco Bay,4/25/2021,1300,115,0.00, ,0.00, ,174, ,8.5, ,60.2, ,48, ,40.4, ,9.0, ,195, ,63.9, 
47,Brentwood,San Francisco Bay,4/25/2021,1400,115,0.01, ,0.00, ,519, ,9.0, ,60.6, ,50, ,41.7, ,9.7, ,213, ,63.8, 
47,Brentwood,San Francisco Bay,4/25/2021,1500,115,0.01, ,0.00, ,650, ,9.6, ,59.8, ,55, ,43.5, ,11.0, ,223, ,64.0, 
47,Brentwood,San Francisco Bay,4/25/2021,1600,115,0.01, ,0.00, ,563, ,9.8, ,59.5, ,56, ,44.0, ,11.8, ,216, ,64.4, 
47,Brentwood,San Francisco Bay,4/25/2021,1700,115,0.01, ,0.00, ,510, ,10.4, ,58.7, ,62, ,45.6, ,10.4, ,209, ,64.6, 
47,Brentwood,San Francisco Bay,4/25/2021,1800,115,0.01, ,0.00, ,372, ,9.9, ,58.2, ,60, ,44.4, ,10.9, ,218, ,64.7, 
47,Brentwood,San Francisco Bay,4/25/2021,1900,115,0.00, ,0.00, ,152, ,9.2, ,57.3, ,57, ,42.4, ,9.4, ,224, ,64.5, 
47,Brentwood,San Francisco Bay,4/25/2021,2000,115,0.00, ,0.00, ,1, ,8.8, ,53.8, ,62, ,41.1, ,4.7, ,197, ,63.9, 
47,Brentwood,San Francisco Bay,4/25/2021,2100,115,0.00, ,0.00, ,0, ,8.2, ,51.3, ,64, ,39.5, ,6.6, ,183, ,63.0, 
47,Brentwood,San Francisco Bay,4/25/2021,2200,115,0.00, ,0.00, ,0, ,8.2, ,49.0, ,69, ,39.5, ,4.4, ,189, ,62.0, 
47,Brentwood,San Francisco Bay,4/25/2021,2300,115,0.00, ,0.00, ,1, ,7.7, ,46.9, ,70, ,37.7, ,4.1, ,249, ,61.0, 
47,Brentwood,San Francisco Bay,4/25/2021,2400,115,0.00, ,0.00, ,1, ,7.5, ,47.1, ,68, ,37.1, ,3.5, ,225, ,60.0, 
47,Brentwood,San Francisco Bay,4/26/2021,0100,116,0.00, ,0.00, ,0, ,7.4, ,44.6, ,74, ,36.7, ,3.3, ,190, ,59.1, 
47,Brentwood,San Francisco Bay,4/26/2021,0200,116,0.00, ,0.00, ,1, ,7.8, ,46.9, ,71, ,38.0, ,6.5, ,214, ,58.4, 
47,Brentwood,San Francisco Bay,4/26/2021,0300,116,0.00, ,0.00, ,1, ,7.9, ,46.8, ,73, ,38.5, ,5.8, ,222, ,57.8, 
47,Brentwood,San Francisco Bay,4/26/2021,0400,116,0.00, ,0.00, ,1, ,8.1, ,46.3, ,76, ,39.0, ,6.0, ,206, ,57.3, 
47,Brentwood,San Francisco Bay,4/26/2021,0500,116,0.00, ,0.00, ,1, ,8.9, ,45.5, ,86, ,41.6, ,5.2, ,204, ,56.9, 
47,Brentwood,San Francisco Bay,4/26/2021,0600,116,0.00, ,0.00, ,74, ,9.7, ,44.6, ,97, ,43.8, ,4.2, ,211, ,56.4, 
47,Brentwood,San Francisco Bay,4/26/2021,0700,116,0.00, ,0.00, ,394, ,9.8, ,49.9, ,80, ,44.1, ,6.7, ,220, ,56.0, 
47,Brentwood,San Francisco Bay,4/26/2021,0800,116,0.01, ,0.00, ,817, ,8.3, ,53.7, ,59, ,39.8, ,9.0, ,264, ,56.3, 
47,Brentwood,San Francisco Bay,4/26/2021,0900,116,0.01, ,0.00, ,1220, ,8.0, ,56.1, ,52, ,38.8, ,8.4, ,278, ,57.6, 
47,Brentwood,San Francisco Bay,4/26/2021,1000,116,0.02, ,0.00, ,1607, ,8.2, ,59.1, ,48, ,39.3, ,9.2, ,291, ,60.1, 
47,Brentwood,San Francisco Bay,4/26/2021,1100,116,0.02, ,0.00, ,1706, ,7.7, ,60.3, ,43, ,37.9, ,7.8, ,274, ,63.3, 
47,Brentwood,San Francisco Bay,4/26/2021,1200,116,0.02, ,0.00, ,1741, ,7.3, ,62.2, ,38, ,36.4, ,6.9, ,269, ,66.5, 
47,Brentwood,San Francisco Bay,4/26/2021,1300,116,0.03, ,0.00, ,1958, ,6.9, ,65.1, ,33, ,35.0, ,7.8, ,295, ,69.5, 
47,Brentwood,San Francisco Bay,4/26/2021,1400,116,0.02, ,0.00, ,1291, ,6.7, ,65.1, ,31, ,34.2, ,8.0, ,287, ,71.9,Y
47,Brentwood,San Francisco Bay,4/26/2021,1500,116,0.01, ,0.00, ,819, ,6.4, ,64.8, ,31, ,33.2, ,9.5, ,277, ,72.1, 
47,Brentwood,San Francisco Bay,4/26/2021,1600,116,0.01, ,0.00, ,795, ,7.3, ,64.8, ,35, ,36.3, ,10.5, ,282, ,71.0, 
47,Brentwood,San Francisco Bay,4/26/2021,1700,116,0.01, ,0.00, ,711, ,7.8, ,63.8, ,39, ,38.2, ,10.8, ,264, ,69.9, 
47,Brentwood,San Francisco Bay,4/26/2021,1800,116,0.01, ,0.00, ,466, ,7.9, ,62.9, ,41, ,38.6, ,11.5, ,280, ,69.0, 
47,Brentwood,San Francisco Bay,4/26/2021,1900,116,0.00, ,0.00, ,80, ,7.7, ,58.7, ,46, ,37.9, ,11.8, ,277, ,67.8, 
47,Brentwood,San Francisco Bay,4/26/2021,2000,116,0.00, ,0.00, ,0, ,8.0, ,55.0, ,54, ,38.9, ,8.0, ,262, ,66.4, 
47,Brentwood,San Francisco Bay,4/26/2021,2100,116,0.00, ,0.00, ,0, ,7.9, ,53.2, ,57, ,38.6, ,4.2, ,221, ,65.0, 
47,Brentwood,San Francisco Bay,4/26/2021,2200,116,0.00, ,0.00, ,0, ,8.1, ,50.5, ,65, ,39.1, ,3.7, ,198, ,63.7, 
47,Brentwood,San Francisco Bay,4/26/2021,2300,116,0.00, ,0.00, ,0, ,7.6, ,49.6, ,63, ,37.4, ,4.8, ,201, ,62.5, 
47,Brentwood,San Francisco Bay,4/26/2021,2400,116,0.00, ,0.00, ,0, ,7.8, ,50.7, ,62, ,38.1, ,5.3, ,215, ,61.4, 
47,Brentwood,San Francisco Bay,4/27/2021,0100,117,0.00, ,0.00, ,0, ,8.1, ,50.3, ,66, ,39.2, ,4.9, ,215, ,60.5, 
47,Brentwood,San Francisco Bay,4/27/2021,0200,117,0.00, ,0.00, ,0, ,8.4, ,49.7, ,69, ,39.9, ,3.6, ,215, ,59.7, 
47,Brentwood,San Francisco Bay,4/27/2021,0300,117,0.00, ,0.00, ,2, ,8.1, ,47.6, ,72, ,39.1, ,3.7, ,245, ,59.0, 
47,Brentwood,San Francisco Bay,4/27/2021,0400,117,0.00, ,0.00, ,1, ,8.2, ,47.1, ,74, ,39.3, ,2.8, ,247, ,58.2, 
47,Brentwood,San Francisco Bay,4/27/2021,0500,117,0.00, ,0.00, ,1, ,9.8, ,45.5, ,95, ,44.1, ,1.9, ,177, ,57.4, 
47,Brentwood,San Francisco Bay,4/27/2021,0600,117,0.00, ,0.00, ,76, ,10.2, ,47.4, ,92, ,45.0, ,1.9, ,251, ,56.6, 
47,Brentwood,San Francisco Bay,4/27/2021,0700,117,0.00, ,0.00, ,401, ,10.9, ,52.9, ,80, ,46.8, ,3.2, ,265, ,56.0, 
47,Brentwood,San Francisco Bay,4/27/2021,0800,117,0.01, ,0.00, ,824, ,8.0, ,60.2, ,45, ,38.6, ,12.6, ,305, ,56.4, 
47,Brentwood,San Francisco Bay,4/27/2021,0900,117,0.02, ,0.00, ,1226, ,7.9, ,62.9, ,40, ,38.3, ,13.4, ,314, ,57.2, 
47,Brentwood,San Francisco Bay,4/27/2021,1000,117,0.02, ,0.00, ,1551, ,8.2, ,65.7, ,38, ,39.3, ,12.4, ,302, ,58.2, 
47,Brentwood,San Francisco Bay,4/27/2021,1100,117,0.03, ,0.00, ,1780, ,7.8, ,69.4, ,32, ,38.2, ,10.4, ,307, ,59.7, 
47,Brentwood,San Francisco Bay,4/27/2021,1200,117,0.03, ,0.00, ,1900, ,7.8, ,71.3, ,30, ,38.3, ,9.3, ,285, ,61.7, 
47,Brentwood,San Francisco Bay,4/27/2021,1300,117,0.03, ,0.00, ,1914, ,7.6, ,73.5, ,27, ,37.3, ,10.3, ,292, ,64.1, 
47,Brentwood,San Francisco Bay,4/27/2021,1400,117,0.03, ,0.00, ,1817, ,6.3, ,77.1, ,20, ,32.7, ,12.9, ,317, ,66.5, 
47,Brentwood,San Francisco Bay,4/27/2021,1500,117,0.03, ,0.00, ,1615, ,6.4, ,77.3, ,20, ,33.0, ,10.7, ,292, ,68.4, 
47,Brentwood,San Francisco Bay,4/27/2021,1600,117,0.02, ,0.00, ,1306, ,6.1, ,77.9, ,19, ,31.9, ,10.3, ,294, ,69.7, 
47,Brentwood,San Francisco Bay,4/27/2021,1700,117,0.02, ,0.00, ,907, ,6.2, ,78.1, ,19, ,32.2, ,10.8, ,302, ,70.1, 
47,Brentwood,San Francisco Bay,4/27/2021,1800,117,0.01, ,0.00, ,473, ,7.0, ,74.4, ,24, ,35.3, ,11.3, ,278, ,69.9, 
47,Brentwood,San Francisco Bay,4/27/2021,1900,117,0.01, ,0.00, ,114, ,7.2, ,69.9, ,29, ,36.1, ,9.6, ,262, ,69.5, 
47,Brentwood,San Francisco Bay,4/27/2021,2000,117,0.00, ,0.00, ,0, ,7.7, ,65.1, ,36, ,37.8, ,5.2, ,233, ,68.9, 
47,Brentwood,San Francisco Bay,4/27/2021,2100,117,0.00, ,0.00, ,0, ,7.7, ,61.8, ,41, ,37.7, ,3.4, ,211, ,68.1, 
47,Brentwood,San Francisco Bay,4/27/2021,2200,117,0.00, ,0.00, ,0, ,8.0, ,57.7, ,49, ,38.8, ,3.7, ,226, ,67.2, 
47,Brentwood,San Francisco Bay,4/27/2021,2300,117,0.00, ,0.00, ,0, ,8.0, ,57.1, ,51, ,38.9, ,2.6, ,240, ,66.2, 
47,Brentwood,San Francisco Bay,4/27/2021,2400,117,0.00, ,0.00, ,0, ,7.4, ,56.8, ,47, ,36.6, ,3.5, ,265, ,65.2, 
47,Brentwood,San Francisco Bay,4/28/2021,0100,118,0.00, ,0.00, ,0, ,8.1, ,55.9, ,53, ,38.9, ,3.0, ,222, ,64.2, 
47,Brentwood,San Francisco Bay,4/28/2021,0200,118,0.00, ,0.00, ,0, ,7.9, ,52.9, ,58, ,38.5, ,3.0, ,256, ,63.3, 
47,Brentwood,San Francisco Bay,4/28/2021,0300,118,0.00, ,0.00, ,0, ,8.3, ,51.6, ,63, ,39.6, ,2.1, ,254, ,62.4, 
47,Brentwood,San Francisco Bay,4/28/2021,0400,118,0.00, ,0.00, ,0, ,7.8, ,49.5, ,65, ,38.1, ,1.5, ,160, ,61.6, 
47,Brentwood,San Francisco Bay,4/28/2021,0500,118,0.00, ,0.00, ,1, ,8.4, ,48.0, ,73, ,39.9, ,1.5, ,255, ,60.9, 
47,Brentwood,San Francisco Bay,4/28/2021,0600,118,0.00, ,0.00, ,82, ,9.0, ,48.2, ,78, ,41.7, ,2.2, ,251, ,60.1, 
47,Brentwood,San Francisco Bay,4/28/2021,0700,118,0.00, ,0.00, ,413, ,9.5, ,56.5, ,61, ,43.3, ,1.8, ,310, ,59.4, 
47,Brentwood,San Francisco Bay,4/28/2021,0800,118,0.01, ,0.00, ,840, ,10.5, ,62.4, ,55, ,45.9, ,3.3, ,285, ,58.9, 
47,Brentwood,San Francisco Bay,4/28/2021,0900,118,0.02, ,0.00, ,1248, ,8.8, ,66.4, ,40, ,41.3, ,6.8, ,292, ,59.2, 
47,Brentwood,San Francisco Bay,4/28/2021,1000,118,0.02, ,0.00, ,1577, ,7.5, ,71.4, ,29, ,37.2, ,6.1, ,314, ,60.3, 
47,Brentwood,San Francisco Bay,4/28/2021,1100,118,0.03, ,0.00, ,1805, ,7.1, ,75.9, ,23, ,35.7, ,4.8, ,346, ,62.3, 
47,Brentwood,San Francisco Bay,4/28/2021,1200,118,0.03, ,0.00, ,1933, ,6.4, ,78.4, ,19, ,33.1, ,6.5, ,307, ,64.8, 
47,Brentwood,San Francisco Bay,4/28/2021,1300,118,0.03, ,0.00, ,1941, ,6.2, ,81.4, ,17, ,32.3, ,9.5, ,334, ,67.6, 
47,Brentwood,San Francisco Bay,4/28/2021,1400,118,0.03, ,0.00, ,1834, ,6.4, ,83.6, ,16, ,33.2, ,7.3, ,339, ,70.1, 
47,Brentwood,San Francisco Bay,4/28/2021,1500,118,0.03, ,0.00, ,1624, ,6.8, ,84.5, ,17, ,34.6, ,7.4, ,324, ,72.2, 
47,Brentwood,San Francisco Bay,4/28/2021,1600,118,0.02, ,0.00, ,1310, ,6.8, ,85.0, ,16, ,34.6, ,5.5, ,299, ,73.6, 
47,Brentwood,San Francisco Bay,4/28/2021,1700,118,0.02, ,0.00, ,918, ,6.9, ,84.8, ,17, ,35.1, ,6.1, ,285, ,74.0, 
47,Brentwood,San Francisco Bay,4/28/2021,1800,118,0.01, ,0.00, ,481, ,7.4, ,82.9, ,19, ,36.7, ,10.9, ,291, ,73.8, 
47,Brentwood,San Francisco Bay,4/28/2021,1900,118,0.01, ,0.00, ,116, ,7.3, ,77.3, ,23, ,36.5, ,10.6, ,272, ,73.3, 
47,Brentwood,San Francisco Bay,4/28/2021,2000,118,0.00, ,0.00, ,0, ,6.7, ,73.2, ,24, ,34.3, ,9.0, ,263, ,72.6, 
47,Brentwood,San Francisco Bay,4/28/2021,2100,118,0.00, ,0.00, ,0, ,6.2, ,71.5, ,24, ,32.4, ,8.7, ,261, ,71.7, 
47,Brentwood,San Francisco Bay,4/28/2021,2200,118,0.00, ,0.00, ,0, ,6.7, ,66.7, ,30, ,34.2, ,5.3, ,207, ,70.7, 
47,Brentwood,San Francisco Bay,4/28/2021,2300,118,0.00, ,0.00, ,0, ,6.7, ,65.6, ,31, ,34.4, ,4.3, ,216, ,69.6, 
47,Brentwood,San Francisco Bay,4/28/2021,2400,118,0.00, ,0.00, ,0, ,7.1, ,63.6, ,35, ,35.8, ,4.5, ,198, ,68.6, 
47,Brentwood,San Francisco Bay,4/29/2021,0100,119,0.00, ,0.00, ,0, ,7.2, ,61.1, ,39, ,36.1, ,3.8, ,183, ,67.6, 
47,Brentwood,San Francisco Bay,4/29/2021,0200,119,0.00, ,0.00, ,0, ,6.4, ,55.8, ,42, ,33.0, ,2.6, ,50, ,66.7, 
47,Brentwood,San Francisco Bay,4/29/2021,0300,119,0.00, ,0.00, ,0, ,7.7, ,53.2, ,55, ,37.7, ,3.2, ,75, ,65.9, 
47,Brentwood,San Francisco Bay,4/29/2021,0400,119,0.00, ,0.00, ,0, ,7.8, ,53.1, ,56, ,38.0, ,2.0, ,67, ,65.1, 
47,Brentwood,San Francisco Bay,4/29/2021,0500,119,0.00, ,0.00, ,1, ,8.5, ,52.6, ,63, ,40.5, ,2.7, ,214, ,64.3, 
47,Brentwood,San Francisco Bay,4/29/2021,0600,119,0.00, ,0.00, ,83, ,8.7, ,51.2, ,67, ,40.8, ,3.0, ,281, ,63.5, 
47,Brentwood,San Francisco Bay,4/29/2021,0700,119,0.00, ,0.00, ,399, ,10.1, ,59.8, ,57, ,44.7, ,4.0, ,313, ,62.8, 
47,Brentwood,San Francisco Bay,4/29/2021,0800,119,0.01, ,0.00, ,843, ,11.0, ,67.8, ,47, ,47.0, ,3.8, ,326, ,62.3, 
47,Brentwood,San Francisco Bay,4/29/2021,0900,119,0.02, ,0.00, ,1225, ,9.9, ,74.0, ,34, ,44.2, ,3.9, ,348, ,62.5, 
47,Brentwood,San Francisco Bay,4/29/2021,1000,119,0.02, ,0.00, ,1537, ,10.2, ,76.8, ,32, ,45.0, ,4.6, ,5, ,63.7, 
47,Brentwood,San Francisco Bay,4/29/2021,1100,119,0.03, ,0.00, ,1770, ,8.9, ,79.1, ,26, ,41.5, ,4.0, ,74, ,65.6, 
47,Brentwood,San Francisco Bay,4/29/2021,1200,119,0.03, ,0.00, ,1881, ,9.2, ,82.4, ,24, ,42.3, ,3.9, ,64, ,68.2, 
47,Brentwood,San Francisco Bay,4/29/2021,1300,119,0.03, ,0.00, ,1885, ,9.1, ,85.9, ,21, ,42.0, ,5.2, ,336, ,70.9, 
47,Brentwood,San Francisco Bay,4/29/2021,1400,119,0.03, ,0.00, ,1784, ,9.3, ,88.1, ,21, ,42.7, ,6.3, ,317, ,73.6,Y
47,Brentwood,San Francisco Bay,4/29/2021,1500,119,0.03, ,0.00, ,1594, ,8.7, ,89.2, ,18, ,40.8, ,8.9, ,315, ,75.8,Y
47,Brentwood,San Francisco Bay,4/29/2021,1600,119,0.03, ,0.00, ,1258, ,8.4, ,88.9, ,18, ,40.2, ,10.7, ,308, ,77.1,Y
47,Brentwood,San Francisco Bay,4/29/2021,1700,119,0.02, ,0.00, ,841, ,9.9, ,87.0, ,23, ,44.3, ,11.4, ,314, ,77.2,Y
47,Brentwood,San Francisco Bay,4/29/2021,1800,119,0.01, ,0.00, ,452, ,11.2, ,83.4, ,29, ,47.6, ,10.3, ,312, ,76.8,Y
47,Brentwood,San Francisco Bay,4/29/2021,1900,119,0.00, ,0.00, ,85, ,10.7, ,78.4, ,32, ,46.3, ,6.9, ,319, ,76.2,Y
47,Brentwood,San Francisco Bay,4/29/2021,2000,119,0.00, ,0.00, ,0, ,9.7, ,72.7, ,35, ,43.7, ,5.0, ,288, ,75.4,Y
47,Brentwood,San Francisco Bay,4/29/2021,2100,119,0.00, ,0.00, ,0, ,9.0, ,69.0, ,37, ,41.8, ,3.2, ,184, ,74.3,Y
47,Brentwood,San Francisco Bay,4/29/2021,2200,119,0.00, ,0.00, ,0, ,9.8, ,65.2, ,46, ,44.0, ,4.8, ,175, ,73.1,Y
47,Brentwood,San Francisco Bay,4/29/2021,2300,119,0.00, ,0.00, ,0, ,9.1, ,63.7, ,45, ,42.0, ,5.2, ,185, ,72.0, 
47,Brentwood,San Francisco Bay,4/29/2021,2400,119,0.00, ,0.00, ,0, ,8.2, ,61.9, ,43, ,39.4, ,4.3, ,199, ,70.8, 
47,Brentwood,San Francisco Bay,4/30/2021,0100,120,0.00, ,0.00, ,0, ,9.2, ,57.1, ,58, ,42.4, ,2.2, ,335, ,69.7, 
47,Brentwood,San Francisco Bay,4/30/2021,0200,120,0.00, ,0.00, ,0, ,9.9, ,55.2, ,67, ,44.3, ,2.5, ,326, ,68.7, 
47,Brentwood,San Francisco Bay,4/30/2021,0300,120,0.00, ,0.00, ,0, ,10.5, ,54.0, ,74, ,45.8, ,2.1, ,332, ,67.7, 
47,Brentwood,San Francisco Bay,4/30/2021,0400,120,0.00, ,0.00, ,0, ,12.6, ,52.7, ,93, ,50.8, ,2.5, ,170, ,66.7, 
47,Brentwood,San Francisco Bay,4/30/2021,0500,120,0.00, ,0.00, ,0, ,11.6, ,50.5, ,93, ,48.6, ,1.7, ,344, ,65.8, 
47,Brentwood,San Francisco Bay,4/30/2021,0600,120,0.00, ,0.00, ,62, ,12.5, ,50.8, ,99, ,50.4, ,2.1, ,235, ,65.0, 
47,Brentwood,San Francisco Bay,4/30/2021,0700,120,0.00, ,0.00, ,462, ,13.6, ,57.6, ,84, ,52.7, ,2.2, ,145, ,64.2, 
47,Brentwood,San Francisco Bay,4/30/2021,0800,120,0.01, ,0.00, ,832, ,11.7, ,64.5, ,56, ,48.6, ,3.9, ,38, ,63.6, 
47,Brentwood,San Francisco Bay,4/30/2021,0900,120,0.02, ,0.00, ,1277, ,11.0, ,69.6, ,45, ,47.1, ,4.3, ,33, ,63.7, 
47,Brentwood,San Francisco Bay,4/30/2021,1000,120,0.02, ,0.00, ,1612, ,10.3, ,73.8, ,36, ,45.2, ,3.1, ,50, ,64.7, 
47,Brentwood,San Francisco Bay,4/30/2021,1100,120,0.03, ,0.00, ,1811, ,10.8, ,78.8, ,32, ,46.7, ,4.6, ,352, ,66.5, 
47,Brentwood,San Francisco Bay,4/30/2021,1200,120,0.03, ,0.00, ,1925, ,11.0, ,81.6, ,30, ,47.1, ,4.9, ,336, ,69.0, 
47,Brentwood,San Francisco Bay,4/30/2021,1300,120,0.03, ,0.00, ,1842, ,9.7, ,84.1, ,24, ,43.9, ,5.5, ,306, ,71.8,Y
47,Brentwood,San Francisco Bay,4/30/2021,1400,120,0.03, ,0.00, ,1708, ,9.5, ,86.1, ,22, ,43.3, ,6.6, ,320, ,74.4,Y
47,Brentwood,San Francisco Bay,4/30/2021,1500,120,0.03, ,0.00, ,1375, ,9.9, ,86.5, ,23, ,44.2, ,9.9, ,327, ,76.5,Y
47,Brentwood,San Francisco Bay,4/30/2021,1600,120,0.02, ,0.00, ,1160, ,9.2, ,86.4, ,21, ,42.4, ,9.7, ,303, ,77.5,Y
47,Brentwood,San Francisco Bay,4/30/2021,1700,120,0.01, ,0.00, ,641, ,9.6, ,81.8, ,26, ,43.5, ,10.1, ,302, ,77.6,Y
47,Brentwood,San Francisco Bay,4/30/2021,1800,120,0.01, ,0.00, ,296, ,6.9, ,77.8, ,21, ,34.9, ,8.4, ,270, ,77.3,Y
47,Brentwood,San Francisco Bay,4/30/2021,1900,120,0.01, ,0.00, ,68, ,6.0, ,72.6, ,22, ,31.5, ,8.5, ,262, ,76.7,Y
47,Brentwood,San Francisco Bay,4/30/2021,2000,120,0.00, ,0.00, ,0, ,5.9, ,67.6, ,26, ,31.3, ,4.5, ,160, ,75.8,Y
47,Brentwood,San Francisco Bay,4/30/2021,2100,120,0.00, ,0.00, ,0, ,7.5, ,63.2, ,38, ,37.2, ,6.1, ,185, ,74.6,Y
47,Brentwood,San Francisco Bay,4/30/2021,2200,120,0.00, ,0.00, ,0, ,9.3, ,59.1, ,54, ,42.5, ,8.1, ,203, ,73.3,Y
47,Brentwood,San Francisco Bay,4/30/2021,2300,120,0.00, ,0.00, ,0, ,9.6, ,57.8, ,59, ,43.4, ,3.1, ,172, ,72.1, 
47,Brentwood,San Francisco Bay,4/30/2021,2400,120,0.00, ,0.00, ,0, ,9.9, ,56.5, ,64, ,44.4, ,3.6, ,169, ,71.0, 
47,Brentwood,San Francisco Bay,5/1/2021,0100,121,0.00, ,0.00, ,0, ,9.8, ,56.8, ,62, ,44.0, ,5.2, ,256, ,69.9, 
47,Brentwood,San Francisco Bay,5/1/2021,0200,121,0.00, ,0.00, ,0, ,10.3, ,55.7, ,68, ,45.2, ,7.6, ,179, ,68.9, 
47,Brentwood,San Francisco Bay,5/1/2021,0300,121,0.00, ,0.00, ,0, ,10.6, ,54.6, ,73, ,46.1, ,4.7, ,161, ,68.0, 
47,Brentwood,San Francisco Bay,5/1/2021,0400,121,0.00, ,0.00, ,0, ,10.6, ,52.6, ,78, ,46.0, ,4.2, ,185, ,67.3, 
47,Brentwood,San Francisco Bay,5/1/2021,0500,121,0.00, ,0.00, ,0, ,9.5, ,54.0, ,67, ,43.3, ,4.3, ,242, ,66.5, 
47,Brentwood,San Francisco Bay,5/1/2021,0600,121,0.00, ,0.00, ,90, ,9.5, ,52.3, ,71, ,43.1, ,2.4, ,70, ,65.8, 
47,Brentwood,San Francisco Bay,5/1/2021,0700,121,0.00, ,0.00, ,406, ,10.8, ,57.1, ,68, ,46.7, ,3.4, ,63, ,65.0, 
47,Brentwood,San Francisco Bay,5/1/2021,0800,121,0.01, ,0.00, ,820, ,10.8, ,63.5, ,54, ,46.7, ,3.9, ,70, ,64.5, 
47,Brentwood,San Francisco Bay,5/1/2021,0900,121,0.02, ,0.00, ,1215, ,11.4, ,69.0, ,47, ,48.1, ,3.3, ,97, ,64.6, 
47,Brentwood,San Francisco Bay,5/1/2021,1000,121,0.02, ,0.00, ,1544, ,11.9, ,75.5, ,39, ,49.1, ,6.2, ,285, ,65.5, 
47,Brentwood,San Francisco Bay,5/1/2021,1100,121,0.03, ,0.00, ,1780, ,11.0, ,78.5, ,33, ,47.0, ,10.9, ,258, ,67.2, 
47,Brentwood,San Francisco Bay,5/1/2021,1200,121,0.03, ,0.00, ,1906, ,10.3, ,78.4, ,31, ,45.3, ,11.8, ,242, ,69.4, 
47,Brentwood,San Francisco Bay,5/1/2021,1300,121,0.03, ,0.00, ,1947, ,9.0, ,79.2, ,27, ,41.9, ,12.4, ,237, ,71.5, 
47,Brentwood,San Francisco Bay,5/1/2021,1400,121,0.03, ,0.00, ,1840, ,10.7, ,78.0, ,33, ,46.2, ,11.7, ,223, ,73.4,Y
47,Brentwood,San Francisco Bay,5/1/2021,1500,121,0.03, ,0.00, ,1632, ,10.4, ,76.4, ,34, ,45.6, ,14.1, ,207, ,74.9,Y
47,Brentwood,San Francisco Bay,5/1/2021,1600,121,0.02, ,0.00, ,1345, ,10.0, ,74.2, ,35, ,44.5, ,13.2, ,217, ,75.6,Y
47,Brentwood,San Francisco Bay,5/1/2021,1700,121,0.02, ,0.00, ,930, ,10.2, ,70.4, ,40, ,45.0, ,15.3, ,222, ,75.5,Y
47,Brentwood,San Francisco Bay,5/1/2021,1800,121,0.01, ,0.00, ,490, ,10.7, ,65.8, ,49, ,46.4, ,11.4, ,206, ,75.1,Y
47,Brentwood,San Francisco Bay,5/1/2021,1900,121,0.00, ,0.00, ,114, ,10.6, ,61.9, ,56, ,46.1, ,8.5, ,206, ,74.4,Y
47,Brentwood,San Francisco Bay,5/1/2021,2000,121,0.00, ,0.00, ,1, ,10.6, ,58.8, ,63, ,46.2, ,6.5, ,183, ,73.6, 
47,Brentwood,San Francisco Bay,5/1/2021,2100,121,0.00, ,0.00, ,0, ,10.7, ,57.5, ,66, ,46.4, ,8.6, ,180, ,72.5, 
47,Brentwood,San Francisco Bay,5/1/2021,2200,121,0.00, ,0.00, ,0, ,10.6, ,57.1, ,67, ,46.1, ,7.5, ,193, ,71.5, 
47,Brentwood,San Francisco Bay,5/1/2021,2300,121,0.00, ,0.00, ,0, ,10.0, ,58.6, ,59, ,44.6, ,6.3, ,219, ,70.4, 
47,Brentwood,San Francisco Bay,5/1/2021,2400,121,0.00, ,0.00, ,0, ,9.8, ,58.4, ,58, ,43.9, ,7.4, ,215, ,69.4, 
47,Brentwood,San Francisco Bay,5/2/2021,0100,122,0.00, ,0.00, ,0, ,9.4, ,58.7, ,56, ,42.9, ,8.6, ,228, ,68.5, 
47,Brentwood,San Francisco Bay,5/2/2021,0200,122,0.00, ,0.00, ,0, ,9.5, ,57.3, ,59, ,43.2, ,5.4, ,202, ,67.7, 
47,Brentwood,San Francisco Bay,5/2/2021,0300,122,0.00, ,0.00, ,0, ,9.5, ,54.5, ,66, ,43.3, ,3.4, ,258, ,67.0, 
47,Brentwood,San Francisco Bay,5/2/2021,0400,122,0.00, ,0.00, ,0, ,9.4, ,55.1, ,64, ,43.0, ,3.0, ,228, ,66.2, 
47,Brentwood,San Francisco Bay,5/2/2021,0500,122,0.00, ,0.00, ,0, ,9.4, ,55.7, ,62, ,42.8, ,2.3, ,194, ,65.5, 
47,Brentwood,San Francisco Bay,5/2/2021,0600,122,0.00, ,0.00, ,91, ,8.8, ,60.0, ,50, ,41.3, ,4.7, ,280, ,64.9, 
47,Brentwood,San Francisco Bay,5/2/2021,0700,122,0.01, ,0.00, ,430, ,9.2, ,64.5, ,44, ,42.3, ,6.9, ,278, ,64.2, 
47,Brentwood,San Francisco Bay,5/2/2021,0800,122,0.01, ,0.00, ,853, ,8.7, ,69.0, ,36, ,41.0, ,10.4, ,281, ,63.9, 
47,Brentwood,San Francisco Bay,5/2/2021,0900,122,0.02, ,0.00, ,1249, ,8.4, ,71.6, ,32, ,40.0, ,11.6, ,289, ,64.1, 
47,Brentwood,San Francisco Bay,5/2/2021,1000,122,0.03, ,0.00, ,1565, ,8.4, ,73.6, ,30, ,40.0, ,14.7, ,293, ,65.0, 
47,Brentwood,San Francisco Bay,5/2/2021,1100,122,0.03, ,0.00, ,1788, ,8.4, ,76.4, ,27, ,39.9, ,14.0, ,297, ,66.3, 
47,Brentwood,San Francisco Bay,5/2/2021,1200,122,0.03, ,0.00, ,1900, ,8.3, ,79.7, ,24, ,39.7, ,12.7, ,301, ,67.9, 
47,Brentwood,San Francisco Bay,5/2/2021,1300,122,0.03, ,0.00, ,1918, ,7.8, ,81.5, ,21, ,38.2, ,13.2, ,301, ,69.9, 
47,Brentwood,San Francisco Bay,5/2/2021,1400,122,0.03, ,0.00, ,1815, ,7.4, ,82.7, ,19, ,36.9, ,12.8, ,297, ,71.9, 
47,Brentwood,San Francisco Bay,5/2/2021,1500,122,0.03, ,0.00, ,1623, ,7.3, ,83.2, ,19, ,36.3, ,12.8, ,286, ,73.6, 
47,Brentwood,San Francisco Bay,5/2/2021,1600,122,0.03, ,0.00, ,1317, ,7.8, ,83.1, ,20, ,38.0, ,12.5, ,283, ,74.7, 
47,Brentwood,San Francisco Bay,5/2/2021,1700,122,0.02, ,0.00, ,929, ,7.7, ,82.2, ,20, ,37.7, ,12.3, ,282, ,75.0, 
47,Brentwood,San Francisco Bay,5/2/2021,1800,122,0.01, ,0.00, ,490, ,8.2, ,79.7, ,24, ,39.3, ,11.6, ,270, ,74.8, 
47,Brentwood,San Francisco Bay,5/2/2021,1900,122,0.01, ,0.00, ,120, ,8.6, ,76.1, ,28, ,40.7, ,10.9, ,266, ,74.4, 
47,Brentwood,San Francisco Bay,5/2/2021,2000,122,0.00, ,0.00, ,0, ,10.0, ,71.6, ,38, ,44.6, ,9.3, ,272, ,73.8, 
47,Brentwood,San Francisco Bay,5/2/2021,2100,122,0.00, ,0.00, ,0, ,9.9, ,69.7, ,40, ,44.3, ,6.3, ,267, ,73.0, 
47,Brentwood,San Francisco Bay,5/2/2021,2200,122,0.00, ,0.00, ,0, ,9.7, ,66.5, ,44, ,43.8, ,4.2, ,212, ,72.0, 
47,Brentwood,San Francisco Bay,5/2/2021,2300,122,0.00, ,0.00, ,0, ,9.4, ,65.7, ,43, ,42.8, ,4.3, ,222, ,71.0, 
47,Brentwood,San Francisco Bay,5/2/2021,2400,122,0.00, ,0.00, ,0, ,9.0, ,65.2, ,42, ,41.7, ,3.7, ,289, ,70.0, 
47,Brentwood,San Francisco Bay,5/3/2021,0100,123,0.00,Y,0.00, ,0, ,8.4, ,68.8,Y,35,Y,40.0,Y,10.3, ,291, ,69.1, 
47,Brentwood,San Francisco Bay,5/3/2021,0200,123,0.00,Y,0.00, ,0, ,8.3, ,67.8,Y,36,Y,39.8,Y,10.2, ,291, ,68.3, 
47,Brentwood,San Francisco Bay,5/3/2021,0300,123,0.00,Y,0.00, ,0, ,8.2, ,67.0,Y,36,Y,39.5,Y,10.7, ,297, ,67.7, 
47,Brentwood,San Francisco Bay,5/3/2021,0400,123,0.00,Y,0.00, ,0, ,8.5, ,65.9,Y,39,Y,40.2,Y,10.6, ,290, ,67.1, 
47,Brentwood,San Francisco Bay,5/3/2021,0500,123,0.00,Y,0.00, ,0, ,8.3, ,64.8,Y,40,Y,39.8,Y,10.4, ,295, ,66.7, 
47,Brentwood,San Francisco Bay,5/3/2021,0600,123,0.00,Y,0.00, ,96, ,8.4, ,64.1,Y,41,Y,39.9,Y,11.0, ,301, ,66.3, 
47,Brentwood,San Francisco Bay,5/3/2021,0700,123,0.01,Y,0.00, ,431, ,7.5, ,68.4,Y,31,Y,37.0,Y,14.4, ,308, ,65.9, 
47,Brentwood,San Francisco Bay,5/3/2021,0800,123,0.02, ,0.00, ,855, ,7.7, ,72.3, ,28, ,37.8, ,15.5, ,313, ,65.6, 
47,Brentwood,San Francisco Bay,5/3/2021,0900,123,0.03, ,0.00, ,1251, ,7.1, ,75.3, ,24, ,35.9, ,18.5, ,319, ,65.7, 
47,Brentwood,San Francisco Bay,5/3/2021,1000,123,0.03, ,0.00, ,1575, ,6.8, ,78.9, ,20, ,34.5, ,17.0, ,319, ,66.2, 
47,Brentwood,San Francisco Bay,5/3/2021,1100,123,0.03, ,0.00, ,1805, ,5.8, ,82.5, ,15, ,30.8, ,15.7, ,313, ,67.2, 
47,Brentwood,San Francisco Bay,5/3/2021,1200,123,0.04, ,0.00, ,1927, ,5.0, ,84.8, ,12, ,26.9, ,16.0, ,317, ,68.7, 
47,Brentwood,San Francisco Bay,5/3/2021,1300,123,0.04, ,0.00, ,1943, ,3.8, ,86.5, ,9, ,20.3, ,16.3, ,311, ,70.5, 
47,Brentwood,San Francisco Bay,5/3/2021,1400,123,0.04, ,0.00, ,1844, ,3.4, ,88.4, ,7, ,17.8, ,15.3, ,312, ,72.2, 
47,Brentwood,San Francisco Bay,5/3/2021,1500,123,0.03, ,0.00, ,1634, ,2.8, ,89.8, ,6, ,13.5, ,16.1, ,318, ,73.6, 
47,Brentwood,San Francisco Bay,5/3/2021,1600,123,0.03, ,0.00, ,1317, ,4.1, ,89.9, ,9, ,22.5, ,15.2, ,326, ,74.6, 
47,Brentwood,San Francisco Bay,5/3/2021,1700,123,0.02, ,0.00, ,920, ,5.8, ,89.5, ,12, ,30.5, ,12.7, ,311, ,74.9, 
47,Brentwood,San Francisco Bay,5/3/2021,1800,123,0.01, ,0.00, ,488, ,7.5, ,86.2, ,18, ,37.1, ,11.4, ,278, ,74.9, 
47,Brentwood,San Francisco Bay,5/3/2021,1900,123,0.01, ,0.00, ,123, ,7.8, ,82.6, ,21, ,38.3, ,7.8, ,284, ,74.7, 
47,Brentwood,San Francisco Bay,5/3/2021,2000,123,0.00, ,0.00, ,1, ,8.6, ,75.1, ,29, ,40.7, ,4.2, ,284, ,74.2, 
47,Brentwood,San Francisco Bay,5/3/2021,2100,123,0.00, ,0.00, ,0, ,8.2, ,71.4, ,31, ,39.5, ,2.0, ,247, ,73.5, 
47,Brentwood,San Francisco Bay,5/3/2021,2200,123,0.00, ,0.00, ,0, ,8.7, ,66.9, ,39, ,40.9, ,3.0, ,219, ,72.6, 
47,Brentwood,San Francisco Bay,5/3/2021,2300,123,0.00, ,0.00, ,0, ,8.2, ,66.0, ,38, ,39.4, ,3.2, ,227, ,71.6, 
47,Brentwood,San Francisco Bay,5/3/2021,2400,123,0.00, ,0.00, ,0, ,8.4, ,64.2, ,41, ,40.1, ,2.7, ,242, ,70.6, 
47,Brentwood,San Francisco Bay,5/4/2021,0100,124,0.00, ,0.00, ,0, ,8.8, ,67.2, ,39, ,41.2, ,4.0, ,214, ,69.6, 
47,Brentwood,San Francisco Bay,5/4/2021,0200,124,0.00,Y,0.00, ,0, ,8.4, ,66.2,Y,38,Y,40.1,Y,4.3, ,266, ,68.7, 
47,Brentwood,San Francisco Bay,5/4/2021,0300,124,0.00,Y,0.00, ,0, ,8.9, ,65.2,Y,42,Y,41.5,Y,4.3, ,300, ,67.9, 
47,Brentwood,San Francisco Bay,5/4/2021,0400,124,0.00, ,0.00, ,0, ,9.5, ,62.2, ,50, ,43.3, ,3.7, ,271, ,67.3, 
47,Brentwood,San Francisco Bay,5/4/2021,0500,124,0.00, ,0.00, ,0, ,10.1, ,60.8, ,55, ,44.8, ,3.9, ,292, ,66.7, 
47,Brentwood,San Francisco Bay,5/4/2021,0600,124,0.00, ,0.00, ,100, ,10.7, ,62.6, ,55, ,46.4, ,4.7, ,285, ,66.1, 
47,Brentwood,San Francisco Bay,5/4/2021,0700,124,0.01,Y,0.00, ,430, ,11.2, ,68.5,Y,47,Y,47.4,Y,4.6, ,281, ,65.6, 
47,Brentwood,San Francisco Bay,5/4/2021,0800,124,0.01,Y,0.00, ,843, ,10.3, ,73.9,Y,36,Y,45.4,Y,7.1, ,299, ,65.3, 
47,Brentwood,San Francisco Bay,5/4/2021,0900,124,0.02, ,0.00, ,1227, ,10.2, ,76.2, ,33, ,44.9, ,9.2, ,299, ,65.6, 
47,Brentwood,San Francisco Bay,5/4/2021,1000,124,0.02, ,0.00, ,1536, ,10.5, ,78.5, ,32, ,45.8, ,7.3, ,293, ,66.6, 
47,Brentwood,San Francisco Bay,5/4/2021,1100,124,0.03, ,0.00, ,1753, ,10.5, ,82.1, ,28, ,45.9, ,7.6, ,313, ,68.3, 
47,Brentwood,San Francisco Bay,5/4/2021,1200,124,0.03, ,0.00, ,1869, ,10.4, ,84.7, ,26, ,45.6, ,7.2, ,332, ,70.6, 
47,Brentwood,San Francisco Bay,5/4/2021,1300,124,0.03, ,0.00, ,1881, ,10.1, ,87.3, ,23, ,44.9, ,6.4, ,336, ,73.0,Y
47,Brentwood,San Francisco Bay,5/4/2021,1400,124,0.03, ,0.00, ,1786, ,9.4, ,89.1, ,20, ,43.0, ,7.6, ,329, ,75.5,Y
47,Brentwood,San Francisco Bay,5/4/2021,1500,124,0.03, ,0.00, ,1585, ,9.3, ,90.3, ,19, ,42.7, ,7.2, ,338, ,77.5,Y
47,Brentwood,San Francisco Bay,5/4/2021,1600,124,0.03, ,0.00, ,1290, ,8.3, ,90.4, ,17, ,39.7, ,9.7, ,310, ,78.8,Y
47,Brentwood,San Francisco Bay,5/4/2021,1700,124,0.02, ,0.00, ,912, ,8.1, ,89.3, ,17, ,39.1, ,10.9, ,307, ,79.0,Y
47,Brentwood,San Francisco Bay,5/4/2021,1800,124,0.01, ,0.00, ,494, ,9.3, ,87.2, ,21, ,42.5, ,10.6, ,315, ,78.6,Y
47,Brentwood,San Francisco Bay,5/4/2021,1900,124,0.01, ,0.00, ,130, ,10.0, ,82.5, ,26, ,44.5, ,7.9, ,313, ,78.1,Y
47,Brentwood,San Francisco Bay,5/4/2021,2000,124,0.00, ,0.00, ,1, ,9.7, ,75.3, ,33, ,43.9, ,4.0, ,307, ,77.3,Y
47,Brentwood,San Francisco Bay,5/4/2021,2100,124,0.00, ,0.00, ,0, ,9.7, ,70.1, ,39, ,43.8, ,2.9, ,2, ,76.4,Y
47,Brentwood,San Francisco Bay,5/4/2021,2200,124,0.00, ,0.00, ,0, ,10.8, ,65.8, ,50, ,46.7, ,3.1, ,250, ,75.3,Y
47,Brentwood,San Francisco Bay,5/4/2021,2300,124,0.00, ,0.00, ,0, ,9.6, ,65.3, ,45, ,43.5, ,3.5, ,215, ,74.1,Y
47,Brentwood,San Francisco Bay,5/4/2021,2400,124,0.00, ,0.00, ,0, ,8.7, ,63.0, ,44, ,40.9, ,3.5, ,232, ,73.0,Y
47,Brentwood,San Francisco Bay,5/5/2021,0100,125,0.00, ,0.00, ,0, ,9.8, ,59.9, ,55, ,43.9, ,3.1, ,282, ,71.9, 
47,Brentwood,San Francisco Bay,5/5/2021,0200,125,0.00, ,0.00, ,0, ,11.3, ,57.7, ,69, ,47.8, ,3.3, ,351, ,70.9, 
47,Brentwood,San Francisco Bay,5/5/2021,0300,125,0.00, ,0.00, ,0, ,11.2, ,55.0, ,76, ,47.5, ,2.1, ,56, ,70.0, 
47,Brentwood,San Francisco Bay,5/5/2021,0400,125,0.00, ,0.00, ,0, ,12.1, ,54.9, ,82, ,49.5, ,3.2, ,180, ,69.1, 
47,Brentwood,San Francisco Bay,5/5/2021,0500,125,0.00, ,0.00, ,1, ,12.5, ,55.0, ,85, ,50.5, ,2.4, ,220, ,68.3, 
47,Brentwood,San Francisco Bay,5/5/2021,0600,125,0.00, ,0.00, ,102, ,13.5, ,54.9, ,92, ,52.5, ,2.4, ,294, ,67.5, 
47,Brentwood,San Francisco Bay,5/5/2021,0700,125,0.00, ,0.00, ,437, ,16.1, ,63.4, ,81, ,57.5, ,4.2, ,303, ,66.8, 
47,Brentwood,San Francisco Bay,5/5/2021,0800,125,0.01, ,0.00, ,850, ,16.3, ,70.1, ,65, ,57.7, ,3.0, ,311, ,66.3, 
47,Brentwood,San Francisco Bay,5/5/2021,0900,125,0.02, ,0.00, ,1238, ,13.0, ,76.0, ,42, ,51.5, ,3.9, ,298, ,66.6, 
47,Brentwood,San Francisco Bay,5/5/2021,1000,125,0.02, ,0.00, ,1548, ,11.8, ,80.3, ,33, ,48.8, ,5.3, ,326, ,67.7, 
47,Brentwood,San Francisco Bay,5/5/2021,1100,125,0.03, ,0.00, ,1766, ,12.1, ,82.7, ,32, ,49.6, ,5.0, ,310, ,69.7, 
47,Brentwood,San Francisco Bay,5/5/2021,1200,125,0.03, ,0.00, ,1875, ,11.7, ,87.3, ,26, ,48.6, ,4.8, ,20, ,72.2,Y
47,Brentwood,San Francisco Bay,5/5/2021,1300,125,0.03, ,0.00, ,1881, ,10.9, ,89.7, ,23, ,46.8, ,4.2, ,3, ,74.9,Y
47,Brentwood,San Francisco Bay,5/5/2021,1400,125,0.03, ,0.00, ,1778, ,11.0, ,91.7, ,22, ,47.1, ,5.1, ,347, ,77.4,Y
47,Brentwood,San Francisco Bay,5/5/2021,1500,125,0.03, ,0.00, ,1572, ,11.2, ,93.2, ,21, ,47.5, ,5.4, ,359, ,79.5,R
47,Brentwood,San Francisco Bay,5/5/2021,1600,125,0.02, ,0.00, ,1271, ,11.1, ,92.9, ,21, ,47.2, ,6.6, ,314, ,80.9,R
47,Brentwood,San Francisco Bay,5/5/2021,1700,125,0.02, ,0.00, ,897, ,10.9, ,91.8, ,21, ,46.7, ,8.1, ,315, ,81.2,R
47,Brentwood,San Francisco Bay,5/5/2021,1800,125,0.01, ,0.00, ,483, ,9.3, ,88.7, ,20, ,42.5, ,7.4, ,220, ,80.9,R
47,Brentwood,San Francisco Bay,5/5/2021,1900,125,0.01, ,0.00, ,133, ,7.3, ,83.5, ,19, ,36.5, ,7.9, ,225, ,80.3,R
47,Brentwood,San Francisco Bay,5/5/2021,2000,125,0.00, ,0.00, ,1, ,9.5, ,74.5, ,32, ,43.1, ,7.0, ,295, ,79.5,R
47,Brentwood,San Francisco Bay,5/5/2021,2100,125,0.00, ,0.00, ,0, ,9.5, ,69.9, ,38, ,43.2, ,6.9, ,295, ,78.4,R
47,Brentwood,San Francisco Bay,5/5/2021,2200,125,0.00, ,0.00, ,0, ,8.7, ,69.9, ,35, ,40.8, ,6.7, ,267, ,77.3,Y
47,Brentwood,San Francisco Bay,5/5/2021,2300,125,0.00, ,0.00, ,0, ,8.6, ,66.3, ,39, ,40.7, ,4.4, ,187, ,76.1,Y
47,Brentwood,San Francisco Bay,5/5/2021,2400,125,0.00, ,0.00, ,0, ,8.4, ,63.9, ,41, ,39.9, ,4.6, ,202, ,75.0,Y
47,Brentwood,San Francisco Bay,5/6/2021,0100,126,0.00, ,0.00, ,0, ,7.6, ,60.7, ,42, ,37.3, ,3.6, ,291, ,73.9,Y
47,Brentwood,San Francisco Bay,5/6/2021,0200,126,0.00, ,0.00, ,0, ,9.7, ,55.1, ,65, ,43.6, ,3.0, ,61, ,72.9,Y
47,Brentwood,San Francisco Bay,5/6/2021,0300,126,0.00, ,0.00, ,0, ,12.7, ,52.5, ,94, ,50.8, ,2.1, ,278, ,71.8,Y
47,Brentwood,San Francisco Bay,5/6/2021,0400,126,0.00, ,0.00, ,0, ,11.8, ,51.4, ,91, ,48.9, ,2.1, ,74, ,70.8, 
47,Brentwood,San Francisco Bay,5/6/2021,0500,126,0.00, ,0.00, ,1, ,11.5, ,49.8, ,95, ,48.3, ,2.3, ,92, ,69.7, 
47,Brentwood,San Francisco Bay,5/6/2021,0600,126,0.00, ,0.00, ,104, ,10.8, ,53.9, ,76, ,46.6, ,3.4, ,129, ,68.8, 
47,Brentwood,San Francisco Bay,5/6/2021,0700,126,0.01, ,0.00, ,444, ,9.0, ,61.6, ,48, ,41.7, ,3.5, ,9, ,67.9, 
47,Brentwood,San Francisco Bay,5/6/2021,0800,126,0.01, ,0.00, ,857, ,8.1, ,68.5, ,34, ,39.2, ,6.2, ,259, ,67.4, 
47,Brentwood,San Francisco Bay,5/6/2021,0900,126,0.02, ,0.00, ,1246, ,8.4, ,73.1, ,30, ,40.0, ,7.6, ,278, ,67.4, 
47,Brentwood,San Francisco Bay,5/6/2021,1000,126,0.03, ,0.00, ,1558, ,8.6, ,76.1, ,28, ,40.7, ,10.5, ,282, ,68.3, 
47,Brentwood,San Francisco Bay,5/6/2021,1100,126,0.03, ,0.00, ,1784, ,8.8, ,77.3, ,28, ,41.2, ,11.9, ,278, ,69.9, 
47,Brentwood,San Francisco Bay,5/6/2021,1200,126,0.03, ,0.00, ,1898, ,9.2, ,78.2, ,28, ,42.4, ,13.1, ,275, ,71.7, 
47,Brentwood,San Francisco Bay,5/6/2021,1300,126,0.03, ,0.00, ,1910, ,9.0, ,79.8, ,26, ,41.8, ,12.8, ,278, ,73.7,Y
47,Brentwood,San Francisco Bay,5/6/2021,1400,126,0.03, ,0.00, ,1817, ,8.8, ,80.9, ,24, ,41.1, ,11.7, ,268, ,75.6,Y
47,Brentwood,San Francisco Bay,5/6/2021,1500,126,0.03, ,0.00, ,1613, ,9.3, ,81.7, ,25, ,42.7, ,11.9, ,281, ,77.2,Y
47,Brentwood,San Francisco Bay,5/6/2021,1600,126,0.03, ,0.00, ,1319, ,8.6, ,79.1, ,25, ,40.5, ,14.8, ,268, ,78.2,Y
47,Brentwood,San Francisco Bay,5/6/2021,1700,126,0.02, ,0.00, ,841, ,8.2, ,77.1, ,26, ,39.4, ,12.1, ,266, ,78.3,Y
47,Brentwood,San Francisco Bay,5/6/2021,1800,126,0.01, ,0.00, ,538, ,9.0, ,74.1, ,31, ,41.8, ,10.7, ,262, ,78.1,Y
47,Brentwood,San Francisco Bay,5/6/2021,1900,126,0.01, ,0.00, ,137, ,10.8, ,69.5, ,44, ,46.5, ,10.8, ,221, ,77.6,Y
47,Brentwood,San Francisco Bay,5/6/2021,2000,126,0.00, ,0.00, ,1, ,10.8, ,65.7, ,50, ,46.5, ,6.5, ,231, ,76.8,Y
47,Brentwood,San Francisco Bay,5/6/2021,2100,126,0.00, ,0.00, ,0, ,10.5, ,65.1, ,50, ,45.8, ,12.7, ,237, ,75.8,Y
47,Brentwood,San Francisco Bay,5/6/2021,2200,126,0.00, ,0.00, ,0, ,10.3, ,63.3, ,52, ,45.4, ,10.4, ,233, ,74.8,Y
47,Brentwood,San Francisco Bay,5/6/2021,2300,126,0.00, ,0.00, ,0, ,10.3, ,60.6, ,57, ,45.2, ,9.5, ,211, ,73.9,Y
47,Brentwood,San Francisco Bay,5/6/2021,2400,126,0.00, ,0.00, ,0, ,10.1, ,57.6, ,62, ,44.9, ,7.1, ,192, ,72.9, 
47,Brentwood,San Francisco Bay,5/7/2021,0100,127,0.00, ,0.00, ,0, ,10.3, ,54.8, ,70, ,45.3, ,4.1, ,178, ,71.8, 
47,Brentwood,San Francisco Bay,5/7/2021,0200,127,0.00, ,0.00, ,0, ,10.9, ,54.1, ,76, ,46.7, ,7.6, ,198, ,70.8, 
47,Brentwood,San Francisco Bay,5/7/2021,0300,127,0.00, ,0.00, ,0, ,11.1, ,52.7, ,82, ,47.3, ,6.3, ,171, ,69.9, 
47,Brentwood,San Francisco Bay,5/7/2021,0400,127,0.00, ,0.00, ,0, ,11.7, ,51.4, ,90, ,48.7, ,5.1, ,171, ,69.0, 
47,Brentwood,San Francisco Bay,5/7/2021,0500,127,0.00, ,0.00, ,1, ,11.4, ,51.9, ,87, ,48.1, ,4.6, ,195, ,68.2, 
47,Brentwood,San Francisco Bay,5/7/2021,0600,127,0.00, ,0.00, ,113, ,11.4, ,53.9, ,81, ,48.1, ,4.8, ,208, ,67.4, 
47,Brentwood,San Francisco Bay,5/7/2021,0700,127,0.01, ,0.00, ,444, ,12.0, ,57.5, ,74, ,49.3, ,6.6, ,231, ,66.7, 
47,Brentwood,San Francisco Bay,5/7/2021,0800,127,0.01, ,0.00, ,862, ,10.4, ,62.2, ,54, ,45.6, ,4.4, ,254, ,66.2, 
47,Brentwood,San Francisco Bay,5/7/2021,0900,127,0.02, ,0.00, ,1257, ,10.2, ,66.0, ,47, ,44.9, ,5.3, ,256, ,66.3, 
47,Brentwood,San Francisco Bay,5/7/2021,1000,127,0.02, ,0.00, ,1569, ,10.4, ,69.1, ,43, ,45.5, ,7.1, ,302, ,67.2, 
47,Brentwood,San Francisco Bay,5/7/2021,1100,127,0.03, ,0.00, ,1790, ,10.5, ,71.3, ,40, ,45.9, ,8.1, ,303, ,68.8, 
47,Brentwood,San Francisco Bay,5/7/2021,1200,127,0.03, ,0.00, ,1910, ,10.7, ,72.4, ,39, ,46.3, ,7.9, ,303, ,70.8, 
47,Brentwood,San Francisco Bay,5/7/2021,1300,127,0.03, ,0.00, ,1916, ,10.9, ,74.7, ,37, ,46.9, ,6.9, ,299, ,73.1, 
47,Brentwood,San Francisco Bay,5/7/2021,1400,127,0.03, ,0.00, ,1823, ,10.7, ,77.1, ,34, ,46.3, ,5.9, ,312, ,75.4,Y
47,Brentwood,San Francisco Bay,5/7/2021,1500,127,0.03, ,0.00, ,1621, ,10.4, ,79.5, ,30, ,45.6, ,6.9, ,316, ,77.4,Y
47,Brentwood,San Francisco Bay,5/7/2021,1600,127,0.02, ,0.00, ,1319, ,10.0, ,80.6, ,28, ,44.6, ,6.6, ,308, ,78.7,Y
47,Brentwood,San Francisco Bay,5/7/2021,1700,127,0.02, ,0.00, ,938, ,9.7, ,80.0, ,28, ,43.7, ,7.5, ,310, ,78.9,Y
47,Brentwood,San Francisco Bay,5/7/2021,1800,127,0.01, ,0.00, ,501, ,10.0, ,77.6, ,31, ,44.5, ,8.3, ,284, ,78.7,Y
47,Brentwood,San Francisco Bay,5/7/2021,1900,127,0.01, ,0.00, ,132, ,9.9, ,73.0, ,36, ,44.2, ,8.4, ,269, ,78.2,Y
47,Brentwood,San Francisco Bay,5/7/2021,2000,127,0.00, ,0.00, ,2, ,9.8, ,68.7, ,41, ,44.0, ,5.9, ,252, ,77.4,Y
47,Brentwood,San Francisco Bay,5/7/2021,2100,127,0.00, ,0.00, ,0, ,10.3, ,65.3, ,48, ,45.3, ,3.2, ,222, ,76.4,Y
47,Brentwood,San Francisco Bay,5/7/2021,2200,127,0.00, ,0.00, ,0, ,10.4, ,62.8, ,53, ,45.5, ,3.8, ,240, ,75.2,Y
47,Brentwood,San Francisco Bay,5/7/2021,2300,127,0.00, ,0.00, ,0, ,9.3, ,64.2, ,46, ,42.8, ,5.4, ,269, ,74.1, 
47,Brentwood,San Francisco Bay,5/7/2021,2400,127,0.00, ,0.00, ,0, ,7.9, ,65.5, ,37, ,38.6, ,7.7, ,288, ,73.0, 
47,Brentwood,San Francisco Bay,5/8/2021,0100,128,0.00, ,0.00, ,0, ,8.3, ,62.9, ,42, ,39.7, ,6.0, ,283, ,72.0, 
47,Brentwood,San Francisco Bay,5/8/2021,0200,128,0.00, ,0.00, ,0, ,7.7, ,63.0, ,39, ,37.8, ,8.3, ,293, ,71.1, 
47,Brentwood,San Francisco Bay,5/8/2021,0300,128,0.00, ,0.00, ,0, ,7.1, ,62.8, ,36, ,35.7, ,9.5, ,296, ,70.3, 
47,Brentwood,San Francisco Bay,5/8/2021,0400,128,0.00, ,0.00, ,0, ,6.4, ,62.8, ,33, ,33.0, ,11.9, ,305, ,69.7, 
47,Brentwood,San Francisco Bay,5/8/2021,0500,128,0.01, ,0.00, ,1, ,5.1, ,63.0, ,26, ,27.3, ,13.0, ,312, ,69.1, 
47,Brentwood,San Francisco Bay,5/8/2021,0600,128,0.01, ,0.00, ,118, ,5.1, ,62.6, ,26, ,27.7, ,12.9, ,309, ,68.7, 
47,Brentwood,San Francisco Bay,5/8/2021,0700,128,0.01, ,0.00, ,471, ,4.5, ,66.5, ,20, ,24.7, ,15.3, ,323, ,68.2, 
47,Brentwood,San Francisco Bay,5/8/2021,0800,128,0.02, ,0.00, ,894, ,4.3, ,69.4, ,18, ,23.7, ,18.5, ,325, ,67.9, 
47,Brentwood,San Francisco Bay,5/8/2021,0900,128,0.03, ,0.00, ,1292, ,4.2, ,72.6, ,15, ,22.8, ,20.2, ,322, ,68.0, 
47,Brentwood,San Francisco Bay,5/8/2021,1000,128,0.03, ,0.00, ,1602, ,4.2, ,76.0, ,14, ,23.1, ,19.8, ,320, ,68.4, 
47,Brentwood,San Francisco Bay,5/8/2021,1100,128,0.04, ,0.00, ,1830, ,4.1, ,78.9, ,12, ,22.1, ,19.1, ,327, ,69.2, 
47,Brentwood,San Francisco Bay,5/8/2021,1200,128,0.04, ,0.00, ,1945, ,3.9, ,81.8, ,10, ,20.9, ,18.1, ,326, ,70.3, 
47,Brentwood,San Francisco Bay,5/8/2021,1300,128,0.04, ,0.00, ,1951, ,3.9, ,84.2, ,10, ,21.1, ,15.0, ,338, ,71.7, 
47,Brentwood,San Francisco Bay,5/8/2021,1400,128,0.04, ,0.00, ,1850, ,3.9, ,86.3, ,9, ,20.9, ,13.7, ,337, ,73.3, 
47,Brentwood,San Francisco Bay,5/8/2021,1500,128,0.03, ,0.00, ,1646, ,3.8, ,88.3, ,8, ,20.6, ,14.3, ,323, ,74.9, 
47,Brentwood,San Francisco Bay,5/8/2021,1600,128,0.03, ,0.00, ,1340, ,3.9, ,88.8, ,8, ,21.1, ,14.6, ,330, ,76.0, 
47,Brentwood,San Francisco Bay,5/8/2021,1700,128,0.02, ,0.00, ,943, ,4.4, ,88.1, ,10, ,24.2, ,14.6, ,327, ,76.5, 
47,Brentwood,San Francisco Bay,5/8/2021,1800,128,0.02, ,0.00, ,508, ,5.1, ,85.7, ,12, ,27.8, ,12.2, ,337, ,76.5, 
47,Brentwood,San Francisco Bay,5/8/2021,1900,128,0.01, ,0.00, ,132, ,5.9, ,81.6, ,16, ,31.2, ,8.7, ,336, ,76.2, 
47,Brentwood,San Francisco Bay,5/8/2021,2000,128,0.00, ,0.00, ,2, ,7.1, ,75.5, ,24, ,35.7, ,5.5, ,299, ,75.8, 
47,Brentwood,San Francisco Bay,5/8/2021,2100,128,0.00, ,0.00, ,0, ,8.3, ,69.7, ,33, ,39.6, ,4.2, ,281, ,75.0, 
47,Brentwood,San Francisco Bay,5/8/2021,2200,128,0.00, ,0.00, ,0, ,9.1, ,68.6, ,38, ,42.0, ,5.4, ,262, ,74.1, 
47,Brentwood,San Francisco Bay,5/8/2021,2300,128,0.00, ,0.00, ,0, ,8.8, ,68.8, ,36, ,41.1, ,5.7, ,245, ,73.2, 
47,Brentwood,San Francisco Bay,5/8/2021,2400,128,0.00,Y,0.00, ,0, ,7.8, ,71.5,Y,29,Y,38.1,Y,7.9, ,282, ,72.3, 
47,Brentwood,San Francisco Bay,5/9/2021,0100,129,0.01,Y,0.00, ,0, ,7.1, ,73.1,Y,26,Y,35.9,Y,11.0, ,294, ,71.5, 
47,Brentwood,San Francisco Bay,5/9/2021,0200,129,0.01,R,0.00, ,0, ,7.2, ,71.9,R,27,R,36.0,R,11.7, ,298, ,70.8, 
47,Brentwood,San Francisco Bay,5/9/2021,0300,129,0.01,Y,0.00, ,0, ,7.2, ,70.6,Y,28,Y,36.2,Y,11.5, ,298, ,70.3, 
47,Brentwood,San Francisco Bay,5/9/2021,0400,129,0.00,Y,0.00, ,0, ,7.4, ,68.5,Y,31,Y,36.8,Y,9.9, ,296, ,69.9, 
47,Brentwood,San Francisco Bay,5/9/2021,0500,129,0.00,Y,0.00, ,1, ,7.8, ,66.1,Y,35,Y,38.1,Y,7.5, ,292, ,69.5, 
47,Brentwood,San Francisco Bay,5/9/2021,0600,129,0.00,Y,0.00, ,107, ,8.5, ,64.8,Y,41,Y,40.3,Y,5.7, ,277, ,69.1, 
47,Brentwood,San Francisco Bay,5/9/2021,0700,129,0.01,Y,0.00, ,452, ,8.2, ,69.4,Y,33,Y,39.3,Y,8.4, ,292, ,68.6, 
47,Brentwood,San Francisco Bay,5/9/2021,0800,129,0.02, ,0.00, ,876, ,8.0, ,72.6, ,29, ,38.7, ,11.0, ,294, ,68.3, 
47,Brentwood,San Francisco Bay,5/9/2021,0900,129,0.02, ,0.00, ,1228, ,8.3, ,74.5, ,28, ,39.7, ,10.9, ,292, ,68.5, 
47,Brentwood,San Francisco Bay,5/9/2021,1000,129,0.03, ,0.00, ,1562, ,8.5, ,77.2, ,27, ,40.3, ,9.4, ,294, ,69.3, 
47,Brentwood,San Francisco Bay,5/9/2021,1100,129,0.03, ,0.00, ,1784, ,8.4, ,80.8, ,23, ,40.0, ,10.3, ,306, ,70.7, 
47,Brentwood,San Francisco Bay,5/9/2021,1200,129,0.04, ,0.00, ,1873, ,7.9, ,83.7, ,20, ,38.5, ,12.8, ,331, ,72.5, 
47,Brentwood,San Francisco Bay,5/9/2021,1300,129,0.03, ,0.00, ,1910, ,8.1, ,84.3, ,20, ,39.2, ,9.7, ,295, ,74.4,Y
47,Brentwood,San Francisco Bay,5/9/2021,1400,129,0.03, ,0.00, ,1811, ,7.8, ,85.5, ,19, ,38.1, ,8.6, ,295, ,76.3,Y
47,Brentwood,San Francisco Bay,5/9/2021,1500,129,0.03, ,0.00, ,1610, ,7.3, ,86.5, ,17, ,36.3, ,7.6, ,299, ,78.2,Y
47,Brentwood,San Francisco Bay,5/9/2021,1600,129,0.02, ,0.00, ,1311, ,6.8, ,87.2, ,16, ,34.8, ,8.0, ,303, ,79.5,Y
47,Brentwood,San Francisco Bay,5/9/2021,1700,129,0.02, ,0.00, ,926, ,7.3, ,87.3, ,16, ,36.4, ,7.2, ,327, ,79.9,Y
47,Brentwood,San Francisco Bay,5/9/2021,1800,129,0.01, ,0.00, ,506, ,8.1, ,83.7, ,21, ,39.1, ,7.6, ,272, ,79.7,Y
47,Brentwood,San Francisco Bay,5/9/2021,1900,129,0.01, ,0.00, ,141, ,8.5, ,79.6, ,25, ,40.3, ,7.4, ,264, ,79.3,Y
47,Brentwood,San Francisco Bay,5/9/2021,2000,129,0.00, ,0.00, ,2, ,9.2, ,73.9, ,32, ,42.4, ,5.6, ,259, ,78.5,Y
47,Brentwood,San Francisco Bay,5/9/2021,2100,129,0.00, ,0.00, ,0, ,8.9, ,69.9, ,35, ,41.4, ,3.1, ,229, ,77.6,Y
47,Brentwood,San Francisco Bay,5/9/2021,2200,129,0.00, ,0.00, ,0, ,8.6, ,66.6, ,38, ,40.5, ,3.2, ,284, ,76.5,Y
47,Brentwood,San Francisco Bay,5/9/2021,2300,129,0.00, ,0.00, ,0, ,9.1, ,64.0, ,45, ,42.1, ,2.7, ,263, ,75.3,Y
47,Brentwood,San Francisco Bay,5/9/2021,2400,129,0.00, ,0.00, ,0, ,9.2, ,63.0, ,47, ,42.3, ,4.0, ,275, ,74.2, 
47,Brentwood,San Francisco Bay,5/10/2021,0100,130,0.00, ,0.00, ,0, ,9.6, ,63.6, ,48, ,43.4, ,5.0, ,294, ,73.1, 
47,Brentwood,San Francisco Bay,5/10/2021,0200,130,0.00,Y,0.00, ,0, ,9.1, ,66.0,Y,42,Y,42.1,Y,7.1, ,295, ,72.1, 
47,Brentwood,San Francisco Bay,5/10/2021,0300,130,0.00,Y,0.00, ,0, ,8.6, ,66.9,Y,38,Y,40.6,Y,9.7, ,293, ,71.3, 
47,Brentwood,San Francisco Bay,5/10/2021,0400,130,0.00,Y,0.00, ,0, ,8.6, ,66.2,Y,39,Y,40.5,Y,10.3, ,297, ,70.6, 
47,Brentwood,San Francisco Bay,5/10/2021,0500,130,0.00,Y,0.00, ,1, ,8.7, ,64.9,Y,41,Y,40.9,Y,9.0, ,295, ,70.1, 
47,Brentwood,San Francisco Bay,5/10/2021,0600,130,0.00,Y,0.00, ,120, ,9.1, ,64.7,Y,44,Y,42.0,Y,8.3, ,293, ,69.7, 
47,Brentwood,San Francisco Bay,5/10/2021,0700,130,0.01,Y,0.00, ,465, ,8.6, ,69.0,Y,36,Y,40.6,Y,10.6, ,298, ,69.2, 
47,Brentwood,San Francisco Bay,5/10/2021,0800,130,0.02, ,0.00, ,878, ,8.8, ,72.0, ,33, ,41.3, ,10.6, ,297, ,68.9, 
47,Brentwood,San Francisco Bay,5/10/2021,0900,130,0.03, ,0.00, ,1268, ,7.4, ,77.2, ,23, ,36.9, ,15.0, ,314, ,69.1, 
47,Brentwood,San Francisco Bay,5/10/2021,1000,130,0.03, ,0.00, ,1587, ,7.3, ,80.7, ,20, ,36.4, ,14.1, ,322, ,69.6, 
47,Brentwood,San Francisco Bay,5/10/2021,1100,130,0.03, ,0.00, ,1813, ,7.2, ,83.4, ,19, ,36.2, ,13.5, ,323, ,70.7, 
47,Brentwood,San Francisco Bay,5/10/2021,1200,130,0.04, ,0.00, ,1937, ,6.9, ,85.9, ,16, ,35.2, ,14.6, ,318, ,72.1, 
47,Brentwood,San Francisco Bay,5/10/2021,1300,130,0.04, ,0.00, ,1956, ,6.5, ,88.4, ,14, ,33.7, ,14.0, ,324, ,73.5, 
47,Brentwood,San Francisco Bay,5/10/2021,1400,130,0.04, ,0.00, ,1875, ,5.6, ,89.9, ,12, ,29.7, ,14.0, ,320, ,74.8, 
47,Brentwood,San Francisco Bay,5/10/2021,1500,130,0.03, ,0.00, ,1681, ,4.5, ,90.9, ,9, ,24.6, ,13.6, ,324, ,76.0, 
47,Brentwood,San Francisco Bay,5/10/2021,1600,130,0.03, ,0.00, ,1380, ,3.9, ,91.4, ,8, ,21.0, ,12.9, ,323, ,76.8, 
47,Brentwood,San Francisco Bay,5/10/2021,1700,130,0.02, ,0.00, ,982, ,4.6, ,90.4, ,9, ,25.1, ,11.4, ,343, ,77.2,Y
47,Brentwood,San Francisco Bay,5/10/2021,1800,130,0.02, ,0.00, ,535, ,6.3, ,88.4, ,14, ,32.8, ,10.5, ,315, ,77.3,Y
47,Brentwood,San Francisco Bay,5/10/2021,1900,130,0.01, ,0.00, ,150, ,7.3, ,83.2, ,19, ,36.4, ,10.9, ,281, ,77.1,Y
47,Brentwood,San Francisco Bay,5/10/2021,2000,130,0.00, ,0.00, ,3, ,8.2, ,76.2, ,27, ,39.4, ,4.9, ,280, ,76.8,Y
47,Brentwood,San Francisco Bay,5/10/2021,2100,130,0.00, ,0.00, ,0, ,7.9, ,70.7, ,31, ,38.3, ,3.9, ,210, ,76.2,Y
47,Brentwood,San Francisco Bay,5/10/2021,2200,130,0.00, ,0.00, ,0, ,7.7, ,67.9, ,33, ,37.9, ,3.2, ,207, ,75.3, 
47,Brentwood,San Francisco Bay,5/10/2021,2300,130,0.00, ,0.00, ,0, ,7.4, ,66.4, ,34, ,36.9, ,3.5, ,194, ,74.3, 
47,Brentwood,San Francisco Bay,5/10/2021,2400,130,0.00, ,0.00, ,0, ,7.3, ,67.7, ,31, ,36.3, ,6.2, ,199, ,73.2, 
47,Brentwood,San Francisco Bay,5/11/2021,0100,131,0.00, ,0.00, ,0, ,7.0, ,66.5, ,31, ,35.3, ,4.5, ,228, ,72.3, 
47,Brentwood,San Francisco Bay,5/11/2021,0200,131,0.00, ,0.00, ,0, ,7.2, ,59.9, ,41, ,36.1, ,2.9, ,253, ,71.4, 
47,Brentwood,San Francisco Bay,5/11/2021,0300,131,0.00, ,0.00, ,0, ,7.5, ,57.5, ,46, ,37.1, ,2.9, ,262, ,70.6, 
47,Brentwood,San Francisco Bay,5/11/2021,0400,131,0.00, ,0.00, ,0, ,8.7, ,57.0, ,55, ,40.9, ,3.6, ,275, ,69.8, 
47,Brentwood,San Francisco Bay,5/11/2021,0500,131,0.00, ,0.00, ,2, ,9.5, ,55.4, ,63, ,43.1, ,3.6, ,287, ,69.0, 
47,Brentwood,San Francisco Bay,5/11/2021,0600,131,0.00, ,0.00, ,126, ,11.5, ,55.9, ,75, ,48.2, ,3.3, ,281, ,68.3, 
47,Brentwood,San Francisco Bay,5/11/2021,0700,131,0.01, ,0.00, ,480, ,13.0, ,63.5, ,65, ,51.4, ,5.0, ,290, ,67.6, 
47,Brentwood,San Francisco Bay,5/11/2021,0800,131,0.01, ,0.00, ,904, ,11.4, ,72.8, ,42, ,48.1, ,5.9, ,301, ,67.3, 
47,Brentwood,San Francisco Bay,5/11/2021,0900,131,0.02,Y,0.00, ,1296, ,7.6, ,78.9,Y,23,Y,37.5,Y,10.7, ,307, ,67.6, 
47,Brentwood,San Francisco Bay,5/11/2021,1000,131,0.03, ,0.00, ,1611, ,7.4, ,81.3, ,20, ,36.7, ,9.7, ,308, ,68.3, 
47,Brentwood,San Francisco Bay,5/11/2021,1100,131,0.03, ,0.00, ,1828, ,7.5, ,84.6, ,18, ,37.0, ,8.7, ,314, ,69.4, 
47,Brentwood,San Francisco Bay,5/11/2021,1200,131,0.03, ,0.00, ,1937, ,7.8, ,86.5, ,18, ,38.0, ,8.5, ,301, ,71.0, 
47,Brentwood,San Francisco Bay,5/11/2021,1300,131,0.03, ,0.00, ,1943, ,7.4, ,89.9, ,15, ,36.7, ,8.3, ,316, ,72.8, 
47,Brentwood,San Francisco Bay,5/11/2021,1400,131,0.03, ,0.00, ,1848, ,5.7, ,92.6, ,11, ,30.3, ,9.0, ,327, ,74.7, 
47,Brentwood,San Francisco Bay,5/11/2021,1500,131,0.03, ,0.00, ,1646, ,5.1, ,93.6, ,9, ,27.6, ,8.3, ,311, ,76.3, 
47,Brentwood,San Francisco Bay,5/11/2021,1600,131,0.03, ,0.00, ,1341, ,4.8, ,93.5, ,9, ,26.3, ,9.3, ,309, ,77.4,Y
47,Brentwood,San Francisco Bay,5/11/2021,1700,131,0.02, ,0.00, ,963, ,4.9, ,92.2, ,10, ,26.7, ,11.3, ,297, ,77.7,Y
47,Brentwood,San Francisco Bay,5/11/2021,1800,131,0.02, ,0.00, ,539, ,6.4, ,89.8, ,13, ,33.2, ,10.7, ,296, ,77.6,Y
47,Brentwood,San Francisco Bay,5/11/2021,1900,131,0.01, ,0.00, ,160, ,8.9, ,84.2, ,22, ,41.5, ,8.2, ,299, ,77.5,Y
47,Brentwood,San Francisco Bay,5/11/2021,2000,131,0.00, ,0.00, ,3, ,8.9, ,76.3, ,29, ,41.4, ,6.4, ,297, ,77.2,Y
47,Brentwood,San Francisco Bay,5/11/2021,2100,131,0.00, ,0.00, ,0, ,9.3, ,72.6, ,34, ,42.7, ,6.3, ,289, ,76.6,Y
47,Brentwood,San Francisco Bay,5/11/2021,2200,131,0.00, ,0.00, ,0, ,9.6, ,67.8, ,42, ,43.6, ,3.4, ,221, ,75.9,Y
47,Brentwood,San Francisco Bay,5/11/2021,2300,131,0.00, ,0.00, ,0, ,9.5, ,63.4, ,48, ,43.3, ,4.4, ,188, ,75.0, 
47,Brentwood,San Francisco Bay,5/11/2021,2400,131,0.00, ,0.00, ,0, ,7.7, ,65.8, ,36, ,37.9, ,5.8, ,196, ,73.9, 
47,Brentwood,San Francisco Bay,5/12/2021,0100,132,0.00, ,0.00, ,0, ,6.7, ,62.7, ,34, ,34.1, ,3.8, ,229, ,72.9, 
47,Brentwood,San Francisco Bay,5/12/2021,0200,132,0.00, ,0.00, ,0, ,10.0, ,53.9, ,70, ,44.5, ,3.5, ,45, ,72.0, 
47,Brentwood,San Francisco Bay,5/12/2021,0300,132,0.00, ,0.00, ,0, ,13.5, ,55.1, ,91, ,52.6, ,3.2, ,299, ,71.1, 
47,Brentwood,San Francisco Bay,5/12/2021,0400,132,0.00, ,0.00, ,0, ,13.3, ,53.8, ,94, ,52.1, ,2.2, ,285, ,70.2, 
47,Brentwood,San Francisco Bay,5/12/2021,0500,132,0.00, ,0.00, ,2, ,13.0, ,52.2, ,97, ,51.5, ,2.8, ,296, ,69.3, 
47,Brentwood,San Francisco Bay,5/12/2021,0600,132,0.00, ,0.00, ,133, ,14.2, ,54.7, ,97, ,53.9, ,2.4, ,305, ,68.5, 
47,Brentwood,San Francisco Bay,5/12/2021,0700,132,0.01, ,0.00, ,487, ,15.3, ,63.1, ,77, ,55.9, ,2.4, ,323, ,67.7, 
47,Brentwood,San Francisco Bay,5/12/2021,0800,132,0.01, ,0.00, ,902, ,15.1, ,67.0, ,67, ,55.6, ,2.8, ,57, ,67.3, 
47,Brentwood,San Francisco Bay,5/12/2021,0900,132,0.02, ,0.00, ,1282, ,13.3, ,71.5, ,50, ,52.1, ,4.0, ,37, ,67.7, 
47,Brentwood,San Francisco Bay,5/12/2021,1000,132,0.02, ,0.00, ,1587, ,13.1, ,75.9, ,43, ,51.7, ,3.5, ,41, ,68.8, 
47,Brentwood,San Francisco Bay,5/12/2021,1100,132,0.03, ,0.00, ,1792, ,12.5, ,80.9, ,35, ,50.5, ,2.8, ,95, ,70.7, 
47,Brentwood,San Francisco Bay,5/12/2021,1200,132,0.03, ,0.00, ,1900, ,12.6, ,84.8, ,31, ,50.7, ,5.6, ,333, ,73.0, 
47,Brentwood,San Francisco Bay,5/12/2021,1300,132,0.03, ,0.00, ,1914, ,9.6, ,87.7, ,21, ,43.4, ,8.6, ,326, ,75.1,Y
47,Brentwood,San Francisco Bay,5/12/2021,1400,132,0.03, ,0.00, ,1817, ,8.9, ,89.6, ,19, ,41.5, ,10.7, ,313, ,76.6,Y
47,Brentwood,San Francisco Bay,5/12/2021,1500,132,0.03, ,0.00, ,1615, ,9.3, ,90.4, ,19, ,42.5, ,10.8, ,306, ,77.6,Y
47,Brentwood,San Francisco Bay,5/12/2021,1600,132,0.03, ,0.00, ,1324, ,10.0, ,90.5, ,20, ,44.6, ,11.5, ,310, ,78.2,Y
47,Brentwood,San Francisco Bay,5/12/2021,1700,132,0.02, ,0.00, ,953, ,9.9, ,89.4, ,21, ,44.2, ,12.5, ,301, ,78.2,Y
47,Brentwood,San Francisco Bay,5/12/2021,1800,132,0.01, ,0.00, ,529, ,11.7, ,85.6, ,28, ,48.7, ,10.2, ,305, ,78.1,Y
47,Brentwood,San Francisco Bay,5/12/2021,1900,132,0.01, ,0.00, ,157, ,12.0, ,78.8, ,36, ,49.3, ,9.2, ,303, ,77.9,Y
47,Brentwood,San Francisco Bay,5/12/2021,2000,132,0.00, ,0.00, ,3, ,12.0, ,71.0, ,46, ,49.3, ,6.4, ,312, ,77.7,Y
47,Brentwood,San Francisco Bay,5/12/2021,2100,132,0.00, ,0.00, ,0, ,11.3, ,67.6, ,49, ,47.8, ,6.7, ,298, ,77.2,Y
47,Brentwood,San Francisco Bay,5/12/2021,2200,132,0.00, ,0.00, ,0, ,10.5, ,65.4, ,49, ,45.8, ,4.2, ,299, ,76.4,Y
47,Brentwood,San Francisco Bay,5/12/2021,2300,132,0.00, ,0.00, ,0, ,11.2, ,62.5, ,58, ,47.4, ,5.6, ,311, ,75.5,Y
47,Brentwood,San Francisco Bay,5/12/2021,2400,132,0.00, ,0.00, ,0, ,10.6, ,59.9, ,60, ,46.1, ,3.0, ,330, ,74.6, 
47,Brentwood,San Francisco Bay,5/13/2021,0100,133,0.00, ,0.00, ,0, ,10.5, ,58.1, ,63, ,45.8, ,4.6, ,328, ,73.7, 
47,Brentwood,San Francisco Bay,5/13/2021,0200,133,0.00, ,0.00, ,0, ,10.9, ,55.2, ,73, ,46.7, ,4.2, ,350, ,72.8, 
47,Brentwood,San Francisco Bay,5/13/2021,0300,133,0.00, ,0.00, ,0, ,12.4, ,53.3, ,90, ,50.3, ,3.4, ,340, ,71.9, 
47,Brentwood,San Francisco Bay,5/13/2021,0400,133,0.00, ,0.00, ,0, ,13.0, ,51.8, ,99, ,51.5, ,2.8, ,336, ,71.1, 
47,Brentwood,San Francisco Bay,5/13/2021,0500,133,0.00, ,0.00, ,3, ,12.4, ,50.5, ,99, ,50.3, ,2.2, ,338, ,70.2, 
47,Brentwood,San Francisco Bay,5/13/2021,0600,133,0.00, ,0.00, ,136, ,13.4, ,52.8, ,98, ,52.3, ,2.4, ,334, ,69.4, 
47,Brentwood,San Francisco Bay,5/13/2021,0700,133,0.00, ,0.00, ,487, ,14.7, ,59.1, ,86, ,54.8, ,2.6, ,16, ,68.6, 
47,Brentwood,San Francisco Bay,5/13/2021,0800,133,0.01, ,0.00, ,905, ,14.5, ,62.3, ,75, ,54.4, ,2.7, ,53, ,68.2, 
47,Brentwood,San Francisco Bay,5/13/2021,0900,133,0.02, ,0.00, ,1290, ,13.3, ,66.3, ,60, ,52.2, ,4.1, ,42, ,68.4, 
47,Brentwood,San Francisco Bay,5/13/2021,1000,133,0.02, ,0.00, ,1596, ,12.8, ,70.2, ,51, ,51.0, ,4.6, ,34, ,69.3, 
47,Brentwood,San Francisco Bay,5/13/2021,1100,133,0.03, ,0.00, ,1805, ,12.9, ,74.6, ,44, ,51.4, ,6.2, ,338, ,70.8, 
47,Brentwood,San Francisco Bay,5/13/2021,1200,133,0.03, ,0.00, ,1894, ,13.1, ,77.0, ,41, ,51.7, ,7.3, ,314, ,72.5, 
47,Brentwood,San Francisco Bay,5/13/2021,1300,133,0.03, ,0.00, ,1933, ,12.3, ,80.9, ,34, ,50.1, ,7.4, ,310, ,74.3, 
47,Brentwood,San Francisco Bay,5/13/2021,1400,133,0.03, ,0.00, ,1842, ,12.1, ,84.2, ,30, ,49.6, ,7.7, ,313, ,76.0,Y
47,Brentwood,San Francisco Bay,5/13/2021,1500,133,0.03, ,0.00, ,1644, ,12.1, ,85.7, ,29, ,49.6, ,10.1, ,311, ,77.3,Y
47,Brentwood,San Francisco Bay,5/13/2021,1600,133,0.02, ,0.00, ,1336, ,11.4, ,87.0, ,26, ,47.9, ,9.1, ,316, ,78.2,Y
47,Brentwood,San Francisco Bay,5/13/2021,1700,133,0.02, ,0.00, ,980, ,11.8, ,84.2, ,29, ,49.0, ,10.9, ,313, ,78.3,Y
47,Brentwood,San Francisco Bay,5/13/2021,1800,133,0.01, ,0.00, ,554, ,9.2, ,82.5, ,24, ,42.3, ,8.6, ,270, ,78.4,Y
47,Brentwood,San Francisco Bay,5/13/2021,1900,133,0.01, ,0.00, ,174, ,8.3, ,77.4, ,26, ,39.8, ,7.9, ,246, ,78.4,Y
47,Brentwood,San Francisco Bay,5/13/2021,2000,133,0.00, ,0.00, ,4, ,9.1, ,70.8, ,36, ,42.2, ,4.6, ,200, ,78.0,Y
47,Brentwood,San Francisco Bay,5/13/2021,2100,133,0.00, ,0.00, ,0, ,9.0, ,65.2, ,43, ,41.9, ,3.0, ,78, ,77.2,Y
47,Brentwood,San Francisco Bay,5/13/2021,2200,133,0.00, ,0.00, ,0, ,10.3, ,57.7, ,63, ,45.4, ,3.1, ,32, ,76.2,Y
47,Brentwood,San Francisco Bay,5/13/2021,2300,133,0.00, ,0.00, ,0, ,10.2, ,56.3, ,66, ,45.0, ,3.0, ,353, ,75.2, 
47,Brentwood,San Francisco Bay,5/13/2021,2400,133,0.00, ,0.00, ,0, ,10.6, ,55.0, ,72, ,46.0, ,2.1, ,12, ,74.1, 
47,Brentwood,San Francisco Bay,5/14/2021,0100,134,0.00, ,0.00, ,0, ,11.6, ,52.4, ,86, ,48.4, ,2.3, ,62, ,73.0, 
47,Brentwood,San Francisco Bay,5/14/2021,0200,134,0.00, ,0.00, ,0, ,12.3, ,50.7, ,98, ,50.1, ,1.5, ,41, ,72.0, 
47,Brentwood,San Francisco Bay,5/14/2021,0300,134,0.00, ,0.00, ,1, ,12.1, ,49.7, ,99, ,49.5, ,1.9, ,74, ,71.0, 
47,Brentwood,San Francisco Bay,5/14/2021,0400,134,0.00, ,0.00, ,1, ,12.0, ,49.6, ,99, ,49.4, ,1.3, ,83, ,70.0, 
47,Brentwood,San Francisco Bay,5/14/2021,0500,134,0.00, ,0.00, ,4, ,12.5, ,50.7, ,99, ,50.6, ,2.2, ,125, ,69.1, 
47,Brentwood,San Francisco Bay,5/14/2021,0600,134,0.00, ,0.00, ,152, ,12.9, ,51.4, ,100, ,51.2, ,1.4, ,21, ,68.3, 
47,Brentwood,San Francisco Bay,5/14/2021,0700,134,0.00, ,0.00, ,494, ,15.5, ,58.0, ,95, ,56.4, ,2.4, ,51, ,67.5, 
47,Brentwood,San Francisco Bay,5/14/2021,0800,134,0.01, ,0.00, ,904, ,15.0, ,63.1, ,76, ,55.5, ,2.4, ,7, ,67.1, 
47,Brentwood,San Francisco Bay,5/14/2021,0900,134,0.02, ,0.00, ,1279, ,13.6, ,66.1, ,62, ,52.7, ,3.5, ,157, ,67.4, 
47,Brentwood,San Francisco Bay,5/14/2021,1000,134,0.02, ,0.00, ,1551, ,11.8, ,70.8, ,46, ,49.0, ,3.3, ,308, ,68.5, 
47,Brentwood,San Francisco Bay,5/14/2021,1100,134,0.03, ,0.00, ,1799, ,12.3, ,74.4, ,43, ,50.1, ,4.6, ,326, ,70.2, 
47,Brentwood,San Francisco Bay,5/14/2021,1200,134,0.03, ,0.00, ,1898, ,13.0, ,76.9, ,41, ,51.5, ,5.7, ,9, ,72.3, 
47,Brentwood,San Francisco Bay,5/14/2021,1300,134,0.03, ,0.00, ,1896, ,12.9, ,78.6, ,39, ,51.3, ,4.8, ,104, ,74.6, 
47,Brentwood,San Francisco Bay,5/14/2021,1400,134,0.03, ,0.00, ,1815, ,11.2, ,79.4, ,33, ,47.6, ,10.4, ,247, ,76.7,Y
47,Brentwood,San Francisco Bay,5/14/2021,1500,134,0.03, ,0.00, ,1638, ,10.8, ,80.1, ,31, ,46.5, ,9.7, ,240, ,78.4,Y
47,Brentwood,San Francisco Bay,5/14/2021,1600,134,0.02, ,0.00, ,1362, ,10.5, ,80.6, ,29, ,45.8, ,10.2, ,216, ,79.3,Y
47,Brentwood,San Francisco Bay,5/14/2021,1700,134,0.02, ,0.00, ,1031, ,9.9, ,78.5, ,30, ,44.2, ,10.0, ,198, ,79.6,Y
47,Brentwood,San Francisco Bay,5/14/2021,1800,134,0.01, ,0.00, ,545, ,9.6, ,73.9, ,34, ,43.5, ,11.7, ,205, ,79.3,Y
47,Brentwood,San Francisco Bay,5/14/2021,1900,134,0.01, ,0.00, ,274, ,9.6, ,67.4, ,42, ,43.6, ,12.1, ,202, ,78.8,Y
47,Brentwood,San Francisco Bay,5/14/2021,2000,134,0.00, ,0.00, ,5, ,8.7, ,63.4, ,44, ,41.0, ,7.0, ,202, ,78.0,Y
47,Brentwood,San Francisco Bay,5/14/2021,2100,134,0.00, ,0.00, ,0, ,9.3, ,58.6, ,55, ,42.7, ,9.1, ,213, ,77.1,Y
47,Brentwood,San Francisco Bay,5/14/2021,2200,134,0.00, ,0.00, ,0, ,9.5, ,57.2, ,59, ,43.2, ,11.0, ,216, ,76.0, 
47,Brentwood,San Francisco Bay,5/14/2021,2300,134,0.00, ,0.00, ,0, ,9.8, ,56.0, ,64, ,44.0, ,15.2, ,227, ,74.9, 
47,Brentwood,San Francisco Bay,5/14/2021,2400,134,0.00, ,0.00, ,0, ,10.3, ,54.6, ,71, ,45.4, ,15.7, ,218, ,73.9, 
47,Brentwood,San Francisco Bay,5/15/2021,0100,135,0.00, ,0.00, ,0, ,10.3, ,54.1, ,72, ,45.3, ,14.1, ,218, ,73.1, 
47,Brentwood,San Francisco Bay,5/15/2021,0200,135,0.00, ,0.00, ,0, ,10.2, ,53.4, ,73, ,45.0, ,8.0, ,213, ,72.3, 
47,Brentwood,San Francisco Bay,5/15/2021,0300,135,0.00, ,0.00, ,0, ,10.4, ,52.3, ,78, ,45.6, ,4.6, ,203, ,71.5, 
47,Brentwood,San Francisco Bay,5/15/2021,0400,135,0.00, ,0.00, ,0, ,10.9, ,52.3, ,82, ,46.8, ,7.9, ,218, ,70.6, 
47,Brentwood,San Francisco Bay,5/15/2021,0500,135,0.00, ,0.00, ,3, ,10.6, ,52.3, ,80, ,46.2, ,10.9, ,216, ,69.9, 
47,Brentwood,San Francisco Bay,5/15/2021,0600,135,0.00, ,0.00, ,131, ,12.5, ,52.8, ,92, ,50.5, ,6.2, ,217, ,69.2, 
47,Brentwood,San Francisco Bay,5/15/2021,0700,135,0.01, ,0.00, ,469, ,11.2, ,57.0, ,70, ,47.4, ,2.6, ,32, ,68.6, 
47,Brentwood,San Francisco Bay,5/15/2021,0800,135,0.01, ,0.00, ,767, ,11.1, ,58.4, ,67, ,47.4, ,5.5, ,42, ,68.2, 
47,Brentwood,San Francisco Bay,5/15/2021,0900,135,0.01, ,0.00, ,777, ,11.2, ,60.4, ,62, ,47.5, ,4.6, ,7, ,68.3, 
47,Brentwood,San Francisco Bay,5/15/2021,1000,135,0.01, ,0.00, ,832, ,11.2, ,60.5, ,62, ,47.6, ,4.6, ,181, ,68.7, 
47,Brentwood,San Francisco Bay,5/15/2021,1100,135,0.02, ,0.00, ,1271, ,11.3, ,62.4, ,59, ,47.8, ,4.9, ,176, ,69.2, 
47,Brentwood,San Francisco Bay,5/15/2021,1200,135,0.02, ,0.00, ,1879, ,11.7, ,66.1, ,53, ,48.7, ,4.4, ,216, ,70.0, 
47,Brentwood,San Francisco Bay,5/15/2021,1300,135,0.02, ,0.00, ,1774, ,11.5, ,68.0, ,49, ,48.2, ,4.8, ,236, ,71.3, 
47,Brentwood,San Francisco Bay,5/15/2021,1400,135,0.02, ,0.00, ,1821, ,11.4, ,70.0, ,45, ,47.9, ,5.2, ,272, ,73.1, 
47,Brentwood,San Francisco Bay,5/15/2021,1500,135,0.02, ,0.00, ,1642, ,11.6, ,72.0, ,43, ,48.4, ,5.2, ,285, ,74.9, 
47,Brentwood,San Francisco Bay,5/15/2021,1600,135,0.02, ,0.00, ,1179, ,11.8, ,73.3, ,42, ,49.0, ,6.8, ,343, ,76.2, 
47,Brentwood,San Francisco Bay,5/15/2021,1700,135,0.01, ,0.00, ,660, ,11.4, ,72.3, ,42, ,48.1, ,7.4, ,317, ,76.8, 
47,Brentwood,San Francisco Bay,5/15/2021,1800,135,0.01, ,0.00, ,549, ,11.3, ,71.5, ,43, ,47.9, ,9.3, ,231, ,76.9, 
47,Brentwood,San Francisco Bay,5/15/2021,1900,135,0.00, ,0.00, ,104, ,10.9, ,68.2, ,46, ,46.9, ,9.3, ,238, ,76.7, 
47,Brentwood,San Francisco Bay,5/15/2021,2000,135,0.00, ,0.00, ,4, ,11.0, ,65.3, ,52, ,47.1, ,3.7, ,209, ,76.2, 
47,Brentwood,San Francisco Bay,5/15/2021,2100,135,0.00, ,0.00, ,0, ,11.2, ,61.6, ,60, ,47.5, ,2.8, ,183, ,75.3, 
47,Brentwood,San Francisco Bay,5/15/2021,2200,135,0.00, ,0.00, ,0, ,11.3, ,61.8, ,60, ,47.9, ,4.0, ,212, ,74.4, 
47,Brentwood,San Francisco Bay,5/15/2021,2300,135,0.00, ,0.00, ,0, ,11.3, ,61.3, ,61, ,47.8, ,2.2, ,273, ,73.5, 
47,Brentwood,San Francisco Bay,5/15/2021,2400,135,0.00, ,0.00, ,0, ,11.3, ,59.6, ,65, ,47.8, ,4.7, ,284, ,72.6, 
47,Brentwood,San Francisco Bay,5/16/2021,0100,136,0.00, ,0.00, ,0, ,11.1, ,57.1, ,70, ,47.4, ,3.7, ,252, ,71.9, 
47,Brentwood,San Francisco Bay,5/16/2021,0200,136,0.00, ,0.00, ,0, ,11.3, ,55.0, ,76, ,47.7, ,1.8, ,38, ,71.2, 
47,Brentwood,San Francisco Bay,5/16/2021,0300,136,0.00, ,0.00, ,0, ,12.8, ,51.9, ,97, ,51.2, ,2.1, ,63, ,70.5, 
47,Brentwood,San Francisco Bay,5/16/2021,0400,136,0.00, ,0.00, ,0, ,12.8, ,51.4, ,99, ,51.1, ,2.3, ,85, ,69.7, 
47,Brentwood,San Francisco Bay,5/16/2021,0500,136,0.00, ,0.00, ,3, ,13.2, ,52.2, ,99, ,52.0, ,3.1, ,50, ,68.9, 
47,Brentwood,San Francisco Bay,5/16/2021,0600,136,0.00, ,0.00, ,130, ,14.3, ,54.2, ,99, ,54.1, ,4.7, ,26, ,68.2, 
47,Brentwood,San Francisco Bay,5/16/2021,0700,136,0.00, ,0.00, ,430, ,15.8, ,58.1, ,96, ,56.8, ,5.8, ,14, ,67.7, 
47,Brentwood,San Francisco Bay,5/16/2021,0800,136,0.01, ,0.00, ,731, ,15.4, ,60.9, ,85, ,56.2, ,5.2, ,355, ,67.4, 
47,Brentwood,San Francisco Bay,5/16/2021,0900,136,0.01, ,0.00, ,1133, ,15.0, ,63.1, ,76, ,55.5, ,3.5, ,315, ,67.6, 
47,Brentwood,San Francisco Bay,5/16/2021,1000,136,0.02, ,0.00, ,1501, ,13.0, ,65.6, ,60, ,51.5, ,3.0, ,106, ,68.5, 
47,Brentwood,San Francisco Bay,5/16/2021,1100,136,0.02, ,0.00, ,1747, ,12.6, ,69.3, ,51, ,50.6, ,3.6, ,86, ,70.0, 
47,Brentwood,San Francisco Bay,5/16/2021,1200,136,0.03, ,0.00, ,1861, ,12.9, ,71.7, ,49, ,51.3, ,5.0, ,14, ,71.9, 
47,Brentwood,San Francisco Bay,5/16/2021,1300,136,0.03, ,0.00, ,1869, ,13.0, ,73.3, ,46, ,51.5, ,4.2, ,86, ,74.2, 
47,Brentwood,San Francisco Bay,5/16/2021,1400,136,0.03, ,0.00, ,1780, ,13.4, ,75.9, ,44, ,52.4, ,5.5, ,79, ,76.5, 
47,Brentwood,San Francisco Bay,5/16/2021,1500,136,0.02, ,0.00, ,1592, ,12.2, ,77.6, ,38, ,49.8, ,6.9, ,247, ,78.3,Y
47,Brentwood,San Francisco Bay,5/16/2021,1600,136,0.02, ,0.00, ,1304, ,12.0, ,76.1, ,39, ,49.5, ,11.5, ,248, ,79.3,Y
47,Brentwood,San Francisco Bay,5/16/2021,1700,136,0.02, ,0.00, ,936, ,11.6, ,74.9, ,39, ,48.5, ,9.2, ,243, ,79.5,Y
47,Brentwood,San Francisco Bay,5/16/2021,1800,136,0.01, ,0.00, ,522, ,11.6, ,73.0, ,42, ,48.4, ,8.3, ,262, ,79.2,Y
47,Brentwood,San Francisco Bay,5/16/2021,1900,136,0.00, ,0.00, ,156, ,11.6, ,69.6, ,47, ,48.4, ,6.4, ,262, ,78.7,Y
47,Brentwood,San Francisco Bay,5/16/2021,2000,136,0.00, ,0.00, ,5, ,11.8, ,65.3, ,55, ,48.8, ,3.4, ,241, ,78.0,Y
47,Brentwood,San Francisco Bay,5/16/2021,2100,136,0.00, ,0.00, ,0, ,11.7, ,61.4, ,63, ,48.7, ,2.9, ,354, ,77.1, 
47,Brentwood,San Francisco Bay,5/16/2021,2200,136,0.00, ,0.00, ,0, ,11.1, ,58.2, ,67, ,47.2, ,5.7, ,342, ,76.0, 
47,Brentwood,San Francisco Bay,5/16/2021,2300,136,0.00, ,0.00, ,0, ,11.1, ,56.9, ,70, ,47.3, ,5.3, ,322, ,74.8, 
47,Brentwood,San Francisco Bay,5/16/2021,2400,136,0.00, ,0.00, ,0, ,11.3, ,55.5, ,75, ,47.8, ,3.6, ,298, ,73.8, 
47,Brentwood,San Francisco Bay,5/17/2021,0100,137,0.00, ,0.00, ,0, ,11.5, ,55.1, ,77, ,48.2, ,4.6, ,281, ,72.8, 
47,Brentwood,San Francisco Bay,5/17/2021,0200,137,0.00, ,0.00, ,0, ,11.5, ,54.8, ,78, ,48.3, ,5.1, ,269, ,71.9, 
47,Brentwood,San Francisco Bay,5/17/2021,0300,137,0.00, ,0.00, ,0, ,12.8, ,52.5, ,95, ,51.2, ,1.6, ,110, ,71.0, 
47,Brentwood,San Francisco Bay,5/17/2021,0400,137,0.00, ,0.00, ,1, ,11.5, ,48.4, ,99, ,48.2, ,2.1, ,83, ,70.2, 
47,Brentwood,San Francisco Bay,5/17/2021,0500,137,0.00, ,0.00, ,4, ,11.8, ,49.2, ,99, ,49.0, ,2.5, ,170, ,69.4, 
47,Brentwood,San Francisco Bay,5/17/2021,0600,137,0.00, ,0.00, ,141, ,12.7, ,51.2, ,99, ,51.0, ,3.4, ,279, ,68.5, 
47,Brentwood,San Francisco Bay,5/17/2021,0700,137,0.00, ,0.00, ,488, ,14.7, ,57.4, ,91, ,54.8, ,4.1, ,330, ,67.8, 
47,Brentwood,San Francisco Bay,5/17/2021,0800,137,0.01, ,0.00, ,897, ,14.7, ,59.3, ,85, ,55.0, ,4.5, ,69, ,67.4, 
47,Brentwood,San Francisco Bay,5/17/2021,0900,137,0.01, ,0.00, ,1273, ,14.5, ,62.0, ,76, ,54.5, ,4.0, ,74, ,67.6, 
47,Brentwood,San Francisco Bay,5/17/2021,1000,137,0.02, ,0.00, ,1581, ,14.2, ,65.0, ,67, ,53.9, ,5.0, ,322, ,68.4, 
47,Brentwood,San Francisco Bay,5/17/2021,1100,137,0.02, ,0.00, ,1803, ,12.1, ,67.6, ,52, ,49.5, ,4.8, ,264, ,69.9, 
47,Brentwood,San Francisco Bay,5/17/2021,1200,137,0.03, ,0.00, ,1920, ,11.3, ,70.1, ,45, ,47.7, ,5.1, ,270, ,71.8, 
47,Brentwood,San Francisco Bay,5/17/2021,1300,137,0.03, ,0.00, ,1935, ,11.2, ,72.4, ,41, ,47.6, ,6.1, ,247, ,74.0, 
47,Brentwood,San Francisco Bay,5/17/2021,1400,137,0.03, ,0.00, ,1819, ,11.3, ,74.1, ,39, ,47.8, ,6.1, ,241, ,76.1, 
47,Brentwood,San Francisco Bay,5/17/2021,1500,137,0.02, ,0.00, ,1617, ,11.5, ,76.4, ,37, ,48.3, ,6.8, ,256, ,77.8, 
47,Brentwood,San Francisco Bay,5/17/2021,1600,137,0.02, ,0.00, ,1367, ,11.1, ,76.5, ,36, ,47.3, ,8.2, ,242, ,79.0,Y
47,Brentwood,San Francisco Bay,5/17/2021,1700,137,0.02, ,0.00, ,973, ,10.6, ,74.0, ,37, ,46.1, ,10.7, ,237, ,79.4,Y
47,Brentwood,San Francisco Bay,5/17/2021,1800,137,0.01, ,0.00, ,545, ,10.5, ,71.9, ,39, ,45.8, ,9.1, ,220, ,79.3,Y
47,Brentwood,San Francisco Bay,5/17/2021,1900,137,0.00, ,0.00, ,169, ,10.8, ,65.7, ,50, ,46.6, ,8.2, ,198, ,78.7,Y
47,Brentwood,San Francisco Bay,5/17/2021,2000,137,0.00, ,0.00, ,5, ,10.8, ,60.5, ,60, ,46.5, ,7.0, ,190, ,77.9,Y
47,Brentwood,San Francisco Bay,5/17/2021,2100,137,0.00, ,0.00, ,0, ,10.7, ,59.5, ,61, ,46.2, ,5.8, ,189, ,77.0, 
47,Brentwood,San Francisco Bay,5/17/2021,2200,137,0.00, ,0.00, ,0, ,10.4, ,58.7, ,62, ,45.7, ,4.5, ,168, ,75.8, 
47,Brentwood,San Francisco Bay,5/17/2021,2300,137,0.00, ,0.00, ,0, ,10.4, ,57.9, ,63, ,45.5, ,5.4, ,181, ,74.5, 
47,Brentwood,San Francisco Bay,5/17/2021,2400,137,0.00, ,0.00, ,0, ,9.7, ,60.4, ,54, ,43.6, ,7.2, ,221, ,73.3, 
47,Brentwood,San Francisco Bay,5/18/2021,0100,138,0.00, ,0.00, ,0, ,9.4, ,60.5, ,52, ,43.0, ,8.3, ,222, ,72.3, 
47,Brentwood,San Francisco Bay,5/18/2021,0200,138,0.00, ,0.00, ,0, ,9.9, ,55.1, ,67, ,44.2, ,3.4, ,107, ,71.4, 
47,Brentwood,San Francisco Bay,5/18/2021,0300,138,0.00, ,0.00, ,0, ,9.6, ,52.2, ,72, ,43.6, ,2.9, ,45, ,70.5, 
47,Brentwood,San Francisco Bay,5/18/2021,0400,138,0.00, ,0.00, ,0, ,9.8, ,50.0, ,79, ,43.9, ,2.5, ,293, ,69.6, 
47,Brentwood,San Francisco Bay,5/18/2021,0500,138,0.00, ,0.00, ,6, ,12.0, ,49.6, ,99, ,49.4, ,1.6, ,102, ,68.7, 
47,Brentwood,San Francisco Bay,5/18/2021,0600,138,0.00, ,0.00, ,153, ,12.6, ,51.2, ,98, ,50.7, ,1.4, ,308, ,67.9, 
47,Brentwood,San Francisco Bay,5/18/2021,0700,138,0.01, ,0.00, ,508, ,13.7, ,59.4, ,79, ,52.9, ,2.0, ,25, ,67.1, 
47,Brentwood,San Francisco Bay,5/18/2021,0800,138,0.01, ,0.00, ,928, ,12.6, ,65.1, ,59, ,50.6, ,3.7, ,5, ,66.6, 
47,Brentwood,San Francisco Bay,5/18/2021,0900,138,0.02, ,0.00, ,1302, ,10.3, ,68.3, ,44, ,45.4, ,3.3, ,244, ,66.9, 
47,Brentwood,San Francisco Bay,5/18/2021,1000,138,0.02, ,0.00, ,1596, ,9.8, ,73.2, ,35, ,44.0, ,4.1, ,290, ,67.9, 
47,Brentwood,San Francisco Bay,5/18/2021,1100,138,0.03, ,0.00, ,1807, ,10.1, ,77.0, ,32, ,44.7, ,5.4, ,244, ,69.5, 
47,Brentwood,San Francisco Bay,5/18/2021,1200,138,0.03, ,0.00, ,1935, ,9.2, ,80.5, ,26, ,42.3, ,11.2, ,284, ,71.4, 
47,Brentwood,San Francisco Bay,5/18/2021,1300,138,0.03, ,0.00, ,1970, ,6.8, ,82.3, ,18, ,34.5, ,10.4, ,275, ,73.0, 
47,Brentwood,San Francisco Bay,5/18/2021,1400,138,0.03, ,0.00, ,1869, ,6.7, ,84.0, ,17, ,34.2, ,10.8, ,283, ,74.5, 
47,Brentwood,San Francisco Bay,5/18/2021,1500,138,0.03, ,0.00, ,1664, ,6.3, ,83.3, ,16, ,32.7, ,12.1, ,263, ,75.7, 
47,Brentwood,San Francisco Bay,5/18/2021,1600,138,0.02, ,0.00, ,1360, ,9.3, ,80.6, ,26, ,42.8, ,11.0, ,206, ,76.7, 
47,Brentwood,San Francisco Bay,5/18/2021,1700,138,0.02, ,0.00, ,984, ,9.1, ,77.5, ,28, ,42.1, ,11.2, ,205, ,77.0, 
47,Brentwood,San Francisco Bay,5/18/2021,1800,138,0.01, ,0.00, ,567, ,8.3, ,75.0, ,28, ,39.8, ,9.7, ,212, ,76.8, 
47,Brentwood,San Francisco Bay,5/18/2021,1900,138,0.01, ,0.00, ,187, ,8.0, ,70.0, ,32, ,38.7, ,11.1, ,220, ,76.4, 
47,Brentwood,San Francisco Bay,5/18/2021,2000,138,0.00, ,0.00, ,7, ,7.6, ,64.5, ,37, ,37.3, ,9.5, ,203, ,75.8, 
47,Brentwood,San Francisco Bay,5/18/2021,2100,138,0.00, ,0.00, ,0, ,7.4, ,62.0, ,39, ,36.7, ,10.4, ,203, ,75.0, 
47,Brentwood,San Francisco Bay,5/18/2021,2200,138,0.00, ,0.00, ,0, ,8.0, ,58.8, ,47, ,38.7, ,9.4, ,196, ,74.2, 
47,Brentwood,San Francisco Bay,5/18/2021,2300,138,0.00, ,0.00, ,0, ,8.7, ,55.9, ,57, ,40.9, ,8.7, ,191, ,73.3, 
47,Brentwood,San Francisco Bay,5/18/2021,2400,138,0.00, ,0.00, ,0, ,8.7, ,54.4, ,60, ,40.8, ,7.3, ,183, ,72.3, 
47,Brentwood,San Francisco Bay,5/19/2021,0100,139,0.00, ,0.00, ,0, ,8.7, ,54.3, ,61, ,41.0, ,8.9, ,190, ,71.2, 
47,Brentwood,San Francisco Bay,5/19/2021,0200,139,0.00, ,0.00, ,0, ,8.8, ,54.0, ,62, ,41.1, ,9.0, ,204, ,70.3, 
47,Brentwood,San Francisco Bay,5/19/2021,0300,139,0.00, ,0.00, ,0, ,8.9, ,53.2, ,65, ,41.6, ,10.4, ,206, ,69.5, 
47,Brentwood,San Francisco Bay,5/19/2021,0400,139,0.00, ,0.00, ,0, ,9.3, ,52.6, ,69, ,42.7, ,12.0, ,199, ,69.0, 
47,Brentwood,San Francisco Bay,5/19/2021,0500,139,0.00, ,0.00, ,4, ,9.1, ,52.4, ,68, ,42.2, ,9.6, ,192, ,68.4, 
47,Brentwood,San Francisco Bay,5/19/2021,0600,139,0.00, ,0.00, ,153, ,9.3, ,52.8, ,68, ,42.6, ,15.0, ,194, ,67.9, 
47,Brentwood,San Francisco Bay,5/19/2021,0700,139,0.01, ,0.00, ,498, ,9.1, ,55.8, ,60, ,42.0, ,11.3, ,209, ,67.5, 
47,Brentwood,San Francisco Bay,5/19/2021,0800,139,0.01, ,0.00, ,914, ,8.4, ,59.1, ,49, ,40.0, ,11.4, ,220, ,67.1, 
47,Brentwood,San Francisco Bay,5/19/2021,0900,139,0.02, ,0.00, ,1296, ,8.1, ,62.3, ,42, ,39.2, ,9.8, ,214, ,67.0, 
47,Brentwood,San Francisco Bay,5/19/2021,1000,139,0.02, ,0.00, ,1607, ,8.1, ,65.2, ,38, ,39.0, ,9.5, ,206, ,67.4, 
47,Brentwood,San Francisco Bay,5/19/2021,1100,139,0.03, ,0.00, ,1819, ,7.9, ,67.3, ,34, ,38.3, ,9.3, ,225, ,68.3, 
47,Brentwood,San Francisco Bay,5/19/2021,1200,139,0.03, ,0.00, ,1935, ,7.5, ,69.0, ,31, ,37.1, ,8.3, ,230, ,69.7, 
47,Brentwood,San Francisco Bay,5/19/2021,1300,139,0.03, ,0.00, ,1947, ,7.5, ,70.4, ,30, ,37.1, ,9.9, ,225, ,71.4, 
47,Brentwood,San Francisco Bay,5/19/2021,1400,139,0.03, ,0.00, ,1850, ,7.9, ,70.7, ,31, ,38.6, ,9.2, ,213, ,73.1, 
47,Brentwood,San Francisco Bay,5/19/2021,1500,139,0.03, ,0.00, ,1656, ,8.9, ,70.0, ,36, ,41.6, ,12.3, ,202, ,74.5, 
47,Brentwood,San Francisco Bay,5/19/2021,1600,139,0.02, ,0.00, ,1374, ,9.3, ,69.5, ,38, ,42.5, ,15.1, ,185, ,75.3, 
47,Brentwood,San Francisco Bay,5/19/2021,1700,139,0.02, ,0.00, ,1008, ,8.6, ,67.6, ,37, ,40.8, ,14.2, ,207, ,75.4, 
47,Brentwood,San Francisco Bay,5/19/2021,1800,139,0.01, ,0.00, ,584, ,8.8, ,63.6, ,44, ,41.2, ,13.8, ,189, ,75.1, 
47,Brentwood,San Francisco Bay,5/19/2021,1900,139,0.00, ,0.00, ,192, ,8.8, ,60.1, ,50, ,41.1, ,9.3, ,188, ,74.7, 
47,Brentwood,San Francisco Bay,5/19/2021,2000,139,0.00, ,0.00, ,7, ,8.8, ,55.9, ,58, ,41.2, ,8.9, ,180, ,74.0, 
47,Brentwood,San Francisco Bay,5/19/2021,2100,139,0.00, ,0.00, ,0, ,8.2, ,55.5, ,55, ,39.5, ,7.8, ,200, ,73.1, 
47,Brentwood,San Francisco Bay,5/19/2021,2200,139,0.00, ,0.00, ,0, ,7.8, ,54.3, ,54, ,38.0, ,6.0, ,207, ,72.2, 
47,Brentwood,San Francisco Bay,5/19/2021,2300,139,0.00, ,0.00, ,0, ,6.5, ,55.9, ,43, ,33.7, ,12.8, ,248, ,71.2, 
47,Brentwood,San Francisco Bay,5/19/2021,2400,139,0.00, ,0.00, ,0, ,6.3, ,54.6, ,43, ,32.8, ,14.5, ,256, ,70.2, 
47,Brentwood,San Francisco Bay,5/20/2021,0100,140,0.00, ,0.00, ,0, ,6.5, ,53.0, ,47, ,33.5, ,11.5, ,256, ,69.4, 
47,Brentwood,San Francisco Bay,5/20/2021,0200,140,0.00, ,0.00, ,0, ,6.3, ,52.6, ,46, ,32.7, ,10.9, ,257, ,68.7, 
47,Brentwood,San Francisco Bay,5/20/2021,0300,140,0.00, ,0.00, ,1, ,6.4, ,50.0, ,52, ,33.0, ,5.3, ,236, ,68.0, 
47,Brentwood,San Francisco Bay,5/20/2021,0400,140,0.00, ,0.00, ,1, ,6.4, ,48.1, ,56, ,33.1, ,3.9, ,241, ,67.3, 
47,Brentwood,San Francisco Bay,5/20/2021,0500,140,0.00, ,0.00, ,5, ,6.3, ,47.4, ,56, ,32.7, ,3.9, ,216, ,66.5, 
47,Brentwood,San Francisco Bay,5/20/2021,0600,140,0.00, ,0.00, ,167, ,6.4, ,48.8, ,54, ,33.0, ,4.7, ,211, ,65.8, 
47,Brentwood,San Francisco Bay,5/20/2021,0700,140,0.01, ,0.00, ,529, ,6.6, ,53.5, ,47, ,33.7, ,5.9, ,231, ,65.1, 
47,Brentwood,San Francisco Bay,5/20/2021,0800,140,0.01, ,0.00, ,949, ,6.0, ,57.4, ,37, ,31.4, ,9.9, ,276, ,64.7, 
47,Brentwood,San Francisco Bay,5/20/2021,0900,140,0.02, ,0.00, ,1335, ,5.7, ,60.9, ,31, ,30.3, ,9.3, ,287, ,64.8, 
47,Brentwood,San Francisco Bay,5/20/2021,1000,140,0.02, ,0.00, ,1645, ,5.3, ,63.9, ,26, ,28.5, ,8.2, ,306, ,65.4, 
47,Brentwood,San Francisco Bay,5/20/2021,1100,140,0.03, ,0.00, ,1861, ,5.5, ,66.2, ,25, ,29.2, ,8.6, ,309, ,66.4, 
47,Brentwood,San Francisco Bay,5/20/2021,1200,140,0.03, ,0.00, ,1976, ,5.4, ,67.3, ,24, ,28.8, ,8.4, ,302, ,67.8, 
47,Brentwood,San Francisco Bay,5/20/2021,1300,140,0.03, ,0.00, ,1991, ,5.1, ,68.8, ,21, ,27.5, ,8.7, ,293, ,69.5, 
47,Brentwood,San Francisco Bay,5/20/2021,1400,140,0.03, ,0.00, ,1892, ,4.9, ,69.5, ,20, ,26.8, ,8.3, ,277, ,71.3, 
47,Brentwood,San Francisco Bay,5/20/2021,1500,140,0.02, ,0.00, ,1635, ,4.9, ,71.0, ,19, ,26.6, ,8.0, ,290, ,73.0, 
47,Brentwood,San Francisco Bay,5/20/2021,1600,140,0.02, ,0.00, ,1200, ,5.6, ,69.9, ,22, ,29.6, ,15.5, ,286, ,74.0, 
47,Brentwood,San Francisco Bay,5/20/2021,1700,140,0.02, ,0.00, ,690, ,6.2, ,66.1, ,28, ,32.2, ,16.1, ,271, ,74.1, 
47,Brentwood,San Francisco Bay,5/20/2021,1800,140,0.01, ,0.00, ,443, ,5.9, ,64.9, ,28, ,31.2, ,12.3, ,253, ,73.9, 
47,Brentwood,San Francisco Bay,5/20/2021,1900,140,0.01, ,0.00, ,70, ,6.3, ,63.6, ,32, ,32.9, ,12.1, ,264, ,73.5, 
47,Brentwood,San Francisco Bay,5/20/2021,2000,140,0.00, ,0.00, ,5, ,5.7, ,62.0, ,30, ,30.1, ,10.9, ,259, ,72.8, 
47,Brentwood,San Francisco Bay,5/20/2021,2100,140,0.00, ,0.00, ,0, ,5.3, ,60.5, ,30, ,28.6, ,9.3, ,280, ,72.1, 
47,Brentwood,San Francisco Bay,5/20/2021,2200,140,0.00, ,0.00, ,0, ,6.6, ,58.6, ,39, ,33.9, ,9.5, ,277, ,71.3, 
47,Brentwood,San Francisco Bay,5/20/2021,2300,140,0.00, ,0.00, ,0, ,6.5, ,57.8, ,40, ,33.7, ,11.6, ,273, ,70.5, 
47,Brentwood,San Francisco Bay,5/20/2021,2400,140,0.00, ,0.00, ,0, ,6.4, ,56.9, ,40, ,33.0, ,12.5, ,269, ,69.7, 
47,Brentwood,San Francisco Bay,5/21/2021,0100,141,0.00, ,0.00, ,0, ,6.7, ,56.0, ,44, ,34.1, ,11.8, ,271, ,69.0, 
47,Brentwood,San Francisco Bay,5/21/2021,0200,141,0.00, ,0.00, ,0, ,6.5, ,55.9, ,43, ,33.6, ,11.1, ,273, ,68.3, 
47,Brentwood,San Francisco Bay,5/21/2021,0300,141,0.00, ,0.00, ,0, ,6.4, ,55.4, ,43, ,33.2, ,10.7, ,271, ,67.7, 
47,Brentwood,San Francisco Bay,5/21/2021,0400,141,0.00, ,0.00, ,0, ,6.0, ,55.5, ,40, ,31.5, ,10.6, ,281, ,67.1, 
47,Brentwood,San Francisco Bay,5/21/2021,0500,141,0.00, ,0.00, ,4, ,5.8, ,55.2, ,39, ,30.6, ,11.1, ,289, ,66.6, 
47,Brentwood,San Francisco Bay,5/21/2021,0600,141,0.00, ,0.00, ,163, ,5.9, ,56.0, ,39, ,31.1, ,10.8, ,289, ,66.1, 
47,Brentwood,San Francisco Bay,5/21/2021,0700,141,0.01, ,0.00, ,522, ,6.2, ,58.2, ,38, ,32.5, ,11.3, ,287, ,65.7, 
47,Brentwood,San Francisco Bay,5/21/2021,0800,141,0.02, ,0.00, ,935, ,6.2, ,61.1, ,34, ,32.3, ,12.5, ,295, ,65.5, 
47,Brentwood,San Francisco Bay,5/21/2021,0900,141,0.02, ,0.00, ,1315, ,6.5, ,63.3, ,33, ,33.5, ,13.0, ,287, ,65.6, 
47,Brentwood,San Francisco Bay,5/21/2021,1000,141,0.03, ,0.00, ,1623, ,6.2, ,66.6, ,28, ,32.5, ,13.9, ,295, ,66.0, 
47,Brentwood,San Francisco Bay,5/21/2021,1100,141,0.03, ,0.00, ,1813, ,6.2, ,68.3, ,26, ,32.4, ,10.9, ,288, ,66.8, 
47,Brentwood,San Francisco Bay,5/21/2021,1200,141,0.03, ,0.00, ,1914, ,6.1, ,70.1, ,24, ,31.8, ,9.5, ,298, ,68.1, 
47,Brentwood,San Francisco Bay,5/21/2021,1300,141,0.03, ,0.00, ,2020, ,6.0, ,71.7, ,23, ,31.4, ,10.4, ,282, ,69.8, 
47,Brentwood,San Francisco Bay,5/21/2021,1400,141,0.03, ,0.00, ,1741, ,5.6, ,73.8, ,20, ,29.7, ,11.0, ,304, ,71.4, 
47,Brentwood,San Francisco Bay,5/21/2021,1500,141,0.03, ,0.00, ,1621, ,5.7, ,73.2, ,20, ,30.1, ,9.5, ,279, ,72.8, 
47,Brentwood,San Francisco Bay,5/21/2021,1600,141,0.02, ,0.00, ,1279, ,5.8, ,73.6, ,21, ,30.8, ,7.8, ,284, ,74.0, 
47,Brentwood,San Francisco Bay,5/21/2021,1700,141,0.02, ,0.00, ,897, ,6.5, ,72.1, ,24, ,33.5, ,9.8, ,251, ,74.6, 
47,Brentwood,San Francisco Bay,5/21/2021,1800,141,0.01, ,0.00, ,571, ,6.8, ,69.9, ,27, ,34.6, ,11.0, ,225, ,74.8, 
47,Brentwood,San Francisco Bay,5/21/2021,1900,141,0.01, ,0.00, ,189, ,6.7, ,66.7, ,30, ,34.2, ,9.5, ,210, ,74.5, 
47,Brentwood,San Francisco Bay,5/21/2021,2000,141,0.00, ,0.00, ,6, ,7.4, ,61.4, ,40, ,36.7, ,6.3, ,190, ,74.0, 
47,Brentwood,San Francisco Bay,5/21/2021,2100,141,0.00, ,0.00, ,0, ,7.2, ,59.8, ,41, ,36.0, ,6.3, ,182, ,73.2, 
47,Brentwood,San Francisco Bay,5/21/2021,2200,141,0.00, ,0.00, ,0, ,7.1, ,59.1, ,42, ,35.9, ,6.3, ,195, ,72.3, 
47,Brentwood,San Francisco Bay,5/21/2021,2300,141,0.00, ,0.00, ,0, ,7.4, ,57.4, ,46, ,36.8, ,3.8, ,215, ,71.4, 
47,Brentwood,San Francisco Bay,5/21/2021,2400,141,0.00, ,0.00, ,0, ,7.8, ,54.2, ,54, ,38.1, ,2.9, ,181, ,70.4, 
47,Brentwood,San Francisco Bay,5/22/2021,0100,142,0.00, ,0.00, ,0, ,7.4, ,49.6, ,61, ,36.8, ,2.2, ,26, ,69.5, 
47,Brentwood,San Francisco Bay,5/22/2021,0200,142,0.00, ,0.00, ,1, ,7.8, ,49.5, ,65, ,38.1, ,2.0, ,80, ,68.6, 
47,Brentwood,San Francisco Bay,5/22/2021,0300,142,0.00, ,0.00, ,0, ,8.5, ,48.7, ,72, ,40.2, ,1.7, ,137, ,67.7, 
47,Brentwood,San Francisco Bay,5/22/2021,0400,142,0.00, ,0.00, ,0, ,8.4, ,47.4, ,75, ,40.1, ,2.6, ,242, ,66.8, 
47,Brentwood,San Francisco Bay,5/22/2021,0500,142,0.00, ,0.00, ,4, ,10.8, ,48.4, ,94, ,46.6, ,3.4, ,190, ,65.9, 
47,Brentwood,San Francisco Bay,5/22/2021,0600,142,0.00, ,0.00, ,140, ,10.5, ,48.1, ,92, ,45.8, ,3.4, ,173, ,65.2, 
47,Brentwood,San Francisco Bay,5/22/2021,0700,142,0.01, ,0.00, ,508, ,9.9, ,58.5, ,59, ,44.4, ,1.5, ,67, ,64.5, 
47,Brentwood,San Francisco Bay,5/22/2021,0800,142,0.01, ,0.00, ,816, ,8.8, ,63.4, ,44, ,41.3, ,8.0, ,288, ,64.3, 
47,Brentwood,San Francisco Bay,5/22/2021,0900,142,0.02, ,0.00, ,992, ,8.2, ,65.2, ,39, ,39.4, ,9.4, ,298, ,64.6, 
47,Brentwood,San Francisco Bay,5/22/2021,1000,142,0.02, ,0.00, ,1526, ,8.4, ,67.7, ,36, ,40.1, ,8.2, ,295, ,65.3, 
47,Brentwood,San Francisco Bay,5/22/2021,1100,142,0.03, ,0.00, ,1809, ,8.8, ,71.0, ,34, ,41.2, ,8.0, ,321, ,66.3, 
47,Brentwood,San Francisco Bay,5/22/2021,1200,142,0.03, ,0.00, ,1817, ,8.3, ,72.4, ,30, ,39.7, ,7.2, ,303, ,67.9, 
47,Brentwood,San Francisco Bay,5/22/2021,1300,142,0.03, ,0.00, ,1941, ,7.8, ,75.1, ,26, ,38.0, ,7.2, ,304, ,69.8, 
47,Brentwood,San Francisco Bay,5/22/2021,1400,142,0.03, ,0.00, ,1918, ,7.2, ,76.1, ,23, ,36.1, ,8.0, ,275, ,71.8, 
47,Brentwood,San Francisco Bay,5/22/2021,1500,142,0.03, ,0.00, ,1660, ,6.9, ,77.2, ,22, ,35.0, ,8.6, ,296, ,73.7, 
47,Brentwood,San Francisco Bay,5/22/2021,1600,142,0.02, ,0.00, ,1363, ,7.6, ,76.6, ,24, ,37.5, ,12.1, ,281, ,75.0, 
47,Brentwood,San Francisco Bay,5/22/2021,1700,142,0.02, ,0.00, ,984, ,7.3, ,74.4, ,25, ,36.6, ,14.6, ,269, ,75.4, 
47,Brentwood,San Francisco Bay,5/22/2021,1800,142,0.02, ,0.00, ,585, ,6.4, ,71.9, ,24, ,33.3, ,14.5, ,265, ,75.3, 
47,Brentwood,San Francisco Bay,5/22/2021,1900,142,0.01, ,0.00, ,194, ,6.6, ,68.8, ,27, ,33.8, ,13.5, ,267, ,74.9, 
47,Brentwood,San Francisco Bay,5/22/2021,2000,142,0.00, ,0.00, ,8, ,6.7, ,64.8, ,32, ,34.2, ,6.0, ,229, ,74.4, 
47,Brentwood,San Francisco Bay,5/22/2021,2100,142,0.00, ,0.00, ,0, ,6.9, ,62.1, ,36, ,35.0, ,5.0, ,223, ,73.6, 
47,Brentwood,San Francisco Bay,5/22/2021,2200,142,0.00, ,0.00, ,0, ,7.3, ,59.6, ,42, ,36.6, ,4.6, ,189, ,72.7, 
47,Brentwood,San Francisco Bay,5/22/2021,2300,142,0.00, ,0.00, ,0, ,7.6, ,57.7, ,47, ,37.6, ,4.4, ,195, ,71.7, 
47,Brentwood,San Francisco Bay,5/22/2021,2400,142,0.00, ,0.00, ,0, ,7.4, ,55.6, ,49, ,36.7, ,2.5, ,213, ,70.7, 
47,Brentwood,San Francisco Bay,5/23/2021,0100,143,0.00, ,0.00, ,0, ,7.4, ,53.4, ,53, ,36.8, ,3.2, ,30, ,69.7, 
47,Brentwood,San Francisco Bay,5/23/2021,0200,143,0.00, ,0.00, ,0, ,9.8, ,51.4, ,76, ,44.0, ,5.2, ,21, ,68.7, 
47,Brentwood,San Francisco Bay,5/23/2021,0300,143,0.00, ,0.00, ,0, ,9.8, ,50.8, ,78, ,44.1, ,3.3, ,315, ,67.8, 
47,Brentwood,San Francisco Bay,5/23/2021,0400,143,0.00, ,0.00, ,2, ,9.1, ,50.9, ,72, ,42.1, ,2.7, ,309, ,67.0, 
47,Brentwood,San Francisco Bay,5/23/2021,0500,143,0.00, ,0.00, ,6, ,9.9, ,50.6, ,79, ,44.2, ,4.4, ,189, ,66.3, 
47,Brentwood,San Francisco Bay,5/23/2021,0600,143,0.00, ,0.00, ,157, ,9.9, ,53.4, ,71, ,44.2, ,5.2, ,212, ,65.7, 
47,Brentwood,San Francisco Bay,5/23/2021,0700,143,0.01, ,0.00, ,514, ,9.7, ,57.1, ,61, ,43.8, ,5.7, ,202, ,65.1, 
47,Brentwood,San Francisco Bay,5/23/2021,0800,143,0.01, ,0.00, ,915, ,9.5, ,60.2, ,53, ,43.1, ,6.1, ,210, ,64.9, 
47,Brentwood,San Francisco Bay,5/23/2021,0900,143,0.02, ,0.00, ,1291, ,9.5, ,62.9, ,49, ,43.3, ,9.1, ,218, ,65.2, 
47,Brentwood,San Francisco Bay,5/23/2021,1000,143,0.02, ,0.00, ,1595, ,9.5, ,65.0, ,45, ,43.1, ,7.7, ,221, ,66.0, 
47,Brentwood,San Francisco Bay,5/23/2021,1100,143,0.02, ,0.00, ,1811, ,9.1, ,67.2, ,40, ,42.0, ,4.7, ,238, ,67.3, 
47,Brentwood,San Francisco Bay,5/23/2021,1200,143,0.03, ,0.00, ,1925, ,9.3, ,69.8, ,37, ,42.7, ,4.7, ,193, ,69.2, 
47,Brentwood,San Francisco Bay,5/23/2021,1300,143,0.03, ,0.00, ,1931, ,10.1, ,73.3, ,36, ,44.8, ,5.2, ,304, ,71.5, 
47,Brentwood,San Francisco Bay,5/23/2021,1400,143,0.03, ,0.00, ,1830, ,10.5, ,73.7, ,37, ,45.7, ,5.1, ,87, ,73.9, 
47,Brentwood,San Francisco Bay,5/23/2021,1500,143,0.02, ,0.00, ,1639, ,10.5, ,75.7, ,35, ,45.8, ,5.1, ,191, ,76.0, 
47,Brentwood,San Francisco Bay,5/23/2021,1600,143,0.02, ,0.00, ,1356, ,10.0, ,77.3, ,31, ,44.6, ,7.0, ,304, ,77.3, 
47,Brentwood,San Francisco Bay,5/23/2021,1700,143,0.02, ,0.00, ,992, ,10.0, ,77.6, ,31, ,44.4, ,9.3, ,304, ,77.8, 
47,Brentwood,San Francisco Bay,5/23/2021,1800,143,0.01, ,0.00, ,584, ,10.0, ,76.3, ,32, ,44.6, ,9.0, ,303, ,77.7, 
47,Brentwood,San Francisco Bay,5/23/2021,1900,143,0.00, ,0.00, ,192, ,10.2, ,72.0, ,38, ,45.2, ,8.0, ,276, ,77.3, 
47,Brentwood,San Francisco Bay,5/23/2021,2000,143,0.00, ,0.00, ,8, ,10.7, ,66.6, ,48, ,46.2, ,4.1, ,252, ,76.7, 
47,Brentwood,San Francisco Bay,5/23/2021,2100,143,0.00, ,0.00, ,0, ,10.5, ,63.2, ,53, ,45.7, ,3.5, ,230, ,75.8, 
47,Brentwood,San Francisco Bay,5/23/2021,2200,143,0.00, ,0.00, ,0, ,10.3, ,61.3, ,55, ,45.2, ,2.9, ,165, ,74.7, 
47,Brentwood,San Francisco Bay,5/23/2021,2300,143,0.00, ,0.00, ,0, ,10.2, ,58.0, ,62, ,45.1, ,2.8, ,179, ,73.5, 
47,Brentwood,San Francisco Bay,5/23/2021,2400,143,0.00, ,0.00, ,0, ,9.7, ,55.7, ,64, ,43.6, ,1.9, ,305, ,72.4, 
47,Brentwood,San Francisco Bay,5/24/2021,0100,144,0.00, ,0.00, ,0, ,9.8, ,55.4, ,65, ,44.0, ,2.1, ,190, ,71.3, 
47,Brentwood,San Francisco Bay,5/24/2021,0200,144,0.00, ,0.00, ,0, ,10.0, ,53.0, ,73, ,44.5, ,2.5, ,217, ,70.2, 
47,Brentwood,San Francisco Bay,5/24/2021,0300,144,0.00, ,0.00, ,0, ,10.7, ,51.0, ,84, ,46.4, ,2.1, ,54, ,69.2, 
47,Brentwood,San Francisco Bay,5/24/2021,0400,144,0.00, ,0.00, ,2, ,11.4, ,49.5, ,95, ,48.1, ,2.0, ,60, ,68.3, 
47,Brentwood,San Francisco Bay,5/24/2021,0500,144,0.00, ,0.00, ,7, ,12.0, ,49.6, ,99, ,49.3, ,2.3, ,89, ,67.5, 
47,Brentwood,San Francisco Bay,5/24/2021,0600,144,0.00, ,0.00, ,164, ,13.3, ,52.4, ,99, ,52.2, ,2.4, ,58, ,66.7, 
47,Brentwood,San Francisco Bay,5/24/2021,0700,144,0.01, ,0.00, ,513, ,15.6, ,59.3, ,91, ,56.6, ,4.3, ,42, ,66.1, 
47,Brentwood,San Francisco Bay,5/24/2021,0800,144,0.01, ,0.00, ,915, ,13.4, ,66.2, ,61, ,52.4, ,2.9, ,355, ,65.8, 
47,Brentwood,San Francisco Bay,5/24/2021,0900,144,0.02, ,0.00, ,1291, ,10.8, ,70.0, ,43, ,46.7, ,3.0, ,294, ,66.1, 
47,Brentwood,San Francisco Bay,5/24/2021,1000,144,0.02, ,0.00, ,1564, ,11.0, ,73.3, ,39, ,47.1, ,3.4, ,288, ,67.2, 
47,Brentwood,San Francisco Bay,5/24/2021,1100,144,0.03, ,0.00, ,1811, ,11.0, ,76.9, ,35, ,47.1, ,4.7, ,299, ,69.0, 
47,Brentwood,San Francisco Bay,5/24/2021,1200,144,0.03, ,0.00, ,1916, ,11.4, ,80.2, ,32, ,48.0, ,5.5, ,301, ,71.1, 
47,Brentwood,San Francisco Bay,5/24/2021,1300,144,0.03, ,0.00, ,1920, ,10.7, ,82.9, ,28, ,46.4, ,6.8, ,326, ,73.4, 
47,Brentwood,San Francisco Bay,5/24/2021,1400,144,0.03, ,0.00, ,1825, ,9.9, ,85.1, ,24, ,44.2, ,7.2, ,326, ,75.4, 
47,Brentwood,San Francisco Bay,5/24/2021,1500,144,0.03, ,0.00, ,1638, ,9.5, ,88.0, ,21, ,43.2, ,11.5, ,311, ,77.1, 
47,Brentwood,San Francisco Bay,5/24/2021,1600,144,0.03, ,0.00, ,1361, ,8.5, ,88.2, ,19, ,40.3, ,11.6, ,287, ,77.9, 
47,Brentwood,San Francisco Bay,5/24/2021,1700,144,0.02, ,0.00, ,1001, ,8.5, ,85.4, ,20, ,40.2, ,13.0, ,269, ,78.2, 
47,Brentwood,San Francisco Bay,5/24/2021,1800,144,0.02, ,0.00, ,589, ,8.9, ,82.0, ,24, ,41.5, ,13.9, ,270, ,78.1, 
47,Brentwood,San Francisco Bay,5/24/2021,1900,144,0.01, ,0.00, ,212, ,8.7, ,78.0, ,27, ,40.8, ,11.1, ,266, ,77.7, 
47,Brentwood,San Francisco Bay,5/24/2021,2000,144,0.00, ,0.00, ,11, ,8.5, ,73.9, ,30, ,40.5, ,8.6, ,248, ,77.2, 
47,Brentwood,San Francisco Bay,5/24/2021,2100,144,0.00, ,0.00, ,0, ,9.2, ,69.0, ,38, ,42.4, ,5.0, ,202, ,76.5, 
47,Brentwood,San Francisco Bay,5/24/2021,2200,144,0.00, ,0.00, ,0, ,9.7, ,66.1, ,44, ,43.7, ,5.8, ,228, ,75.5, 
47,Brentwood,San Francisco Bay,5/24/2021,2300,144,0.00, ,0.00, ,0, ,9.8, ,67.9, ,42, ,44.0, ,4.9, ,247, ,74.4, 
47,Brentwood,San Francisco Bay,5/24/2021,2400,144,0.00, ,0.00, ,0, ,9.8, ,67.4, ,43, ,44.0, ,8.3, ,245, ,73.4, 
47,Brentwood,San Francisco Bay,5/25/2021,0100,145,0.00, ,0.00, ,0, ,10.1, ,65.6, ,47, ,44.9, ,6.0, ,254, ,72.4, 
47,Brentwood,San Francisco Bay,5/25/2021,0200,145,0.00, ,0.00, ,0, ,10.6, ,64.1, ,52, ,46.0, ,4.8, ,252, ,71.6, 
47,Brentwood,San Francisco Bay,5/25/2021,0300,145,0.00, ,0.00, ,0, ,10.9, ,64.2, ,53, ,46.7, ,6.6, ,234, ,70.8, 
47,Brentwood,San Francisco Bay,5/25/2021,0400,145,0.00, ,0.00, ,0, ,11.0, ,64.4, ,54, ,47.2, ,5.7, ,256, ,70.2, 
47,Brentwood,San Francisco Bay,5/25/2021,0500,145,0.00, ,0.00, ,4, ,11.5, ,62.5, ,59, ,48.2, ,4.9, ,219, ,69.6, 
47,Brentwood,San Francisco Bay,5/25/2021,0600,145,0.00, ,0.00, ,151, ,12.1, ,60.5, ,67, ,49.6, ,6.6, ,196, ,69.1, 
47,Brentwood,San Francisco Bay,5/25/2021,0700,145,0.01, ,0.00, ,387, ,12.4, ,62.8, ,64, ,50.3, ,5.1, ,197, ,68.8, 
47,Brentwood,San Francisco Bay,5/25/2021,0800,145,0.01, ,0.00, ,909, ,11.6, ,66.2, ,53, ,48.5, ,8.5, ,225, ,68.5, 
47,Brentwood,San Francisco Bay,5/25/2021,0900,145,0.02, ,0.00, ,1331, ,10.5, ,68.5, ,44, ,45.8, ,8.1, ,245, ,68.6, 
47,Brentwood,San Francisco Bay,5/25/2021,1000,145,0.02, ,0.00, ,1629, ,10.1, ,71.0, ,39, ,44.9, ,6.0, ,237, ,69.2, 
47,Brentwood,San Francisco Bay,5/25/2021,1100,145,0.03, ,0.00, ,1848, ,9.3, ,73.5, ,33, ,42.7, ,6.3, ,244, ,70.4, 
47,Brentwood,San Francisco Bay,5/25/2021,1200,145,0.03, ,0.00, ,1960, ,10.2, ,75.7, ,33, ,44.9, ,6.0, ,218, ,72.1, 
47,Brentwood,San Francisco Bay,5/25/2021,1300,145,0.03, ,0.00, ,1964, ,9.6, ,77.8, ,30, ,43.6, ,5.4, ,255, ,74.1, 
47,Brentwood,San Francisco Bay,5/25/2021,1400,145,0.03, ,0.00, ,1869, ,9.5, ,79.2, ,28, ,43.1, ,9.5, ,276, ,76.0, 
47,Brentwood,San Francisco Bay,5/25/2021,1500,145,0.03, ,0.00, ,1691, ,8.3, ,80.0, ,24, ,39.8, ,7.5, ,285, ,77.5, 
47,Brentwood,San Francisco Bay,5/25/2021,1600,145,0.02, ,0.00, ,1386, ,9.9, ,79.8, ,29, ,44.3, ,7.1, ,242, ,78.6, 
47,Brentwood,San Francisco Bay,5/25/2021,1700,145,0.02, ,0.00, ,1021, ,10.2, ,77.0, ,32, ,45.0, ,11.0, ,222, ,79.1, 
47,Brentwood,San Francisco Bay,5/25/2021,1800,145,0.01, ,0.00, ,610, ,9.0, ,74.7, ,31, ,41.7, ,9.4, ,210, ,78.9, 
47,Brentwood,San Francisco Bay,5/25/2021,1900,145,0.00, ,0.00, ,220, ,9.6, ,72.2, ,36, ,43.5, ,6.4, ,202, ,78.4, 
47,Brentwood,San Francisco Bay,5/25/2021,2000,145,0.00, ,0.00, ,12, ,10.1, ,65.8, ,47, ,44.9, ,4.9, ,194, ,77.6, 
47,Brentwood,San Francisco Bay,5/25/2021,2100,145,0.00, ,0.00, ,0, ,10.6, ,61.2, ,57, ,46.0, ,4.9, ,182, ,76.7, 
47,Brentwood,San Francisco Bay,5/25/2021,2200,145,0.00, ,0.00, ,0, ,10.6, ,59.7, ,61, ,46.1, ,4.5, ,182, ,75.6, 
47,Brentwood,San Francisco Bay,5/25/2021,2300,145,0.00, ,0.00, ,0, ,10.5, ,57.7, ,65, ,45.8, ,2.1, ,177, ,74.5, 
47,Brentwood,San Francisco Bay,5/25/2021,2400,145,0.00, ,0.00, ,0, ,9.6, ,56.2, ,62, ,43.5, ,2.3, ,258, ,73.3, 
47,Brentwood,San Francisco Bay,5/26/2021,0100,146,0.00, ,0.00, ,0, ,9.2, ,53.0, ,67, ,42.5, ,1.9, ,358, ,72.2, 
47,Brentwood,San Francisco Bay,5/26/2021,0200,146,0.00, ,0.00, ,0, ,9.8, ,51.0, ,77, ,44.0, ,2.0, ,55, ,71.1, 
47,Brentwood,San Francisco Bay,5/26/2021,0300,146,0.00, ,0.00, ,1, ,11.5, ,51.1, ,90, ,48.2, ,1.2, ,145, ,70.1, 
47,Brentwood,San Francisco Bay,5/26/2021,0400,146,0.00, ,0.00, ,1, ,11.9, ,51.2, ,92, ,49.0, ,1.8, ,256, ,69.1, 
47,Brentwood,San Francisco Bay,5/26/2021,0500,146,0.00, ,0.00, ,9, ,12.0, ,50.2, ,97, ,49.4, ,2.2, ,183, ,68.2, 
47,Brentwood,San Francisco Bay,5/26/2021,0600,146,0.00, ,0.00, ,180, ,13.3, ,54.1, ,93, ,52.1, ,2.2, ,181, ,67.3, 
47,Brentwood,San Francisco Bay,5/26/2021,0700,146,0.01, ,0.00, ,536, ,13.7, ,64.0, ,67, ,52.9, ,1.9, ,355, ,66.5, 
47,Brentwood,San Francisco Bay,5/26/2021,0800,146,0.01, ,0.00, ,947, ,11.3, ,69.0, ,47, ,47.8, ,6.2, ,290, ,66.3, 
47,Brentwood,San Francisco Bay,5/26/2021,0900,146,0.02, ,0.00, ,1326, ,11.0, ,72.2, ,41, ,47.1, ,9.1, ,302, ,66.7, 
47,Brentwood,San Francisco Bay,5/26/2021,1000,146,0.02, ,0.00, ,1695, ,11.0, ,74.9, ,37, ,47.1, ,7.0, ,299, ,67.6, 
47,Brentwood,San Francisco Bay,5/26/2021,1100,146,0.02, ,0.00, ,1570, ,10.7, ,77.6, ,33, ,46.4, ,5.9, ,305, ,69.1, 
47,Brentwood,San Francisco Bay,5/26/2021,1200,146,0.03, ,0.00, ,1978, ,9.8, ,81.8, ,26, ,44.1, ,4.9, ,330, ,71.1, 
47,Brentwood,San Francisco Bay,5/26/2021,1300,146,0.03, ,0.00, ,1982, ,9.0, ,84.6, ,22, ,41.8, ,5.3, ,336, ,73.4, 
47,Brentwood,San Francisco Bay,5/26/2021,1400,146,0.03, ,0.00, ,1859, ,8.2, ,86.3, ,19, ,39.3, ,6.3, ,332, ,75.9, 
47,Brentwood,San Francisco Bay,5/26/2021,1500,146,0.03, ,0.00, ,1685, ,7.1, ,88.2, ,16, ,35.8, ,8.3, ,320, ,77.9, 
47,Brentwood,San Francisco Bay,5/26/2021,1600,146,0.03, ,0.00, ,1383, ,8.0, ,87.6, ,18, ,38.7, ,11.4, ,308, ,79.1, 
47,Brentwood,San Francisco Bay,5/26/2021,1700,146,0.02, ,0.00, ,1030, ,8.2, ,84.8, ,20, ,39.5, ,12.1, ,270, ,79.5, 
47,Brentwood,San Francisco Bay,5/26/2021,1800,146,0.02, ,0.00, ,619, ,7.4, ,81.8, ,20, ,36.7, ,13.0, ,275, ,79.3, 
47,Brentwood,San Francisco Bay,5/26/2021,1900,146,0.01, ,0.00, ,228, ,6.5, ,78.0, ,20, ,33.5, ,10.2, ,267, ,78.9, 
47,Brentwood,San Francisco Bay,5/26/2021,2000,146,0.00, ,0.00, ,15, ,6.1, ,71.7, ,23, ,32.0, ,5.4, ,250, ,78.3, 
47,Brentwood,San Francisco Bay,5/26/2021,2100,146,0.00, ,0.00, ,0, ,7.5, ,63.5, ,38, ,37.3, ,4.7, ,177, ,77.4, 
47,Brentwood,San Francisco Bay,5/26/2021,2200,146,0.00, ,0.00, ,0, ,7.5, ,59.4, ,43, ,37.0, ,5.3, ,174, ,76.3, 
47,Brentwood,San Francisco Bay,5/26/2021,2300,146,0.00, ,0.00, ,0, ,7.2, ,58.2, ,44, ,36.2, ,3.9, ,188, ,75.1, 
47,Brentwood,San Francisco Bay,5/26/2021,2400,146,0.00, ,0.00, ,0, ,7.6, ,58.4, ,45, ,37.4, ,4.3, ,202, ,73.9, 
47,Brentwood,San Francisco Bay,5/27/2021,0100,147,0.00, ,0.00, ,0, ,8.2, ,57.5, ,51, ,39.4, ,5.4, ,205, ,72.8, 
47,Brentwood,San Francisco Bay,5/27/2021,0200,147,0.00, ,0.00, ,0, ,8.6, ,54.3, ,60, ,40.8, ,3.3, ,190, ,71.8, 
47,Brentwood,San Francisco Bay,5/27/2021,0300,147,0.00, ,0.00, ,0, ,8.6, ,52.6, ,64, ,40.7, ,2.4, ,123, ,70.9, 
47,Brentwood,San Francisco Bay,5/27/2021,0400,147,0.00, ,0.00, ,2, ,8.8, ,51.7, ,67, ,41.1, ,3.6, ,155, ,69.9, 
47,Brentwood,San Francisco Bay,5/27/2021,0500,147,0.00, ,0.00, ,10, ,8.8, ,50.2, ,71, ,41.1, ,3.8, ,189, ,69.0, 
47,Brentwood,San Francisco Bay,5/27/2021,0600,147,0.00, ,0.00, ,188, ,9.4, ,53.3, ,67, ,42.8, ,4.5, ,198, ,68.1, 
47,Brentwood,San Francisco Bay,5/27/2021,0700,147,0.01, ,0.00, ,544, ,10.2, ,59.2, ,59, ,45.0, ,5.4, ,197, ,67.4, 
47,Brentwood,San Francisco Bay,5/27/2021,0800,147,0.01, ,0.00, ,956, ,10.0, ,63.1, ,51, ,44.6, ,4.4, ,188, ,67.1, 
47,Brentwood,San Francisco Bay,5/27/2021,0900,147,0.02, ,0.00, ,1330, ,10.3, ,66.8, ,46, ,45.3, ,3.6, ,106, ,67.3, 
47,Brentwood,San Francisco Bay,5/27/2021,1000,147,0.02, ,0.00, ,1633, ,10.6, ,70.6, ,41, ,46.0, ,3.7, ,54, ,68.3, 
47,Brentwood,San Francisco Bay,5/27/2021,1100,147,0.03, ,0.00, ,1838, ,10.1, ,75.7, ,33, ,44.7, ,4.0, ,21, ,70.0, 
47,Brentwood,San Francisco Bay,5/27/2021,1200,147,0.03, ,0.00, ,1941, ,9.5, ,78.2, ,29, ,43.3, ,4.4, ,135, ,72.3, 
47,Brentwood,San Francisco Bay,5/27/2021,1300,147,0.03, ,0.00, ,1947, ,9.0, ,81.6, ,24, ,41.8, ,5.8, ,268, ,74.8, 
47,Brentwood,San Francisco Bay,5/27/2021,1400,147,0.03, ,0.00, ,1852, ,8.4, ,84.1, ,21, ,40.0, ,9.2, ,292, ,76.9, 
47,Brentwood,San Francisco Bay,5/27/2021,1500,147,0.03, ,0.00, ,1658, ,9.0, ,84.7, ,22, ,41.7, ,10.2, ,284, ,78.4, 
47,Brentwood,San Francisco Bay,5/27/2021,1600,147,0.03, ,0.00, ,1371, ,9.8, ,83.6, ,25, ,44.1, ,10.2, ,261, ,79.4, 
47,Brentwood,San Francisco Bay,5/27/2021,1700,147,0.02, ,0.00, ,1008, ,10.4, ,82.1, ,28, ,45.5, ,10.3, ,246, ,80.0, 
47,Brentwood,San Francisco Bay,5/27/2021,1800,147,0.01, ,0.00, ,595, ,12.0, ,79.3, ,35, ,49.4, ,8.8, ,215, ,79.9, 
47,Brentwood,San Francisco Bay,5/27/2021,1900,147,0.01, ,0.00, ,216, ,12.4, ,76.7, ,40, ,50.2, ,8.4, ,227, ,79.5, 
47,Brentwood,San Francisco Bay,5/27/2021,2000,147,0.00, ,0.00, ,14, ,12.5, ,72.2, ,46, ,50.5, ,8.8, ,213, ,78.9, 
47,Brentwood,San Francisco Bay,5/27/2021,2100,147,0.00, ,0.00, ,0, ,12.7, ,69.1, ,52, ,50.9, ,6.3, ,226, ,78.2, 
47,Brentwood,San Francisco Bay,5/27/2021,2200,147,0.00, ,0.00, ,0, ,13.1, ,67.4, ,57, ,51.7, ,4.0, ,221, ,77.3, 
47,Brentwood,San Francisco Bay,5/27/2021,2300,147,0.00, ,0.00, ,0, ,13.0, ,66.4, ,59, ,51.6, ,4.5, ,221, ,76.3, 
47,Brentwood,San Francisco Bay,5/27/2021,2400,147,0.00, ,0.00, ,0, ,12.9, ,62.5, ,67, ,51.4, ,4.1, ,176, ,75.3, 
47,Brentwood,San Francisco Bay,5/28/2021,0100,148,0.00, ,0.00, ,0, ,12.9, ,61.2, ,70, ,51.3, ,4.2, ,165, ,74.4, 
47,Brentwood,San Francisco Bay,5/28/2021,0200,148,0.00, ,0.00, ,0, ,12.6, ,59.7, ,72, ,50.7, ,3.7, ,151, ,73.5, 
47,Brentwood,San Francisco Bay,5/28/2021,0300,148,0.00, ,0.00, ,0, ,12.7, ,59.1, ,74, ,50.8, ,4.6, ,185, ,72.6, 
47,Brentwood,San Francisco Bay,5/28/2021,0400,148,0.00, ,0.00, ,0, ,12.7, ,58.4, ,76, ,50.9, ,5.7, ,186, ,71.8, 
47,Brentwood,San Francisco Bay,5/28/2021,0500,148,0.00, ,0.00, ,8, ,12.0, ,58.4, ,72, ,49.3, ,4.4, ,200, ,71.1, 
47,Brentwood,San Francisco Bay,5/28/2021,0600,148,0.00, ,0.00, ,173, ,12.3, ,58.0, ,75, ,50.0, ,2.4, ,37, ,70.5, 
47,Brentwood,San Francisco Bay,5/28/2021,0700,148,0.01, ,0.00, ,515, ,13.4, ,63.0, ,68, ,52.3, ,4.8, ,56, ,69.9, 
47,Brentwood,San Francisco Bay,5/28/2021,0800,148,0.01, ,0.00, ,913, ,13.6, ,66.4, ,61, ,52.7, ,4.1, ,64, ,69.5, 
47,Brentwood,San Francisco Bay,5/28/2021,0900,148,0.02, ,0.00, ,1279, ,13.8, ,70.8, ,53, ,53.1, ,3.0, ,253, ,69.7, 
47,Brentwood,San Francisco Bay,5/28/2021,1000,148,0.02, ,0.00, ,1572, ,13.9, ,75.4, ,46, ,53.3, ,4.9, ,297, ,70.8, 
47,Brentwood,San Francisco Bay,5/28/2021,1100,148,0.03, ,0.00, ,1792, ,14.0, ,79.1, ,41, ,53.5, ,6.6, ,330, ,72.5, 
47,Brentwood,San Francisco Bay,5/28/2021,1200,148,0.03, ,0.00, ,1902, ,14.2, ,80.6, ,40, ,53.9, ,8.5, ,324, ,74.5, 
47,Brentwood,San Francisco Bay,5/28/2021,1300,148,0.03, ,0.00, ,1927, ,14.3, ,82.7, ,37, ,54.1, ,8.7, ,320, ,76.4, 
47,Brentwood,San Francisco Bay,5/28/2021,1400,148,0.03, ,0.00, ,1817, ,13.8, ,84.9, ,34, ,53.1, ,8.6, ,309, ,78.2, 
47,Brentwood,San Francisco Bay,5/28/2021,1500,148,0.03, ,0.00, ,1599, ,13.8, ,86.5, ,32, ,53.2, ,9.1, ,326, ,79.7, 
47,Brentwood,San Francisco Bay,5/28/2021,1600,148,0.02, ,0.00, ,1341, ,13.7, ,86.5, ,32, ,53.0, ,9.8, ,296, ,80.9,Y
47,Brentwood,San Francisco Bay,5/28/2021,1700,148,0.02, ,0.00, ,986, ,11.8, ,83.4, ,30, ,49.0, ,10.2, ,219, ,81.5,Y
47,Brentwood,San Francisco Bay,5/28/2021,1800,148,0.01, ,0.00, ,592, ,10.4, ,80.4, ,30, ,45.7, ,10.6, ,210, ,81.5,Y
47,Brentwood,San Francisco Bay,5/28/2021,1900,148,0.01, ,0.00, ,223, ,10.0, ,77.2, ,31, ,44.5, ,9.4, ,224, ,81.1,Y
47,Brentwood,San Francisco Bay,5/28/2021,2000,148,0.00, ,0.00, ,11, ,10.7, ,72.9, ,39, ,46.4, ,9.8, ,240, ,80.4,Y
47,Brentwood,San Francisco Bay,5/28/2021,2100,148,0.00, ,0.00, ,0, ,11.3, ,67.8, ,49, ,47.8, ,5.2, ,192, ,79.6,Y
47,Brentwood,San Francisco Bay,5/28/2021,2200,148,0.00, ,0.00, ,0, ,10.7, ,63.7, ,53, ,46.4, ,4.7, ,184, ,78.6, 
47,Brentwood,San Francisco Bay,5/28/2021,2300,148,0.00, ,0.00, ,0, ,9.7, ,62.1, ,51, ,43.7, ,4.4, ,190, ,77.5, 
47,Brentwood,San Francisco Bay,5/28/2021,2400,148,0.00, ,0.00, ,0, ,9.7, ,61.6, ,52, ,43.9, ,4.8, ,194, ,76.5, 
47,Brentwood,San Francisco Bay,5/29/2021,0100,149,0.00, ,0.00, ,0, ,11.9, ,57.1, ,74, ,49.1, ,3.0, ,47, ,75.4, 
47,Brentwood,San Francisco Bay,5/29/2021,0200,149,0.00, ,0.00, ,0, ,13.8, ,53.6, ,98, ,53.2, ,3.1, ,61, ,74.4, 
47,Brentwood,San Francisco Bay,5/29/2021,0300,149,0.00, ,0.00, ,0, ,13.2, ,52.3, ,99, ,52.0, ,2.4, ,34, ,73.5, 
47,Brentwood,San Francisco Bay,5/29/2021,0400,149,0.00, ,0.00, ,0, ,13.0, ,51.8, ,99, ,51.6, ,2.6, ,238, ,72.6, 
47,Brentwood,San Francisco Bay,5/29/2021,0500,149,0.00, ,0.00, ,6, ,12.6, ,50.9, ,99, ,50.7, ,1.5, ,51, ,71.6, 
47,Brentwood,San Francisco Bay,5/29/2021,0600,149,0.00, ,0.00, ,149, ,13.5, ,52.8, ,99, ,52.5, ,1.8, ,24, ,70.7, 
47,Brentwood,San Francisco Bay,5/29/2021,0700,149,0.01, ,0.00, ,522, ,15.2, ,61.0, ,83, ,55.8, ,2.5, ,350, ,69.9, 
47,Brentwood,San Francisco Bay,5/29/2021,0800,149,0.01, ,0.00, ,917, ,13.7, ,63.2, ,69, ,53.0, ,2.8, ,9, ,69.4, 
47,Brentwood,San Francisco Bay,5/29/2021,0900,149,0.02, ,0.00, ,1293, ,12.1, ,65.7, ,56, ,49.6, ,3.3, ,98, ,69.7, 
47,Brentwood,San Francisco Bay,5/29/2021,1000,149,0.02, ,0.00, ,1548, ,12.0, ,69.6, ,48, ,49.3, ,5.2, ,300, ,70.7, 
47,Brentwood,San Francisco Bay,5/29/2021,1100,149,0.03, ,0.00, ,1753, ,11.7, ,73.0, ,42, ,48.6, ,6.2, ,295, ,72.2, 
47,Brentwood,San Francisco Bay,5/29/2021,1200,149,0.03, ,0.00, ,1910, ,11.7, ,75.2, ,39, ,48.7, ,5.4, ,288, ,74.1, 
47,Brentwood,San Francisco Bay,5/29/2021,1300,149,0.03, ,0.00, ,1914, ,12.0, ,78.4, ,36, ,49.3, ,4.7, ,283, ,76.3, 
47,Brentwood,San Francisco Bay,5/29/2021,1400,149,0.03, ,0.00, ,1823, ,12.2, ,80.4, ,34, ,49.8, ,7.1, ,277, ,78.5, 
47,Brentwood,San Francisco Bay,5/29/2021,1500,149,0.03, ,0.00, ,1638, ,12.1, ,80.4, ,34, ,49.7, ,8.0, ,250, ,80.3,Y
47,Brentwood,San Francisco Bay,5/29/2021,1600,149,0.02, ,0.00, ,1358, ,11.7, ,81.0, ,33, ,48.8, ,9.4, ,253, ,81.6,Y
47,Brentwood,San Francisco Bay,5/29/2021,1700,149,0.02, ,0.00, ,993, ,11.6, ,78.2, ,35, ,48.5, ,10.2, ,241, ,82.1,Y
47,Brentwood,San Francisco Bay,5/29/2021,1800,149,0.01, ,0.00, ,587, ,11.8, ,75.0, ,40, ,49.0, ,8.9, ,190, ,82.0,Y
47,Brentwood,San Francisco Bay,5/29/2021,1900,149,0.00, ,0.00, ,208, ,11.4, ,69.1, ,47, ,47.9, ,8.3, ,191, ,81.5,Y
47,Brentwood,San Francisco Bay,5/29/2021,2000,149,0.00, ,0.00, ,10, ,10.8, ,65.6, ,50, ,46.6, ,5.8, ,221, ,80.7,Y
47,Brentwood,San Francisco Bay,5/29/2021,2100,149,0.00, ,0.00, ,0, ,10.8, ,61.6, ,57, ,46.5, ,2.7, ,223, ,79.6,Y
47,Brentwood,San Francisco Bay,5/29/2021,2200,149,0.00, ,0.00, ,0, ,11.6, ,57.9, ,71, ,48.6, ,2.2, ,37, ,78.5, 
47,Brentwood,San Francisco Bay,5/29/2021,2300,149,0.00, ,0.00, ,0, ,14.3, ,56.2, ,92, ,54.1, ,3.0, ,100, ,77.3, 
47,Brentwood,San Francisco Bay,5/29/2021,2400,149,0.00, ,0.00, ,0, ,14.5, ,56.8, ,92, ,54.5, ,2.7, ,59, ,76.1, 
47,Brentwood,San Francisco Bay,5/30/2021,0100,150,0.00, ,0.00, ,0, ,14.6, ,55.1, ,99, ,54.8, ,3.1, ,6, ,74.9, 
47,Brentwood,San Francisco Bay,5/30/2021,0200,150,0.00, ,0.00, ,0, ,14.5, ,54.7, ,99, ,54.5, ,1.7, ,130, ,73.9, 
47,Brentwood,San Francisco Bay,5/30/2021,0300,150,0.00, ,0.00, ,0, ,13.9, ,53.5, ,99, ,53.3, ,3.3, ,184, ,72.9, 
47,Brentwood,San Francisco Bay,5/30/2021,0400,150,0.00, ,0.00, ,0, ,13.7, ,53.6, ,98, ,53.0, ,2.4, ,259, ,72.0, 
47,Brentwood,San Francisco Bay,5/30/2021,0500,150,0.00, ,0.00, ,8, ,13.2, ,52.2, ,99, ,52.0, ,2.3, ,162, ,71.2, 
47,Brentwood,San Francisco Bay,5/30/2021,0600,150,0.00, ,0.00, ,156, ,14.5, ,55.7, ,96, ,54.5, ,1.8, ,120, ,70.4, 
47,Brentwood,San Francisco Bay,5/30/2021,0700,150,0.01, ,0.00, ,507, ,14.6, ,60.5, ,81, ,54.7, ,3.0, ,296, ,69.7, 
47,Brentwood,San Francisco Bay,5/30/2021,0800,150,0.01, ,0.00, ,907, ,15.1, ,65.0, ,72, ,55.6, ,3.5, ,298, ,69.4, 
47,Brentwood,San Francisco Bay,5/30/2021,0900,150,0.02, ,0.00, ,1275, ,13.3, ,70.2, ,53, ,52.1, ,4.0, ,294, ,69.7, 
47,Brentwood,San Francisco Bay,5/30/2021,1000,150,0.02, ,0.00, ,1575, ,13.5, ,75.9, ,44, ,52.5, ,3.5, ,302, ,70.8, 
47,Brentwood,San Francisco Bay,5/30/2021,1100,150,0.03, ,0.00, ,1790, ,13.4, ,80.5, ,38, ,52.4, ,3.6, ,311, ,72.6, 
47,Brentwood,San Francisco Bay,5/30/2021,1200,150,0.03, ,0.00, ,1910, ,13.5, ,84.7, ,33, ,52.6, ,5.8, ,287, ,75.0, 
47,Brentwood,San Francisco Bay,5/30/2021,1300,150,0.03, ,0.00, ,1931, ,12.0, ,87.5, ,27, ,49.3, ,7.6, ,311, ,77.3, 
47,Brentwood,San Francisco Bay,5/30/2021,1400,150,0.03, ,0.00, ,1832, ,13.1, ,91.0, ,26, ,51.8, ,5.4, ,302, ,79.4, 
47,Brentwood,San Francisco Bay,5/30/2021,1500,150,0.03, ,0.00, ,1644, ,11.1, ,94.6, ,20, ,47.3, ,10.0, ,283, ,81.3,Y
47,Brentwood,San Francisco Bay,5/30/2021,1600,150,0.03, ,0.00, ,1374, ,10.6, ,96.3, ,18, ,46.0, ,10.0, ,280, ,82.5,Y
47,Brentwood,San Francisco Bay,5/30/2021,1700,150,0.02, ,0.00, ,1003, ,9.7, ,96.6, ,16, ,43.7, ,10.3, ,287, ,83.0,Y
47,Brentwood,San Francisco Bay,5/30/2021,1800,150,0.01, ,0.00, ,607, ,9.9, ,93.8, ,18, ,44.3, ,7.7, ,268, ,83.1,Y
47,Brentwood,San Francisco Bay,5/30/2021,1900,150,0.01, ,0.00, ,218, ,9.7, ,89.6, ,20, ,43.7, ,6.1, ,255, ,83.0,Y
47,Brentwood,San Francisco Bay,5/30/2021,2000,150,0.00, ,0.00, ,13, ,10.9, ,79.2, ,32, ,46.8, ,4.2, ,187, ,82.5,Y
47,Brentwood,San Francisco Bay,5/30/2021,2100,150,0.00, ,0.00, ,0, ,10.9, ,72.8, ,39, ,46.7, ,2.9, ,119, ,81.7,Y
47,Brentwood,San Francisco Bay,5/30/2021,2200,150,0.00, ,0.00, ,0, ,12.5, ,68.2, ,53, ,50.4, ,1.8, ,15, ,80.6,Y
47,Brentwood,San Francisco Bay,5/30/2021,2300,150,0.00, ,0.00, ,0, ,12.4, ,65.8, ,57, ,50.2, ,2.5, ,276, ,79.4,Y
47,Brentwood,San Francisco Bay,5/30/2021,2400,150,0.00, ,0.00, ,0, ,11.7, ,64.5, ,56, ,48.6, ,2.6, ,317, ,78.2,Y
47,Brentwood,San Francisco Bay,5/31/2021,0100,151,0.00, ,0.00, ,0, ,12.6, ,63.2, ,64, ,50.6, ,2.8, ,332, ,77.1, 
47,Brentwood,San Francisco Bay,5/31/2021,0200,151,0.00, ,0.00, ,0, ,15.5, ,60.4, ,87, ,56.4, ,2.1, ,80, ,76.0, 
47,Brentwood,San Francisco Bay,5/31/2021,0300,151,0.00, ,0.00, ,0, ,15.4, ,59.5, ,89, ,56.2, ,2.5, ,299, ,75.1, 
47,Brentwood,San Francisco Bay,5/31/2021,0400,151,0.00, ,0.00, ,0, ,16.6, ,59.0, ,97, ,58.2, ,2.5, ,141, ,74.1, 
47,Brentwood,San Francisco Bay,5/31/2021,0500,151,0.00, ,0.00, ,7, ,15.7, ,57.3, ,98, ,56.6, ,2.3, ,266, ,73.3, 
47,Brentwood,San Francisco Bay,5/31/2021,0600,151,0.00, ,0.00, ,171, ,17.1, ,60.5, ,95, ,59.0, ,2.0, ,290, ,72.5, 
47,Brentwood,San Francisco Bay,5/31/2021,0700,151,0.01, ,0.00, ,518, ,18.2, ,69.7, ,73, ,60.7, ,2.7, ,319, ,71.8, 
47,Brentwood,San Francisco Bay,5/31/2021,0800,151,0.01, ,0.00, ,916, ,15.2, ,75.7, ,50, ,55.8, ,2.6, ,61, ,71.5, 
47,Brentwood,San Francisco Bay,5/31/2021,0900,151,0.02, ,0.00, ,1276, ,15.4, ,80.3, ,43, ,56.1, ,3.3, ,289, ,71.9, 
47,Brentwood,San Francisco Bay,5/31/2021,1000,151,0.03,Y,0.00, ,1575, ,12.7, ,86.6,Y,29,Y,51.0,Y,7.1, ,300, ,73.0, 
47,Brentwood,San Francisco Bay,5/31/2021,1100,151,0.03, ,0.00, ,1784, ,13.2, ,88.1, ,29, ,51.9, ,7.7, ,303, ,74.7, 
47,Brentwood,San Francisco Bay,5/31/2021,1200,151,0.03, ,0.00, ,1892, ,14.0, ,91.5, ,28, ,53.6, ,7.7, ,298, ,76.6, 
47,Brentwood,San Francisco Bay,5/31/2021,1300,151,0.04,Y,0.00, ,1910, ,13.6, ,96.0,Y,24,Y,52.8,Y,8.3, ,308, ,78.7,Y
47,Brentwood,San Francisco Bay,5/31/2021,1400,151,0.03,Y,0.00, ,1819, ,12.9, ,98.7,Y,20,Y,51.3,Y,8.2, ,314, ,80.6,Y
47,Brentwood,San Francisco Bay,5/31/2021,1500,151,0.03,Y,0.00, ,1640, ,11.4, ,100.7,Y,17,Y,47.9,Y,9.2, ,309, ,82.4,Y
47,Brentwood,San Francisco Bay,5/31/2021,1600,151,0.03,Y,0.00, ,1366, ,11.7, ,100.4,Y,18,Y,48.8,Y,10.9, ,290, ,83.6,Y
47,Brentwood,San Francisco Bay,5/31/2021,1700,151,0.02,Y,0.00, ,999, ,12.9, ,98.7,Y,20,Y,51.3,Y,10.9, ,290, ,84.1,Y
47,Brentwood,San Francisco Bay,5/31/2021,1800,151,0.02, ,0.00, ,597, ,12.9, ,95.4, ,23, ,51.2, ,10.6, ,280, ,84.2,Y
47,Brentwood,San Francisco Bay,5/31/2021,1900,151,0.01,Y,0.00, ,207, ,11.0, ,91.1,Y,22,Y,47.0,Y,9.5, ,256, ,84.1,Y
47,Brentwood,San Francisco Bay,5/31/2021,2000,151,0.00,Y,0.00, ,14, ,11.3, ,84.3,Y,28,Y,47.7,Y,4.8, ,215, ,83.7,Y
47,Brentwood,San Francisco Bay,5/31/2021,2100,151,0.00, ,0.00, ,0, ,12.2, ,76.3, ,39, ,49.8, ,4.7, ,181, ,83.0,Y
47,Brentwood,San Francisco Bay,5/31/2021,2200,151,0.00, ,0.00, ,0, ,11.0, ,74.6, ,38, ,47.0, ,4.3, ,184, ,82.0,Y
47,Brentwood,San Francisco Bay,5/31/2021,2300,151,0.00, ,0.00, ,0, ,12.5, ,71.7, ,47, ,50.5, ,2.2, ,236, ,80.8,Y
47,Brentwood,San Francisco Bay,5/31/2021,2400,151,0.00, ,0.00, ,0, ,12.0, ,70.0, ,48, ,49.3, ,2.3, ,297, ,79.7,Y
47,Brentwood,San Francisco Bay,6/1/2021,0100,152,0.00, ,0.00, ,0, ,12.2, ,67.6, ,53, ,49.8, ,2.7, ,316, ,78.6,Y
47,Brentwood,San Francisco Bay,6/1/2021,0200,152,0.00, ,0.00, ,0, ,12.7, ,65.3, ,60, ,50.9, ,3.6, ,320, ,77.5, 
47,Brentwood,San Francisco Bay,6/1/2021,0300,152,0.00, ,0.00, ,0, ,14.3, ,62.5, ,74, ,54.2, ,2.9, ,357, ,76.6, 
47,Brentwood,San Francisco Bay,6/1/2021,0400,152,0.00, ,0.00, ,0, ,16.7, ,58.8, ,99, ,58.5, ,2.0, ,44, ,75.7, 
47,Brentwood,San Francisco Bay,6/1/2021,0500,152,0.00, ,0.00, ,8, ,16.2, ,58.3, ,97, ,57.6, ,2.3, ,334, ,74.8, 
47,Brentwood,San Francisco Bay,6/1/2021,0600,152,0.00, ,0.00, ,169, ,18.0, ,62.1, ,95, ,60.6, ,4.1, ,313, ,74.0, 
47,Brentwood,San Francisco Bay,6/1/2021,0700,152,0.01, ,0.00, ,512, ,18.5, ,67.9, ,79, ,61.3, ,3.7, ,316, ,73.3, 
47,Brentwood,San Francisco Bay,6/1/2021,0800,152,0.01, ,0.00, ,905, ,16.0, ,72.3, ,59, ,57.3, ,2.5, ,44, ,72.9, 
47,Brentwood,San Francisco Bay,6/1/2021,0900,152,0.02, ,0.00, ,1269, ,15.8, ,75.5, ,53, ,56.9, ,4.1, ,50, ,73.1, 
47,Brentwood,San Francisco Bay,6/1/2021,1000,152,0.02, ,0.00, ,1562, ,16.4, ,79.8, ,47, ,57.9, ,4.7, ,40, ,74.1, 
47,Brentwood,San Francisco Bay,6/1/2021,1100,152,0.03, ,0.00, ,1768, ,16.5, ,86.4, ,38, ,58.1, ,4.5, ,7, ,75.7, 
47,Brentwood,San Francisco Bay,6/1/2021,1200,152,0.03, ,0.00, ,1879, ,17.3, ,89.3, ,37, ,59.4, ,5.3, ,18, ,77.8,Y
47,Brentwood,San Francisco Bay,6/1/2021,1300,152,0.03, ,0.00, ,1892, ,17.2, ,91.9, ,34, ,59.3, ,4.0, ,51, ,80.2,Y
47,Brentwood,San Francisco Bay,6/1/2021,1400,152,0.03, ,0.00, ,1805, ,16.8, ,95.4, ,29, ,58.5, ,4.9, ,3, ,82.6,Y
47,Brentwood,San Francisco Bay,6/1/2021,1500,152,0.03, ,0.00, ,1631, ,13.2, ,98.4, ,21, ,51.9, ,7.7, ,320, ,84.5,Y
47,Brentwood,San Francisco Bay,6/1/2021,1600,152,0.03, ,0.00, ,1325, ,13.6, ,96.5, ,23, ,52.8, ,10.7, ,310, ,85.6,Y
47,Brentwood,San Francisco Bay,6/1/2021,1700,152,0.02, ,0.00, ,1005, ,11.7, ,95.0, ,21, ,48.8, ,10.7, ,295, ,85.8,Y
47,Brentwood,San Francisco Bay,6/1/2021,1800,152,0.01, ,0.00, ,607, ,11.7, ,92.0, ,23, ,48.8, ,8.5, ,294, ,85.7,Y
47,Brentwood,San Francisco Bay,6/1/2021,1900,152,0.01, ,0.00, ,243, ,12.3, ,86.0, ,29, ,50.1, ,7.7, ,288, ,85.3,Y
47,Brentwood,San Francisco Bay,6/1/2021,2000,152,0.00, ,0.00, ,24, ,11.1, ,81.2, ,31, ,47.3, ,7.6, ,267, ,84.6,Y
47,Brentwood,San Francisco Bay,6/1/2021,2100,152,0.00, ,0.00, ,0, ,10.9, ,78.6, ,33, ,46.9, ,7.1, ,262, ,83.8,Y
47,Brentwood,San Francisco Bay,6/1/2021,2200,152,0.00, ,0.00, ,0, ,12.9, ,69.2, ,53, ,51.3, ,4.2, ,347, ,82.8,Y
47,Brentwood,San Francisco Bay,6/1/2021,2300,152,0.00, ,0.00, ,0, ,12.5, ,66.3, ,57, ,50.5, ,3.9, ,347, ,81.7,Y
47,Brentwood,San Francisco Bay,6/1/2021,2400,152,0.00, ,0.00, ,0, ,12.9, ,62.9, ,66, ,51.4, ,2.8, ,35, ,80.5,Y
47,Brentwood,San Francisco Bay,6/2/2021,0100,153,0.00, ,0.00, ,0, ,13.0, ,60.7, ,72, ,51.6, ,1.9, ,66, ,79.3,Y
47,Brentwood,San Francisco Bay,6/2/2021,0200,153,0.00, ,0.00, ,0, ,13.7, ,57.7, ,84, ,53.0, ,2.0, ,47, ,78.2,Y
47,Brentwood,San Francisco Bay,6/2/2021,0300,153,0.00, ,0.00, ,0, ,15.2, ,56.2, ,98, ,55.7, ,1.9, ,52, ,77.1, 
47,Brentwood,San Francisco Bay,6/2/2021,0400,153,0.00, ,0.00, ,0, ,14.9, ,55.5, ,99, ,55.2, ,2.4, ,359, ,76.0, 
47,Brentwood,San Francisco Bay,6/2/2021,0500,153,0.00, ,0.00, ,8, ,14.2, ,54.2, ,99, ,54.0, ,2.3, ,351, ,75.0, 
47,Brentwood,San Francisco Bay,6/2/2021,0600,153,0.00, ,0.00, ,176, ,15.8, ,58.0, ,96, ,56.9, ,3.2, ,328, ,74.1, 
47,Brentwood,San Francisco Bay,6/2/2021,0700,153,0.01, ,0.00, ,527, ,16.5, ,62.6, ,85, ,58.1, ,2.7, ,43, ,73.2, 
47,Brentwood,San Francisco Bay,6/2/2021,0800,153,0.01, ,0.00, ,927, ,15.2, ,66.6, ,68, ,55.8, ,2.2, ,52, ,72.8, 
47,Brentwood,San Francisco Bay,6/2/2021,0900,153,0.02, ,0.00, ,1293, ,14.1, ,72.6, ,52, ,53.7, ,2.8, ,349, ,73.0, 
47,Brentwood,San Francisco Bay,6/2/2021,1000,153,0.02, ,0.00, ,1589, ,14.7, ,75.8, ,48, ,54.8, ,6.7, ,345, ,74.1, 
47,Brentwood,San Francisco Bay,6/2/2021,1100,153,0.03, ,0.00, ,1799, ,14.6, ,78.4, ,44, ,54.7, ,7.0, ,309, ,75.8, 
47,Brentwood,San Francisco Bay,6/2/2021,1200,153,0.03, ,0.00, ,1912, ,14.8, ,82.6, ,39, ,55.1, ,6.9, ,323, ,77.6, 
47,Brentwood,San Francisco Bay,6/2/2021,1300,153,0.03, ,0.00, ,1923, ,15.1, ,86.2, ,35, ,55.6, ,6.5, ,309, ,79.6,Y
47,Brentwood,San Francisco Bay,6/2/2021,1400,153,0.03, ,0.00, ,1825, ,15.0, ,89.1, ,32, ,55.4, ,7.3, ,314, ,81.6,Y
47,Brentwood,San Francisco Bay,6/2/2021,1500,153,0.03, ,0.00, ,1644, ,14.9, ,91.1, ,30, ,55.2, ,7.5, ,311, ,83.4,Y
47,Brentwood,San Francisco Bay,6/2/2021,1600,153,0.03, ,0.00, ,1380, ,14.7, ,92.6, ,28, ,54.8, ,7.5, ,311, ,84.8,Y
47,Brentwood,San Francisco Bay,6/2/2021,1700,153,0.02, ,0.00, ,1034, ,13.9, ,92.5, ,27, ,53.4, ,6.7, ,268, ,85.5,Y
47,Brentwood,San Francisco Bay,6/2/2021,1800,153,0.01, ,0.00, ,628, ,13.0, ,89.1, ,28, ,51.5, ,7.2, ,249, ,85.7,Y
47,Brentwood,San Francisco Bay,6/2/2021,1900,153,0.01, ,0.00, ,247, ,12.4, ,84.6, ,31, ,50.2, ,6.9, ,263, ,85.4,Y
47,Brentwood,San Francisco Bay,6/2/2021,2000,153,0.00, ,0.00, ,21, ,12.5, ,77.3, ,39, ,50.6, ,5.4, ,224, ,84.7,Y
47,Brentwood,San Francisco Bay,6/2/2021,2100,153,0.00, ,0.00, ,0, ,13.6, ,69.2, ,56, ,52.8, ,2.6, ,54, ,83.8,Y
47,Brentwood,San Francisco Bay,6/2/2021,2200,153,0.00, ,0.00, ,0, ,13.0, ,66.9, ,58, ,51.6, ,3.2, ,295, ,82.7,Y
47,Brentwood,San Francisco Bay,6/2/2021,2300,153,0.00, ,0.00, ,0, ,12.9, ,62.7, ,66, ,51.4, ,2.9, ,345, ,81.4,Y
47,Brentwood,San Francisco Bay,6/2/2021,2400,153,0.00, ,0.00, ,0, ,15.9, ,57.5, ,98, ,57.1, ,2.8, ,66, ,80.2,Y
47,Brentwood,San Francisco Bay,6/3/2021,0100,154,0.00, ,0.00, ,0, ,15.9, ,57.2, ,99, ,57.0, ,3.5, ,58, ,79.0,Y
47,Brentwood,San Francisco Bay,6/3/2021,0200,154,0.00, ,0.00, ,0, ,15.2, ,55.9, ,99, ,55.7, ,2.8, ,57, ,77.9, 
47,Brentwood,San Francisco Bay,6/3/2021,0300,154,0.00, ,0.00, ,0, ,14.9, ,55.5, ,99, ,55.3, ,1.6, ,66, ,76.9, 
47,Brentwood,San Francisco Bay,6/3/2021,0400,154,0.00, ,0.00, ,0, ,14.3, ,54.3, ,99, ,54.2, ,1.4, ,348, ,75.9, 
47,Brentwood,San Francisco Bay,6/3/2021,0500,154,0.00, ,0.00, ,9, ,14.4, ,54.6, ,99, ,54.3, ,1.4, ,306, ,75.0, 
47,Brentwood,San Francisco Bay,6/3/2021,0600,154,0.00, ,0.00, ,189, ,16.4, ,58.2, ,99, ,57.9, ,1.7, ,318, ,74.1, 
47,Brentwood,San Francisco Bay,6/3/2021,0700,154,0.01, ,0.00, ,522, ,18.3, ,64.7, ,88, ,61.0, ,2.9, ,319, ,73.3, 
47,Brentwood,San Francisco Bay,6/3/2021,0800,154,0.01, ,0.00, ,917, ,17.5, ,68.9, ,72, ,59.6, ,2.2, ,275, ,72.9, 
47,Brentwood,San Francisco Bay,6/3/2021,0900,154,0.02, ,0.00, ,1284, ,15.6, ,74.0, ,55, ,56.6, ,3.2, ,323, ,73.2, 
47,Brentwood,San Francisco Bay,6/3/2021,1000,154,0.02, ,0.00, ,1576, ,14.5, ,77.0, ,46, ,54.5, ,3.2, ,253, ,74.3, 
47,Brentwood,San Francisco Bay,6/3/2021,1100,154,0.03, ,0.00, ,1782, ,14.8, ,81.4, ,40, ,55.1, ,3.0, ,252, ,76.2, 
47,Brentwood,San Francisco Bay,6/3/2021,1200,154,0.03, ,0.00, ,1892, ,14.9, ,85.9, ,35, ,55.2, ,3.7, ,281, ,78.5,Y
47,Brentwood,San Francisco Bay,6/3/2021,1300,154,0.03, ,0.00, ,1900, ,15.3, ,89.0, ,33, ,56.0, ,4.5, ,275, ,81.0,Y
47,Brentwood,San Francisco Bay,6/3/2021,1400,154,0.03, ,0.00, ,1815, ,15.2, ,92.1, ,29, ,55.7, ,4.9, ,2, ,83.4,Y
47,Brentwood,San Francisco Bay,6/3/2021,1500,154,0.03, ,0.00, ,1643, ,12.9, ,95.8, ,22, ,51.2, ,10.8, ,307, ,85.2,Y
47,Brentwood,San Francisco Bay,6/3/2021,1600,154,0.03, ,0.00, ,1369, ,12.9, ,95.7, ,22, ,51.3, ,10.7, ,289, ,86.1,Y
47,Brentwood,San Francisco Bay,6/3/2021,1700,154,0.02, ,0.00, ,1014, ,12.3, ,95.3, ,22, ,50.0, ,7.7, ,272, ,86.6,Y
47,Brentwood,San Francisco Bay,6/3/2021,1800,154,0.01, ,0.00, ,615, ,12.0, ,94.4, ,22, ,49.4, ,7.4, ,282, ,86.7,Y
47,Brentwood,San Francisco Bay,6/3/2021,1900,154,0.01, ,0.00, ,241, ,11.7, ,90.4, ,24, ,48.7, ,6.7, ,260, ,86.3,Y
47,Brentwood,San Francisco Bay,6/3/2021,2000,154,0.00, ,0.00, ,16, ,12.2, ,81.8, ,33, ,49.8, ,5.1, ,198, ,85.7,Y
47,Brentwood,San Francisco Bay,6/3/2021,2100,154,0.00, ,0.00, ,0, ,11.7, ,77.3, ,37, ,48.7, ,4.4, ,197, ,84.9,Y
47,Brentwood,San Francisco Bay,6/3/2021,2200,154,0.00,Y,0.00, ,0, ,10.8, ,80.1,Y,31,Y,46.6,Y,5.1, ,218, ,83.8,Y
47,Brentwood,San Francisco Bay,6/3/2021,2300,154,0.00,R,0.00, ,0, ,10.2, ,81.0,R,28,R,45.1,R,6.0, ,226, ,82.7,Y
47,Brentwood,San Francisco Bay,6/3/2021,2400,154,0.00, ,0.00, ,0, ,11.5, ,71.5, ,43, ,48.1, ,3.1, ,108, ,81.6,Y
47,Brentwood,San Francisco Bay,6/4/2021,0100,155,0.00, ,0.00, ,0, ,12.0, ,66.7, ,54, ,49.4, ,2.5, ,92, ,80.5,Y
47,Brentwood,San Francisco Bay,6/4/2021,0200,155,0.00, ,0.00, ,0, ,11.8, ,65.7, ,55, ,49.0, ,2.7, ,160, ,79.4,Y
47,Brentwood,San Francisco Bay,6/4/2021,0300,155,0.00, ,0.00, ,0, ,12.0, ,62.0, ,63, ,49.4, ,2.7, ,90, ,78.4,Y
47,Brentwood,San Francisco Bay,6/4/2021,0400,155,0.00, ,0.00, ,0, ,11.7, ,61.8, ,62, ,48.7, ,2.7, ,269, ,77.4,Y
47,Brentwood,San Francisco Bay,6/4/2021,0500,155,0.00, ,0.00, ,9, ,11.8, ,58.5, ,70, ,48.8, ,1.8, ,331, ,76.4, 
47,Brentwood,San Francisco Bay,6/4/2021,0600,155,0.00, ,0.00, ,187, ,15.2, ,60.2, ,86, ,55.9, ,2.7, ,52, ,75.5, 
47,Brentwood,San Francisco Bay,6/4/2021,0700,155,0.01, ,0.00, ,534, ,14.3, ,70.5, ,56, ,54.1, ,3.9, ,21, ,74.6, 
47,Brentwood,San Francisco Bay,6/4/2021,0800,155,0.01, ,0.00, ,920, ,13.7, ,74.2, ,48, ,53.0, ,3.1, ,61, ,74.1, 
47,Brentwood,San Francisco Bay,6/4/2021,0900,155,0.02, ,0.00, ,1289, ,13.4, ,79.2, ,39, ,52.3, ,2.9, ,111, ,74.4, 
47,Brentwood,San Francisco Bay,6/4/2021,1000,155,0.02, ,0.00, ,1570, ,13.2, ,82.4, ,35, ,52.0, ,3.8, ,208, ,75.5, 
47,Brentwood,San Francisco Bay,6/4/2021,1100,155,0.03, ,0.00, ,1825, ,12.5, ,86.3, ,29, ,50.4, ,6.4, ,299, ,77.3,Y
47,Brentwood,San Francisco Bay,6/4/2021,1200,155,0.03, ,0.00, ,1675, ,14.0, ,85.0, ,34, ,53.6, ,6.7, ,188, ,79.4,Y
47,Brentwood,San Francisco Bay,6/4/2021,1300,155,0.03, ,0.00, ,1825, ,13.1, ,88.3, ,29, ,51.7, ,4.6, ,193, ,81.6,Y
47,Brentwood,San Francisco Bay,6/4/2021,1400,155,0.03, ,0.00, ,1892, ,12.8, ,91.6, ,25, ,51.2, ,7.2, ,272, ,83.4,Y
47,Brentwood,San Francisco Bay,6/4/2021,1500,155,0.03, ,0.00, ,1671, ,13.0, ,92.3, ,25, ,51.5, ,6.8, ,236, ,85.1,Y
47,Brentwood,San Francisco Bay,6/4/2021,1600,155,0.03, ,0.00, ,1385, ,13.7, ,90.1, ,28, ,53.0, ,8.2, ,190, ,86.5,Y
47,Brentwood,San Francisco Bay,6/4/2021,1700,155,0.02, ,0.00, ,1034, ,12.7, ,88.6, ,27, ,50.8, ,8.0, ,209, ,87.1,Y
47,Brentwood,San Francisco Bay,6/4/2021,1800,155,0.01, ,0.00, ,632, ,12.3, ,84.2, ,31, ,50.1, ,7.3, ,196, ,87.0,Y
47,Brentwood,San Francisco Bay,6/4/2021,1900,155,0.01, ,0.00, ,250, ,11.8, ,79.7, ,34, ,48.9, ,6.5, ,191, ,86.5,Y
47,Brentwood,San Francisco Bay,6/4/2021,2000,155,0.00, ,0.00, ,21, ,11.0, ,72.3, ,40, ,47.0, ,6.9, ,196, ,85.7,Y
47,Brentwood,San Francisco Bay,6/4/2021,2100,155,0.00, ,0.00, ,0, ,10.8, ,70.0, ,43, ,46.5, ,5.0, ,201, ,84.6,Y
47,Brentwood,San Francisco Bay,6/4/2021,2200,155,0.00, ,0.00, ,0, ,10.9, ,68.8, ,45, ,46.7, ,4.2, ,201, ,83.4,Y
47,Brentwood,San Francisco Bay,6/4/2021,2300,155,0.00, ,0.00, ,0, ,10.8, ,67.3, ,47, ,46.6, ,3.8, ,167, ,82.2,Y
47,Brentwood,San Francisco Bay,6/4/2021,2400,155,0.00, ,0.00, ,0, ,10.9, ,65.7, ,50, ,46.7, ,5.0, ,215, ,81.0,Y
47,Brentwood,San Francisco Bay,6/5/2021,0100,156,0.00, ,0.00, ,0, ,13.2, ,61.4, ,71, ,52.0, ,3.3, ,87, ,80.0,Y
47,Brentwood,San Francisco Bay,6/5/2021,0200,156,0.00, ,0.00, ,0, ,16.3, ,58.5, ,97, ,57.7, ,2.4, ,51, ,78.9,Y
47,Brentwood,San Francisco Bay,6/5/2021,0300,156,0.00, ,0.00, ,0, ,15.2, ,56.6, ,97, ,55.8, ,2.3, ,330, ,77.8, 
47,Brentwood,San Francisco Bay,6/5/2021,0400,156,0.00, ,0.00, ,0, ,14.6, ,54.9, ,99, ,54.7, ,2.3, ,337, ,76.8, 
47,Brentwood,San Francisco Bay,6/5/2021,0500,156,0.00, ,0.00, ,11, ,14.2, ,54.1, ,99, ,53.8, ,2.4, ,300, ,75.8, 
47,Brentwood,San Francisco Bay,6/5/2021,0600,156,0.00, ,0.00, ,195, ,15.2, ,56.4, ,98, ,55.8, ,2.7, ,75, ,74.8, 
47,Brentwood,San Francisco Bay,6/5/2021,0700,156,0.01, ,0.00, ,552, ,15.9, ,64.9, ,76, ,57.1, ,3.6, ,355, ,73.9, 
47,Brentwood,San Francisco Bay,6/5/2021,0800,156,0.01, ,0.00, ,954, ,13.0, ,70.6, ,51, ,51.6, ,4.0, ,351, ,73.5, 
47,Brentwood,San Francisco Bay,6/5/2021,0900,156,0.02, ,0.00, ,1327, ,11.8, ,74.0, ,41, ,49.0, ,2.9, ,6, ,73.6, 
47,Brentwood,San Francisco Bay,6/5/2021,1000,156,0.02, ,0.00, ,1608, ,11.8, ,76.6, ,38, ,48.9, ,3.3, ,70, ,74.6, 
47,Brentwood,San Francisco Bay,6/5/2021,1100,156,0.03, ,0.00, ,1819, ,11.6, ,79.9, ,33, ,48.5, ,3.9, ,56, ,76.4, 
47,Brentwood,San Francisco Bay,6/5/2021,1200,156,0.03, ,0.00, ,1780, ,11.4, ,84.5, ,28, ,48.1, ,7.0, ,328, ,78.5,Y
47,Brentwood,San Francisco Bay,6/5/2021,1300,156,0.03, ,0.00, ,1743, ,11.7, ,86.8, ,27, ,48.6, ,5.0, ,298, ,80.4,Y
47,Brentwood,San Francisco Bay,6/5/2021,1400,156,0.03, ,0.00, ,1803, ,13.2, ,87.8, ,29, ,52.0, ,3.9, ,103, ,82.4,Y
47,Brentwood,San Francisco Bay,6/5/2021,1500,156,0.03, ,0.00, ,1646, ,13.1, ,90.3, ,27, ,51.8, ,6.1, ,317, ,84.3,Y
47,Brentwood,San Francisco Bay,6/5/2021,1600,156,0.02, ,0.00, ,1351, ,12.6, ,91.7, ,25, ,50.6, ,3.6, ,12, ,85.7,Y
47,Brentwood,San Francisco Bay,6/5/2021,1700,156,0.02, ,0.00, ,1019, ,14.0, ,90.0, ,29, ,53.5, ,3.9, ,99, ,86.6,Y
47,Brentwood,San Francisco Bay,6/5/2021,1800,156,0.01, ,0.00, ,624, ,12.1, ,89.4, ,26, ,49.6, ,6.8, ,229, ,86.7,Y
47,Brentwood,San Francisco Bay,6/5/2021,1900,156,0.01, ,0.00, ,229, ,12.7, ,84.2, ,32, ,50.9, ,5.8, ,192, ,86.3,Y
47,Brentwood,San Francisco Bay,6/5/2021,2000,156,0.00, ,0.00, ,21, ,11.8, ,75.8, ,39, ,49.0, ,5.1, ,190, ,85.6,Y
47,Brentwood,San Francisco Bay,6/5/2021,2100,156,0.00, ,0.00, ,0, ,11.2, ,73.5, ,40, ,47.5, ,4.6, ,204, ,84.7,Y
47,Brentwood,San Francisco Bay,6/5/2021,2200,156,0.00, ,0.00, ,0, ,11.1, ,71.0, ,43, ,47.3, ,4.6, ,196, ,83.5,Y
47,Brentwood,San Francisco Bay,6/5/2021,2300,156,0.00, ,0.00, ,0, ,11.4, ,68.8, ,47, ,47.9, ,3.7, ,210, ,82.3,Y
47,Brentwood,San Francisco Bay,6/5/2021,2400,156,0.00, ,0.00, ,0, ,15.4, ,62.2, ,81, ,56.2, ,3.1, ,80, ,81.1,Y
47,Brentwood,San Francisco Bay,6/6/2021,0100,157,0.00, ,0.00, ,0, ,16.7, ,61.0, ,91, ,58.4, ,2.5, ,7, ,79.9,Y
47,Brentwood,San Francisco Bay,6/6/2021,0200,157,0.00, ,0.00, ,0, ,15.8, ,59.3, ,92, ,56.9, ,2.9, ,283, ,78.7, 
47,Brentwood,San Francisco Bay,6/6/2021,0300,157,0.00, ,0.00, ,0, ,16.2, ,58.3, ,98, ,57.6, ,2.0, ,160, ,77.6, 
47,Brentwood,San Francisco Bay,6/6/2021,0400,157,0.00, ,0.00, ,0, ,14.6, ,56.2, ,95, ,54.8, ,2.1, ,301, ,76.6, 
47,Brentwood,San Francisco Bay,6/6/2021,0500,157,0.00, ,0.00, ,9, ,15.0, ,56.0, ,98, ,55.5, ,1.8, ,221, ,75.6, 
47,Brentwood,San Francisco Bay,6/6/2021,0600,157,0.00, ,0.00, ,184, ,16.4, ,59.6, ,94, ,57.8, ,1.8, ,139, ,74.7, 
47,Brentwood,San Francisco Bay,6/6/2021,0700,157,0.01, ,0.00, ,539, ,14.0, ,67.5, ,61, ,53.6, ,3.4, ,356, ,73.8, 
47,Brentwood,San Francisco Bay,6/6/2021,0800,157,0.01, ,0.00, ,938, ,13.0, ,72.2, ,48, ,51.5, ,2.5, ,308, ,73.3, 
47,Brentwood,San Francisco Bay,6/6/2021,0900,157,0.02, ,0.00, ,1303, ,12.9, ,76.2, ,42, ,51.4, ,3.0, ,24, ,73.6, 
47,Brentwood,San Francisco Bay,6/6/2021,1000,157,0.02, ,0.00, ,1599, ,13.0, ,79.9, ,37, ,51.6, ,4.2, ,349, ,74.6, 
47,Brentwood,San Francisco Bay,6/6/2021,1100,157,0.03, ,0.00, ,1807, ,12.4, ,82.3, ,33, ,50.2, ,3.9, ,171, ,76.4, 
47,Brentwood,San Francisco Bay,6/6/2021,1200,157,0.03, ,0.00, ,1929, ,11.3, ,84.6, ,28, ,47.7, ,5.5, ,234, ,78.7,Y
47,Brentwood,San Francisco Bay,6/6/2021,1300,157,0.03, ,0.00, ,1937, ,11.5, ,86.4, ,27, ,48.3, ,5.8, ,206, ,81.0,Y
47,Brentwood,San Francisco Bay,6/6/2021,1400,157,0.03, ,0.00, ,1848, ,11.5, ,86.6, ,27, ,48.2, ,9.0, ,225, ,83.1,Y
47,Brentwood,San Francisco Bay,6/6/2021,1500,157,0.03, ,0.00, ,1666, ,10.7, ,85.3, ,26, ,46.4, ,9.7, ,213, ,84.8,Y
47,Brentwood,San Francisco Bay,6/6/2021,1600,157,0.02, ,0.00, ,1385, ,9.9, ,85.2, ,24, ,44.3, ,8.7, ,215, ,85.7,Y
47,Brentwood,San Francisco Bay,6/6/2021,1700,157,0.02, ,0.00, ,1032, ,10.3, ,84.1, ,26, ,45.4, ,8.6, ,195, ,86.1,Y
47,Brentwood,San Francisco Bay,6/6/2021,1800,157,0.01, ,0.00, ,628, ,10.0, ,78.9, ,30, ,44.5, ,10.8, ,193, ,85.9,Y
47,Brentwood,San Francisco Bay,6/6/2021,1900,157,0.01, ,0.00, ,250, ,9.7, ,73.8, ,34, ,43.7, ,8.7, ,190, ,85.4,Y
47,Brentwood,San Francisco Bay,6/6/2021,2000,157,0.00, ,0.00, ,23, ,9.6, ,69.6, ,39, ,43.5, ,7.5, ,192, ,84.5,Y
47,Brentwood,San Francisco Bay,6/6/2021,2100,157,0.00, ,0.00, ,0, ,9.6, ,65.9, ,44, ,43.6, ,6.4, ,168, ,83.4,Y
47,Brentwood,San Francisco Bay,6/6/2021,2200,157,0.00, ,0.00, ,0, ,9.7, ,63.6, ,48, ,43.7, ,6.4, ,175, ,82.0,Y
47,Brentwood,San Francisco Bay,6/6/2021,2300,157,0.00, ,0.00, ,0, ,9.9, ,60.7, ,55, ,44.2, ,4.5, ,181, ,80.6,Y
47,Brentwood,San Francisco Bay,6/6/2021,2400,157,0.00, ,0.00, ,0, ,9.9, ,59.8, ,56, ,44.2, ,6.1, ,153, ,79.2, 
47,Brentwood,San Francisco Bay,6/7/2021,0100,158,0.00, ,0.00, ,0, ,9.9, ,58.1, ,60, ,44.2, ,7.1, ,188, ,77.9, 
47,Brentwood,San Francisco Bay,6/7/2021,0200,158,0.00, ,0.00, ,0, ,9.5, ,58.5, ,57, ,43.2, ,10.6, ,214, ,76.9, 
47,Brentwood,San Francisco Bay,6/7/2021,0300,158,0.00, ,0.00, ,0, ,9.6, ,57.4, ,59, ,43.4, ,7.3, ,213, ,76.0, 
47,Brentwood,San Francisco Bay,6/7/2021,0400,158,0.00, ,0.00, ,0, ,9.9, ,56.0, ,64, ,44.2, ,5.7, ,201, ,75.2, 
47,Brentwood,San Francisco Bay,6/7/2021,0500,158,0.00, ,0.00, ,6, ,10.3, ,54.0, ,72, ,45.2, ,4.3, ,184, ,74.4, 
47,Brentwood,San Francisco Bay,6/7/2021,0600,158,0.00, ,0.00, ,190, ,10.3, ,56.1, ,67, ,45.4, ,5.1, ,183, ,73.5, 
47,Brentwood,San Francisco Bay,6/7/2021,0700,158,0.01, ,0.00, ,551, ,10.2, ,60.9, ,56, ,44.9, ,5.0, ,189, ,72.7, 
47,Brentwood,San Francisco Bay,6/7/2021,0800,158,0.01, ,0.00, ,957, ,9.0, ,65.8, ,42, ,41.9, ,7.4, ,236, ,72.3, 
47,Brentwood,San Francisco Bay,6/7/2021,0900,158,0.02, ,0.00, ,1330, ,8.4, ,69.4, ,34, ,40.0, ,8.8, ,242, ,72.3, 
47,Brentwood,San Francisco Bay,6/7/2021,1000,158,0.02, ,0.00, ,1632, ,8.4, ,72.1, ,31, ,40.1, ,7.6, ,231, ,72.9, 
47,Brentwood,San Francisco Bay,6/7/2021,1100,158,0.03, ,0.00, ,1844, ,8.0, ,74.2, ,28, ,38.7, ,6.7, ,246, ,74.0, 
47,Brentwood,San Francisco Bay,6/7/2021,1200,158,0.03, ,0.00, ,1958, ,8.4, ,76.0, ,27, ,40.1, ,9.5, ,245, ,75.7, 
47,Brentwood,San Francisco Bay,6/7/2021,1300,158,0.03, ,0.00, ,1976, ,7.9, ,76.2, ,25, ,38.3, ,13.2, ,234, ,77.4, 
47,Brentwood,San Francisco Bay,6/7/2021,1400,158,0.03, ,0.00, ,1883, ,7.7, ,74.6, ,26, ,37.7, ,14.3, ,205, ,78.8, 
47,Brentwood,San Francisco Bay,6/7/2021,1500,158,0.03, ,0.00, ,1689, ,8.0, ,73.6, ,28, ,38.7, ,14.0, ,207, ,79.5, 
47,Brentwood,San Francisco Bay,6/7/2021,1600,158,0.02, ,0.00, ,1311, ,8.8, ,72.3, ,32, ,41.1, ,13.5, ,202, ,80.0, 
47,Brentwood,San Francisco Bay,6/7/2021,1700,158,0.02, ,0.00, ,1053, ,8.9, ,69.4, ,36, ,41.4, ,14.5, ,202, ,80.2, 
47,Brentwood,San Francisco Bay,6/7/2021,1800,158,0.01, ,0.00, ,538, ,8.7, ,66.1, ,40, ,41.0, ,14.3, ,206, ,80.0, 
47,Brentwood,San Francisco Bay,6/7/2021,1900,158,0.01, ,0.00, ,260, ,8.7, ,62.5, ,45, ,40.8, ,15.7, ,213, ,79.6, 
47,Brentwood,San Francisco Bay,6/7/2021,2000,158,0.00, ,0.00, ,24, ,8.6, ,60.4, ,48, ,40.7, ,11.0, ,211, ,78.9, 
47,Brentwood,San Francisco Bay,6/7/2021,2100,158,0.00, ,0.00, ,0, ,9.2, ,58.0, ,56, ,42.3, ,10.3, ,172, ,78.1, 
47,Brentwood,San Francisco Bay,6/7/2021,2200,158,0.00, ,0.00, ,0, ,9.3, ,57.2, ,58, ,42.6, ,9.3, ,189, ,77.0, 
47,Brentwood,San Francisco Bay,6/7/2021,2300,158,0.00, ,0.00, ,0, ,8.8, ,57.4, ,54, ,41.1, ,11.3, ,215, ,75.9, 
47,Brentwood,San Francisco Bay,6/7/2021,2400,158,0.00, ,0.00, ,0, ,9.2, ,56.0, ,60, ,42.3, ,9.6, ,213, ,75.0, 
47,Brentwood,San Francisco Bay,6/8/2021,0100,159,0.00, ,0.00, ,0, ,9.0, ,55.0, ,61, ,41.7, ,8.0, ,204, ,74.1, 
47,Brentwood,San Francisco Bay,6/8/2021,0200,159,0.00, ,0.00, ,0, ,9.2, ,53.7, ,65, ,42.3, ,6.3, ,189, ,73.3, 
47,Brentwood,San Francisco Bay,6/8/2021,0300,159,0.00, ,0.00, ,1, ,9.3, ,52.7, ,69, ,42.7, ,5.3, ,191, ,72.4, 
47,Brentwood,San Francisco Bay,6/8/2021,0400,159,0.00, ,0.00, ,2, ,9.6, ,53.3, ,69, ,43.6, ,6.6, ,201, ,71.6, 
47,Brentwood,San Francisco Bay,6/8/2021,0500,159,0.00, ,0.00, ,12, ,9.8, ,53.1, ,71, ,44.0, ,8.8, ,194, ,70.9, 
47,Brentwood,San Francisco Bay,6/8/2021,0600,159,0.00, ,0.00, ,194, ,9.9, ,54.4, ,68, ,44.2, ,9.4, ,194, ,70.3, 
47,Brentwood,San Francisco Bay,6/8/2021,0700,159,0.01, ,0.00, ,549, ,9.9, ,57.2, ,62, ,44.3, ,7.5, ,218, ,69.9, 
47,Brentwood,San Francisco Bay,6/8/2021,0800,159,0.01, ,0.00, ,955, ,9.6, ,60.6, ,53, ,43.5, ,9.6, ,203, ,69.6, 
47,Brentwood,San Francisco Bay,6/8/2021,0900,159,0.02, ,0.00, ,1326, ,9.4, ,63.4, ,47, ,42.9, ,9.8, ,214, ,69.7, 
47,Brentwood,San Francisco Bay,6/8/2021,1000,159,0.02, ,0.00, ,1626, ,9.1, ,65.8, ,42, ,42.2, ,9.5, ,216, ,70.3, 
47,Brentwood,San Francisco Bay,6/8/2021,1100,159,0.03, ,0.00, ,1838, ,9.1, ,68.5, ,38, ,42.0, ,8.8, ,211, ,71.4, 
47,Brentwood,San Francisco Bay,6/8/2021,1200,159,0.03, ,0.00, ,1951, ,8.7, ,69.9, ,35, ,40.8, ,8.3, ,207, ,73.0, 
47,Brentwood,San Francisco Bay,6/8/2021,1300,159,0.03, ,0.00, ,1974, ,8.5, ,70.8, ,33, ,40.2, ,9.9, ,211, ,74.7, 
47,Brentwood,San Francisco Bay,6/8/2021,1400,159,0.03, ,0.00, ,1887, ,8.0, ,71.7, ,30, ,38.7, ,10.3, ,219, ,76.4, 
47,Brentwood,San Francisco Bay,6/8/2021,1500,159,0.03, ,0.00, ,1693, ,7.9, ,71.9, ,29, ,38.3, ,10.7, ,243, ,77.9, 
47,Brentwood,San Francisco Bay,6/8/2021,1600,159,0.02, ,0.00, ,1416, ,7.4, ,70.6, ,29, ,36.9, ,13.1, ,260, ,78.9, 
47,Brentwood,San Francisco Bay,6/8/2021,1700,159,0.02, ,0.00, ,1056, ,7.4, ,68.8, ,31, ,36.8, ,12.6, ,260, ,79.3, 
47,Brentwood,San Francisco Bay,6/8/2021,1800,159,0.01, ,0.00, ,645, ,7.8, ,66.8, ,35, ,38.0, ,12.5, ,250, ,79.3, 
47,Brentwood,San Francisco Bay,6/8/2021,1900,159,0.01, ,0.00, ,286, ,8.3, ,63.8, ,41, ,39.8, ,13.9, ,245, ,78.8, 
47,Brentwood,San Francisco Bay,6/8/2021,2000,159,0.00, ,0.00, ,36, ,8.5, ,61.0, ,47, ,40.4, ,8.6, ,258, ,78.2, 
47,Brentwood,San Francisco Bay,6/8/2021,2100,159,0.00, ,0.00, ,0, ,8.4, ,59.2, ,49, ,40.1, ,7.7, ,245, ,77.3, 
47,Brentwood,San Francisco Bay,6/8/2021,2200,159,0.00, ,0.00, ,0, ,7.9, ,58.2, ,47, ,38.3, ,7.8, ,249, ,76.4, 
47,Brentwood,San Francisco Bay,6/8/2021,2300,159,0.00, ,0.00, ,0, ,7.5, ,57.7, ,46, ,37.2, ,9.9, ,238, ,75.4, 
47,Brentwood,San Francisco Bay,6/8/2021,2400,159,0.00, ,0.00, ,0, ,7.8, ,55.5, ,52, ,38.3, ,7.9, ,207, ,74.4, 
47,Brentwood,San Francisco Bay,6/9/2021,0100,160,0.00, ,0.00, ,0, ,8.4, ,53.6, ,60, ,40.0, ,3.3, ,190, ,73.6, 
47,Brentwood,San Francisco Bay,6/9/2021,0200,160,0.00, ,0.00, ,1, ,8.1, ,54.0, ,57, ,39.2, ,3.2, ,169, ,72.6, 
47,Brentwood,San Francisco Bay,6/9/2021,0300,160,0.00, ,0.00, ,2, ,8.6, ,53.2, ,62, ,40.5, ,4.8, ,210, ,71.7, 
47,Brentwood,San Francisco Bay,6/9/2021,0400,160,0.00, ,0.00, ,1, ,8.6, ,51.4, ,67, ,40.7, ,3.7, ,229, ,70.9, 
47,Brentwood,San Francisco Bay,6/9/2021,0500,160,0.00, ,0.00, ,8, ,8.6, ,51.7, ,66, ,40.6, ,4.9, ,232, ,70.2, 
47,Brentwood,San Francisco Bay,6/9/2021,0600,160,0.00, ,0.00, ,189, ,9.2, ,52.8, ,67, ,42.2, ,4.5, ,197, ,69.4, 
47,Brentwood,San Francisco Bay,6/9/2021,0700,160,0.01, ,0.00, ,552, ,9.1, ,58.1, ,55, ,42.0, ,5.8, ,214, ,68.8, 
47,Brentwood,San Francisco Bay,6/9/2021,0800,160,0.01, ,0.00, ,955, ,8.3, ,61.7, ,44, ,39.8, ,8.8, ,228, ,68.5, 
47,Brentwood,San Francisco Bay,6/9/2021,0900,160,0.02, ,0.00, ,1323, ,8.1, ,64.0, ,40, ,39.2, ,8.4, ,219, ,68.8, 
47,Brentwood,San Francisco Bay,6/9/2021,1000,160,0.02, ,0.00, ,1625, ,8.0, ,66.8, ,36, ,38.9, ,7.9, ,220, ,69.6, 
47,Brentwood,San Francisco Bay,6/9/2021,1100,160,0.03, ,0.00, ,1836, ,8.0, ,68.6, ,33, ,38.6, ,7.6, ,234, ,71.0, 
47,Brentwood,San Francisco Bay,6/9/2021,1200,160,0.03, ,0.00, ,1873, ,8.3, ,69.8, ,33, ,39.8, ,8.2, ,233, ,72.9, 
47,Brentwood,San Francisco Bay,6/9/2021,1300,160,0.03, ,0.00, ,1970, ,8.5, ,70.3, ,34, ,40.4, ,10.2, ,225, ,74.9, 
47,Brentwood,San Francisco Bay,6/9/2021,1400,160,0.03, ,0.00, ,1883, ,8.3, ,70.1, ,33, ,39.6, ,14.0, ,235, ,76.6, 
47,Brentwood,San Francisco Bay,6/9/2021,1500,160,0.03, ,0.00, ,1706, ,7.5, ,69.0, ,31, ,37.2, ,15.2, ,229, ,77.8, 
47,Brentwood,San Francisco Bay,6/9/2021,1600,160,0.02, ,0.00, ,1430, ,7.3, ,68.0, ,31, ,36.6, ,14.9, ,229, ,78.6, 
47,Brentwood,San Francisco Bay,6/9/2021,1700,160,0.02, ,0.00, ,1065, ,7.5, ,66.6, ,34, ,37.3, ,15.4, ,227, ,78.8, 
47,Brentwood,San Francisco Bay,6/9/2021,1800,160,0.01, ,0.00, ,654, ,7.9, ,64.4, ,38, ,38.5, ,13.2, ,227, ,78.6, 
47,Brentwood,San Francisco Bay,6/9/2021,1900,160,0.01, ,0.00, ,267, ,8.5, ,61.5, ,46, ,40.3, ,14.2, ,222, ,78.1, 
47,Brentwood,San Francisco Bay,6/9/2021,2000,160,0.00, ,0.00, ,27, ,8.7, ,58.7, ,51, ,40.8, ,12.4, ,221, ,77.5, 
47,Brentwood,San Francisco Bay,6/9/2021,2100,160,0.00, ,0.00, ,0, ,9.3, ,56.6, ,59, ,42.5, ,12.2, ,207, ,76.7, 
47,Brentwood,San Francisco Bay,6/9/2021,2200,160,0.00, ,0.00, ,0, ,9.6, ,55.8, ,63, ,43.3, ,10.9, ,214, ,75.8, 
47,Brentwood,San Francisco Bay,6/9/2021,2300,160,0.00, ,0.00, ,0, ,9.3, ,55.0, ,63, ,42.8, ,8.4, ,217, ,74.9, 
47,Brentwood,San Francisco Bay,6/9/2021,2400,160,0.00, ,0.00, ,1, ,9.3, ,54.1, ,65, ,42.7, ,6.0, ,238, ,74.0, 
47,Brentwood,San Francisco Bay,6/10/2021,0100,161,0.00, ,0.00, ,2, ,9.2, ,53.0, ,67, ,42.5, ,3.6, ,205, ,73.0, 
47,Brentwood,San Francisco Bay,6/10/2021,0200,161,0.00, ,0.00, ,0, ,8.9, ,51.1, ,69, ,41.4, ,3.0, ,219, ,72.0, 
47,Brentwood,San Francisco Bay,6/10/2021,0300,161,0.00, ,0.00, ,0, ,9.2, ,52.5, ,68, ,42.3, ,6.5, ,240, ,71.1, 
47,Brentwood,San Francisco Bay,6/10/2021,0400,161,0.00, ,0.00, ,0, ,9.3, ,49.0, ,79, ,42.7, ,2.7, ,260, ,70.2, 
47,Brentwood,San Francisco Bay,6/10/2021,0500,161,0.00, ,0.00, ,12, ,9.5, ,48.3, ,82, ,43.2, ,3.1, ,181, ,69.4, 
47,Brentwood,San Francisco Bay,6/10/2021,0600,161,0.00, ,0.00, ,196, ,9.6, ,51.6, ,74, ,43.5, ,3.9, ,189, ,68.6, 
47,Brentwood,San Francisco Bay,6/10/2021,0700,161,0.01, ,0.00, ,551, ,9.6, ,57.6, ,59, ,43.5, ,2.8, ,213, ,67.9, 
47,Brentwood,San Francisco Bay,6/10/2021,0800,161,0.01, ,0.00, ,959, ,9.2, ,60.8, ,50, ,42.3, ,6.3, ,265, ,67.5, 
47,Brentwood,San Francisco Bay,6/10/2021,0900,161,0.02, ,0.00, ,1336, ,8.7, ,64.3, ,42, ,41.0, ,7.9, ,291, ,67.8, 
47,Brentwood,San Francisco Bay,6/10/2021,1000,161,0.02, ,0.00, ,1634, ,8.8, ,66.8, ,39, ,41.3, ,8.6, ,297, ,68.6, 
47,Brentwood,San Francisco Bay,6/10/2021,1100,161,0.03, ,0.00, ,1854, ,8.1, ,68.8, ,34, ,39.2, ,9.1, ,296, ,69.9, 
47,Brentwood,San Francisco Bay,6/10/2021,1200,161,0.03, ,0.00, ,1972, ,7.9, ,71.3, ,30, ,38.4, ,8.7, ,324, ,71.4, 
47,Brentwood,San Francisco Bay,6/10/2021,1300,161,0.03, ,0.00, ,1982, ,7.2, ,73.3, ,26, ,36.0, ,8.1, ,314, ,73.2, 
47,Brentwood,San Francisco Bay,6/10/2021,1400,161,0.03, ,0.00, ,1892, ,6.7, ,75.0, ,22, ,34.2, ,6.4, ,314, ,75.1, 
47,Brentwood,San Francisco Bay,6/10/2021,1500,161,0.02, ,0.00, ,1702, ,7.0, ,75.9, ,23, ,35.4, ,6.1, ,310, ,77.1, 
47,Brentwood,San Francisco Bay,6/10/2021,1600,161,0.02, ,0.00, ,1416, ,6.7, ,76.7, ,21, ,34.2, ,8.4, ,316, ,78.6, 
47,Brentwood,San Francisco Bay,6/10/2021,1700,161,0.02, ,0.00, ,1050, ,8.2, ,74.4, ,28, ,39.3, ,11.7, ,281, ,79.3, 
47,Brentwood,San Francisco Bay,6/10/2021,1800,161,0.01, ,0.00, ,645, ,8.7, ,70.8, ,34, ,40.9, ,12.9, ,268, ,79.4, 
47,Brentwood,San Francisco Bay,6/10/2021,1900,161,0.01, ,0.00, ,263, ,8.8, ,66.8, ,39, ,41.3, ,12.2, ,282, ,79.0, 
47,Brentwood,San Francisco Bay,6/10/2021,2000,161,0.00, ,0.00, ,25, ,8.8, ,62.7, ,45, ,41.1, ,7.4, ,275, ,78.4, 
47,Brentwood,San Francisco Bay,6/10/2021,2100,161,0.00, ,0.00, ,0, ,8.7, ,59.7, ,50, ,41.0, ,5.8, ,268, ,77.6, 
47,Brentwood,San Francisco Bay,6/10/2021,2200,161,0.00, ,0.00, ,0, ,9.0, ,56.0, ,59, ,41.9, ,3.0, ,212, ,76.5, 
47,Brentwood,San Francisco Bay,6/10/2021,2300,161,0.00, ,0.00, ,0, ,8.7, ,54.4, ,60, ,41.0, ,4.7, ,194, ,75.4, 
47,Brentwood,San Francisco Bay,6/10/2021,2400,161,0.00, ,0.00, ,1, ,7.9, ,54.6, ,54, ,38.6, ,4.9, ,213, ,74.2, 
47,Brentwood,San Francisco Bay,6/11/2021,0100,162,0.00, ,0.00, ,2, ,7.6, ,53.3, ,54, ,37.3, ,4.7, ,215, ,73.1, 
47,Brentwood,San Francisco Bay,6/11/2021,0200,162,0.00, ,0.00, ,1, ,7.6, ,52.0, ,57, ,37.4, ,4.7, ,203, ,72.0, 
47,Brentwood,San Francisco Bay,6/11/2021,0300,162,0.00, ,0.00, ,0, ,8.1, ,50.7, ,65, ,39.2, ,3.0, ,179, ,71.0, 
47,Brentwood,San Francisco Bay,6/11/2021,0400,162,0.00, ,0.00, ,0, ,8.5, ,47.2, ,77, ,40.2, ,2.3, ,117, ,70.0, 
47,Brentwood,San Francisco Bay,6/11/2021,0500,162,0.00, ,0.00, ,11, ,10.0, ,46.6, ,92, ,44.4, ,1.8, ,266, ,69.1, 
47,Brentwood,San Francisco Bay,6/11/2021,0600,162,0.00, ,0.00, ,189, ,10.9, ,52.5, ,81, ,46.7, ,1.8, ,100, ,68.2, 
47,Brentwood,San Francisco Bay,6/11/2021,0700,162,0.01, ,0.00, ,537, ,8.8, ,60.3, ,49, ,41.3, ,4.0, ,228, ,67.4, 
47,Brentwood,San Francisco Bay,6/11/2021,0800,162,0.01, ,0.00, ,931, ,7.7, ,64.7, ,37, ,37.7, ,7.5, ,259, ,67.0, 
47,Brentwood,San Francisco Bay,6/11/2021,0900,162,0.02, ,0.00, ,1299, ,7.3, ,68.0, ,31, ,36.4, ,9.3, ,279, ,67.3, 
47,Brentwood,San Francisco Bay,6/11/2021,1000,162,0.02, ,0.00, ,1596, ,7.6, ,71.1, ,29, ,37.4, ,9.0, ,296, ,68.3, 
47,Brentwood,San Francisco Bay,6/11/2021,1100,162,0.03, ,0.00, ,1801, ,7.8, ,74.3, ,27, ,38.0, ,6.1, ,304, ,69.7, 
47,Brentwood,San Francisco Bay,6/11/2021,1200,162,0.03, ,0.00, ,1912, ,8.8, ,76.3, ,28, ,41.1, ,7.0, ,303, ,71.7, 
47,Brentwood,San Francisco Bay,6/11/2021,1300,162,0.03, ,0.00, ,1920, ,8.7, ,77.9, ,27, ,40.9, ,5.1, ,146, ,74.1, 
47,Brentwood,San Francisco Bay,6/11/2021,1400,162,0.03, ,0.00, ,1817, ,9.4, ,80.1, ,27, ,42.8, ,9.3, ,294, ,76.5, 
47,Brentwood,San Francisco Bay,6/11/2021,1500,162,0.03, ,0.00, ,1634, ,9.0, ,80.7, ,25, ,41.7, ,11.6, ,285, ,78.2, 
47,Brentwood,San Francisco Bay,6/11/2021,1600,162,0.03, ,0.00, ,1367, ,8.3, ,79.3, ,24, ,39.6, ,13.0, ,272, ,79.3, 
47,Brentwood,San Francisco Bay,6/11/2021,1700,162,0.02, ,0.00, ,1016, ,9.6, ,77.7, ,30, ,43.6, ,12.6, ,265, ,79.9, 
47,Brentwood,San Francisco Bay,6/11/2021,1800,162,0.01, ,0.00, ,575, ,9.5, ,76.0, ,31, ,43.1, ,12.1, ,270, ,79.9, 
47,Brentwood,San Francisco Bay,6/11/2021,1900,162,0.01, ,0.00, ,213, ,10.4, ,72.0, ,39, ,45.5, ,12.9, ,273, ,79.6, 
47,Brentwood,San Francisco Bay,6/11/2021,2000,162,0.00, ,0.00, ,9, ,10.6, ,68.7, ,44, ,46.2, ,11.7, ,270, ,79.0, 
47,Brentwood,San Francisco Bay,6/11/2021,2100,162,0.00, ,0.00, ,0, ,10.7, ,66.8, ,48, ,46.2, ,8.6, ,264, ,78.3, 
47,Brentwood,San Francisco Bay,6/11/2021,2200,162,0.00, ,0.00, ,0, ,11.6, ,65.7, ,54, ,48.5, ,9.0, ,266, ,77.5, 
47,Brentwood,San Francisco Bay,6/11/2021,2300,162,0.00, ,0.00, ,0, ,12.6, ,65.0, ,60, ,50.7, ,8.0, ,270, ,76.7, 
47,Brentwood,San Francisco Bay,6/11/2021,2400,162,0.00, ,0.00, ,0, ,13.4, ,64.2, ,65, ,52.3, ,7.8, ,257, ,75.8, 
47,Brentwood,San Francisco Bay,6/12/2021,0100,163,0.00, ,0.00, ,0, ,13.0, ,61.1, ,71, ,51.6, ,3.1, ,166, ,75.1, 
47,Brentwood,San Francisco Bay,6/12/2021,0200,163,0.00, ,0.00, ,0, ,17.2, ,61.3, ,93, ,59.3, ,5.8, ,265, ,74.4, 
47,Brentwood,San Francisco Bay,6/12/2021,0300,163,0.00, ,0.00, ,0, ,18.3, ,61.4, ,98, ,61.0, ,3.8, ,264, ,73.7, 
47,Brentwood,San Francisco Bay,6/12/2021,0400,163,0.00, ,0.00, ,0, ,16.9, ,58.9, ,99, ,58.7, ,1.8, ,138, ,73.0, 
47,Brentwood,San Francisco Bay,6/12/2021,0500,163,0.00, ,0.00, ,11, ,15.8, ,57.0, ,99, ,56.8, ,2.1, ,86, ,72.4, 
47,Brentwood,San Francisco Bay,6/12/2021,0600,163,0.00, ,0.00, ,180, ,17.6, ,60.0, ,99, ,59.9, ,1.8, ,258, ,71.7, 
47,Brentwood,San Francisco Bay,6/12/2021,0700,163,0.01, ,0.00, ,511, ,20.4, ,66.6, ,92, ,64.1, ,4.1, ,277, ,71.1, 
47,Brentwood,San Francisco Bay,6/12/2021,0800,163,0.01, ,0.00, ,894, ,20.6, ,70.6, ,81, ,64.4, ,8.5, ,293, ,70.9, 
47,Brentwood,San Francisco Bay,6/12/2021,0900,163,0.02, ,0.00, ,1251, ,20.0, ,73.9, ,70, ,63.5, ,6.6, ,299, ,71.3, 
47,Brentwood,San Francisco Bay,6/12/2021,1000,163,0.02, ,0.00, ,1543, ,19.1, ,76.5, ,61, ,62.1, ,5.5, ,306, ,72.2, 
47,Brentwood,San Francisco Bay,6/12/2021,1100,163,0.03, ,0.00, ,1751, ,18.9, ,79.2, ,56, ,61.9, ,5.6, ,322, ,73.8, 
47,Brentwood,San Francisco Bay,6/12/2021,1200,163,0.03, ,0.00, ,1865, ,17.9, ,81.6, ,49, ,60.3, ,4.7, ,321, ,75.9, 
47,Brentwood,San Francisco Bay,6/12/2021,1300,163,0.03, ,0.00, ,1879, ,16.4, ,84.4, ,41, ,57.9, ,6.1, ,314, ,78.3, 
47,Brentwood,San Francisco Bay,6/12/2021,1400,163,0.03, ,0.00, ,1801, ,16.6, ,86.5, ,38, ,58.2, ,8.7, ,306, ,80.4, 
47,Brentwood,San Francisco Bay,6/12/2021,1500,163,0.03, ,0.00, ,1623, ,15.8, ,88.0, ,35, ,56.9, ,11.8, ,307, ,81.9, 
47,Brentwood,San Francisco Bay,6/12/2021,1600,163,0.03, ,0.00, ,1352, ,16.4, ,87.5, ,37, ,57.9, ,13.4, ,295, ,82.7, 
47,Brentwood,San Francisco Bay,6/12/2021,1700,163,0.02, ,0.00, ,1014, ,16.7, ,85.9, ,40, ,58.4, ,13.2, ,280, ,83.1, 
47,Brentwood,San Francisco Bay,6/12/2021,1800,163,0.01, ,0.00, ,629, ,16.2, ,82.9, ,42, ,57.5, ,12.4, ,263, ,83.2, 
47,Brentwood,San Francisco Bay,6/12/2021,1900,163,0.01, ,0.00, ,259, ,15.6, ,80.2, ,44, ,56.5, ,10.6, ,261, ,83.0, 
47,Brentwood,San Francisco Bay,6/12/2021,2000,163,0.00, ,0.00, ,28, ,15.6, ,76.4, ,50, ,56.5, ,8.2, ,274, ,82.4, 
47,Brentwood,San Francisco Bay,6/12/2021,2100,163,0.00, ,0.00, ,0, ,15.7, ,73.2, ,56, ,56.6, ,5.6, ,270, ,81.7, 
47,Brentwood,San Francisco Bay,6/12/2021,2200,163,0.00, ,0.00, ,0, ,16.0, ,68.8, ,67, ,57.2, ,4.3, ,211, ,80.8, 
47,Brentwood,San Francisco Bay,6/12/2021,2300,163,0.00, ,0.00, ,0, ,15.9, ,68.4, ,67, ,57.0, ,5.9, ,225, ,79.8, 
47,Brentwood,San Francisco Bay,6/12/2021,2400,163,0.00, ,0.00, ,0, ,15.8, ,68.5, ,66, ,56.9, ,5.8, ,239, ,78.8, 
47,Brentwood,San Francisco Bay,6/13/2021,0100,164,0.00, ,0.00, ,0, ,17.8, ,64.9, ,85, ,60.2, ,3.1, ,172, ,77.8, 
47,Brentwood,San Francisco Bay,6/13/2021,0200,164,0.00, ,0.00, ,0, ,18.6, ,61.8, ,99, ,61.5, ,2.5, ,104, ,76.9, 
47,Brentwood,San Francisco Bay,6/13/2021,0300,164,0.00, ,0.00, ,0, ,18.5, ,61.5, ,99, ,61.2, ,3.4, ,176, ,76.0, 
47,Brentwood,San Francisco Bay,6/13/2021,0400,164,0.00, ,0.00, ,0, ,17.8, ,60.4, ,99, ,60.2, ,2.4, ,183, ,75.2, 
47,Brentwood,San Francisco Bay,6/13/2021,0500,164,0.00, ,0.00, ,12, ,17.8, ,60.5, ,99, ,60.2, ,2.9, ,218, ,74.4, 
47,Brentwood,San Francisco Bay,6/13/2021,0600,164,0.00, ,0.00, ,186, ,19.1, ,62.4, ,99, ,62.2, ,3.3, ,204, ,73.6, 
47,Brentwood,San Francisco Bay,6/13/2021,0700,164,0.01, ,0.00, ,520, ,20.5, ,67.3, ,90, ,64.2, ,5.5, ,247, ,73.0, 
47,Brentwood,San Francisco Bay,6/13/2021,0800,164,0.01, ,0.00, ,905, ,19.8, ,70.6, ,78, ,63.3, ,6.2, ,255, ,72.7, 
47,Brentwood,San Francisco Bay,6/13/2021,0900,164,0.02, ,0.00, ,1263, ,19.0, ,75.1, ,64, ,62.1, ,5.4, ,297, ,73.0, 
47,Brentwood,San Francisco Bay,6/13/2021,1000,164,0.02, ,0.00, ,1554, ,16.8, ,77.8, ,52, ,58.6, ,5.7, ,252, ,74.0, 
47,Brentwood,San Francisco Bay,6/13/2021,1100,164,0.03, ,0.00, ,1764, ,15.7, ,81.3, ,43, ,56.6, ,7.7, ,293, ,75.6, 
47,Brentwood,San Francisco Bay,6/13/2021,1200,164,0.03, ,0.00, ,1881, ,14.8, ,83.5, ,38, ,55.1, ,7.1, ,248, ,77.6, 
47,Brentwood,San Francisco Bay,6/13/2021,1300,164,0.03, ,0.00, ,1894, ,15.0, ,85.1, ,36, ,55.3, ,8.2, ,277, ,79.7, 
47,Brentwood,San Francisco Bay,6/13/2021,1400,164,0.03, ,0.00, ,1821, ,13.7, ,86.2, ,32, ,53.0, ,7.8, ,226, ,81.7, 
47,Brentwood,San Francisco Bay,6/13/2021,1500,164,0.03, ,0.00, ,1642, ,12.8, ,86.6, ,30, ,51.2, ,8.1, ,225, ,83.6,Y
47,Brentwood,San Francisco Bay,6/13/2021,1600,164,0.03, ,0.00, ,1378, ,11.7, ,85.3, ,28, ,48.6, ,11.4, ,250, ,84.8,Y
47,Brentwood,San Francisco Bay,6/13/2021,1700,164,0.02, ,0.00, ,1033, ,11.3, ,83.2, ,29, ,47.8, ,12.1, ,260, ,85.2,Y
47,Brentwood,San Francisco Bay,6/13/2021,1800,164,0.02, ,0.00, ,640, ,12.9, ,78.7, ,38, ,51.3, ,13.2, ,262, ,85.0,Y
47,Brentwood,San Francisco Bay,6/13/2021,1900,164,0.01, ,0.00, ,266, ,13.9, ,75.1, ,47, ,53.4, ,11.8, ,247, ,84.6,Y
47,Brentwood,San Francisco Bay,6/13/2021,2000,164,0.00, ,0.00, ,27, ,15.3, ,71.1, ,59, ,56.0, ,7.5, ,278, ,83.8,Y
47,Brentwood,San Francisco Bay,6/13/2021,2100,164,0.00, ,0.00, ,0, ,15.9, ,68.6, ,67, ,57.0, ,7.5, ,270, ,82.8,Y
47,Brentwood,San Francisco Bay,6/13/2021,2200,164,0.00, ,0.00, ,0, ,16.2, ,66.9, ,72, ,57.6, ,7.7, ,258, ,81.6, 
47,Brentwood,San Francisco Bay,6/13/2021,2300,164,0.00, ,0.00, ,0, ,17.7, ,66.0, ,81, ,60.1, ,7.6, ,249, ,80.5, 
47,Brentwood,San Francisco Bay,6/13/2021,2400,164,0.00, ,0.00, ,0, ,20.7, ,65.2, ,97, ,64.4, ,6.1, ,243, ,79.4, 
47,Brentwood,San Francisco Bay,6/14/2021,0100,165,0.00, ,0.00, ,0, ,20.7, ,64.9, ,99, ,64.5, ,7.9, ,260, ,78.5, 
47,Brentwood,San Francisco Bay,6/14/2021,0200,165,0.00, ,0.00, ,0, ,20.8, ,65.0, ,99, ,64.7, ,8.8, ,272, ,77.6, 
47,Brentwood,San Francisco Bay,6/14/2021,0300,165,0.00, ,0.00, ,0, ,19.5, ,63.1, ,99, ,62.8, ,3.1, ,211, ,76.9, 
47,Brentwood,San Francisco Bay,6/14/2021,0400,165,0.00, ,0.00, ,0, ,18.4, ,61.3, ,99, ,61.1, ,2.7, ,197, ,76.2, 
47,Brentwood,San Francisco Bay,6/14/2021,0500,165,0.00, ,0.00, ,10, ,16.9, ,59.0, ,99, ,58.8, ,1.7, ,164, ,75.4, 
47,Brentwood,San Francisco Bay,6/14/2021,0600,165,0.00, ,0.00, ,195, ,18.5, ,61.4, ,99, ,61.3, ,2.2, ,169, ,74.6, 
47,Brentwood,San Francisco Bay,6/14/2021,0700,165,0.01, ,0.00, ,524, ,21.6, ,66.8, ,96, ,65.6, ,3.2, ,165, ,73.9, 
47,Brentwood,San Francisco Bay,6/14/2021,0800,165,0.01, ,0.00, ,900, ,21.4, ,70.6, ,84, ,65.5, ,3.7, ,205, ,73.5, 
47,Brentwood,San Francisco Bay,6/14/2021,0900,165,0.02, ,0.00, ,1271, ,20.6, ,73.7, ,72, ,64.3, ,7.8, ,303, ,73.8, 
47,Brentwood,San Francisco Bay,6/14/2021,1000,165,0.02, ,0.00, ,1551, ,20.2, ,74.5, ,69, ,63.8, ,10.0, ,299, ,74.7, 
47,Brentwood,San Francisco Bay,6/14/2021,1100,165,0.03, ,0.00, ,1753, ,19.8, ,77.4, ,62, ,63.2, ,9.3, ,320, ,75.9, 
47,Brentwood,San Francisco Bay,6/14/2021,1200,165,0.03, ,0.00, ,1867, ,19.7, ,79.5, ,57, ,63.1, ,8.9, ,332, ,77.3, 
47,Brentwood,San Francisco Bay,6/14/2021,1300,165,0.03, ,0.00, ,1883, ,18.1, ,81.1, ,50, ,60.7, ,10.6, ,315, ,78.9, 
47,Brentwood,San Francisco Bay,6/14/2021,1400,165,0.03, ,0.00, ,1805, ,15.0, ,83.5, ,38, ,55.4, ,7.2, ,233, ,80.6, 
47,Brentwood,San Francisco Bay,6/14/2021,1500,165,0.03, ,0.00, ,1638, ,14.5, ,84.1, ,36, ,54.5, ,7.8, ,243, ,82.4, 
47,Brentwood,San Francisco Bay,6/14/2021,1600,165,0.03, ,0.00, ,1369, ,12.8, ,82.2, ,34, ,51.0, ,13.4, ,268, ,83.7, 
47,Brentwood,San Francisco Bay,6/14/2021,1700,165,0.02, ,0.00, ,1028, ,10.9, ,80.4, ,31, ,46.9, ,12.3, ,266, ,84.3, 
47,Brentwood,San Francisco Bay,6/14/2021,1800,165,0.02, ,0.00, ,634, ,10.2, ,78.1, ,31, ,45.1, ,12.4, ,261, ,84.3,Y
47,Brentwood,San Francisco Bay,6/14/2021,1900,165,0.01, ,0.00, ,261, ,9.0, ,74.9, ,30, ,41.8, ,12.8, ,256, ,83.9,Y
47,Brentwood,San Francisco Bay,6/14/2021,2000,165,0.00, ,0.00, ,27, ,9.7, ,70.2, ,38, ,43.7, ,11.3, ,256, ,83.2, 
47,Brentwood,San Francisco Bay,6/14/2021,2100,165,0.00, ,0.00, ,0, ,9.8, ,67.9, ,42, ,44.0, ,7.0, ,264, ,82.2, 
47,Brentwood,San Francisco Bay,6/14/2021,2200,165,0.00, ,0.00, ,0, ,9.6, ,66.5, ,43, ,43.6, ,9.4, ,228, ,80.9, 
47,Brentwood,San Francisco Bay,6/14/2021,2300,165,0.00, ,0.00, ,0, ,10.5, ,63.8, ,52, ,45.8, ,4.0, ,225, ,79.7, 
47,Brentwood,San Francisco Bay,6/14/2021,2400,165,0.00, ,0.00, ,0, ,10.6, ,61.9, ,56, ,46.1, ,4.6, ,221, ,78.4, 
47,Brentwood,San Francisco Bay,6/15/2021,0100,166,0.00, ,0.00, ,0, ,11.0, ,59.0, ,65, ,47.1, ,3.0, ,153, ,77.3, 
47,Brentwood,San Francisco Bay,6/15/2021,0200,166,0.00, ,0.00, ,0, ,12.3, ,56.6, ,78, ,49.9, ,4.3, ,184, ,76.1, 
47,Brentwood,San Francisco Bay,6/15/2021,0300,166,0.00, ,0.00, ,0, ,12.3, ,56.9, ,78, ,50.0, ,2.9, ,154, ,75.1, 
47,Brentwood,San Francisco Bay,6/15/2021,0400,166,0.00, ,0.00, ,0, ,12.9, ,54.2, ,90, ,51.4, ,2.9, ,173, ,74.2, 
47,Brentwood,San Francisco Bay,6/15/2021,0500,166,0.00, ,0.00, ,13, ,12.4, ,53.9, ,88, ,50.3, ,3.4, ,200, ,73.3, 
47,Brentwood,San Francisco Bay,6/15/2021,0600,166,0.00, ,0.00, ,199, ,13.6, ,54.8, ,92, ,52.7, ,1.9, ,58, ,72.3, 
47,Brentwood,San Francisco Bay,6/15/2021,0700,166,0.01, ,0.00, ,560, ,11.9, ,63.2, ,60, ,49.1, ,4.7, ,225, ,71.5, 
47,Brentwood,San Francisco Bay,6/15/2021,0800,166,0.01, ,0.00, ,968, ,9.1, ,69.5, ,37, ,42.2, ,5.5, ,289, ,71.0, 
47,Brentwood,San Francisco Bay,6/15/2021,0900,166,0.02, ,0.00, ,1343, ,8.9, ,72.7, ,33, ,41.5, ,8.6, ,288, ,71.2, 
47,Brentwood,San Francisco Bay,6/15/2021,1000,166,0.03, ,0.00, ,1645, ,8.7, ,75.7, ,29, ,41.0, ,9.9, ,289, ,72.0, 
47,Brentwood,San Francisco Bay,6/15/2021,1100,166,0.03, ,0.00, ,1856, ,8.4, ,78.6, ,25, ,40.0, ,9.2, ,296, ,73.2, 
47,Brentwood,San Francisco Bay,6/15/2021,1200,166,0.03, ,0.00, ,1974, ,8.4, ,81.0, ,23, ,40.0, ,9.5, ,311, ,74.6, 
47,Brentwood,San Francisco Bay,6/15/2021,1300,166,0.03, ,0.00, ,1991, ,8.1, ,82.9, ,21, ,39.2, ,8.5, ,304, ,76.2, 
47,Brentwood,San Francisco Bay,6/15/2021,1400,166,0.03, ,0.00, ,1894, ,9.1, ,85.0, ,22, ,42.0, ,7.2, ,308, ,78.0, 
47,Brentwood,San Francisco Bay,6/15/2021,1500,166,0.03, ,0.00, ,1710, ,8.4, ,87.0, ,19, ,40.1, ,7.9, ,301, ,79.9, 
47,Brentwood,San Francisco Bay,6/15/2021,1600,166,0.02, ,0.00, ,1424, ,8.4, ,88.2, ,18, ,39.9, ,6.7, ,303, ,81.4, 
47,Brentwood,San Francisco Bay,6/15/2021,1700,166,0.02, ,0.00, ,1068, ,8.8, ,89.1, ,19, ,41.3, ,6.0, ,311, ,82.4, 
47,Brentwood,San Francisco Bay,6/15/2021,1800,166,0.01, ,0.00, ,661, ,10.5, ,87.5, ,24, ,45.8, ,6.7, ,307, ,82.8, 
47,Brentwood,San Francisco Bay,6/15/2021,1900,166,0.01, ,0.00, ,274, ,10.9, ,83.8, ,27, ,46.7, ,5.8, ,301, ,82.7, 
47,Brentwood,San Francisco Bay,6/15/2021,2000,166,0.00, ,0.00, ,30, ,11.8, ,75.8, ,39, ,49.0, ,4.0, ,310, ,82.3, 
47,Brentwood,San Francisco Bay,6/15/2021,2100,166,0.00, ,0.00, ,0, ,11.3, ,69.4, ,46, ,47.8, ,3.8, ,303, ,81.6, 
47,Brentwood,San Francisco Bay,6/15/2021,2200,166,0.00, ,0.00, ,0, ,12.1, ,66.3, ,55, ,49.6, ,2.4, ,282, ,80.6, 
47,Brentwood,San Francisco Bay,6/15/2021,2300,166,0.00, ,0.00, ,0, ,12.3, ,64.1, ,60, ,50.0, ,3.3, ,266, ,79.5, 
47,Brentwood,San Francisco Bay,6/15/2021,2400,166,0.00, ,0.00, ,0, ,11.8, ,64.1, ,58, ,49.0, ,3.4, ,236, ,78.4, 
47,Brentwood,San Francisco Bay,6/16/2021,0100,167,0.00, ,0.00, ,0, ,11.2, ,62.8, ,58, ,47.6, ,3.2, ,268, ,77.2, 
47,Brentwood,San Francisco Bay,6/16/2021,0200,167,0.00, ,0.00, ,0, ,11.1, ,61.4, ,60, ,47.2, ,2.9, ,220, ,76.2, 
47,Brentwood,San Francisco Bay,6/16/2021,0300,167,0.00, ,0.00, ,0, ,11.1, ,59.2, ,65, ,47.3, ,2.5, ,263, ,75.1, 
47,Brentwood,San Francisco Bay,6/16/2021,0400,167,0.00, ,0.00, ,0, ,10.9, ,59.4, ,63, ,46.7, ,2.7, ,275, ,74.2, 
47,Brentwood,San Francisco Bay,6/16/2021,0500,167,0.00, ,0.00, ,12, ,10.7, ,56.0, ,70, ,46.3, ,3.5, ,281, ,73.3, 
47,Brentwood,San Francisco Bay,6/16/2021,0600,167,0.00, ,0.00, ,195, ,12.1, ,62.1, ,63, ,49.6, ,2.6, ,262, ,72.5, 
47,Brentwood,San Francisco Bay,6/16/2021,0700,167,0.01, ,0.00, ,575, ,13.0, ,71.7, ,49, ,51.6, ,3.5, ,272, ,71.8, 
47,Brentwood,San Francisco Bay,6/16/2021,0800,167,0.02, ,0.00, ,946, ,11.7, ,77.9, ,36, ,48.8, ,6.0, ,298, ,71.6, 
47,Brentwood,San Francisco Bay,6/16/2021,0900,167,0.02, ,0.00, ,1335, ,10.3, ,80.9, ,29, ,45.4, ,7.6, ,311, ,72.1, 
47,Brentwood,San Francisco Bay,6/16/2021,1000,167,0.03, ,0.00, ,1629, ,10.8, ,83.2, ,28, ,46.6, ,5.8, ,299, ,73.3, 
47,Brentwood,San Francisco Bay,6/16/2021,1100,167,0.03, ,0.00, ,1797, ,10.7, ,86.4, ,25, ,46.4, ,4.4, ,288, ,75.0, 
47,Brentwood,San Francisco Bay,6/16/2021,1200,167,0.03, ,0.00, ,1819, ,9.5, ,90.4, ,19, ,43.2, ,4.3, ,352, ,77.4, 
47,Brentwood,San Francisco Bay,6/16/2021,1300,167,0.03, ,0.00, ,1848, ,8.5, ,92.5, ,16, ,40.2, ,4.5, ,317, ,79.9, 
47,Brentwood,San Francisco Bay,6/16/2021,1400,167,0.03, ,0.00, ,1685, ,7.9, ,94.5, ,14, ,38.4, ,4.1, ,331, ,82.2, 
47,Brentwood,San Francisco Bay,6/16/2021,1500,167,0.03, ,0.00, ,1620, ,8.9, ,95.9, ,15, ,41.4, ,5.4, ,6, ,84.3,Y
47,Brentwood,San Francisco Bay,6/16/2021,1600,167,0.02, ,0.00, ,969, ,9.5, ,94.8, ,17, ,43.2, ,6.3, ,327, ,85.7,Y
47,Brentwood,San Francisco Bay,6/16/2021,1700,167,0.02, ,0.00, ,704, ,9.5, ,94.0, ,17, ,43.2, ,5.6, ,318, ,86.3,Y
47,Brentwood,San Francisco Bay,6/16/2021,1800,167,0.01, ,0.00, ,472, ,10.5, ,93.1, ,20, ,45.9, ,3.7, ,347, ,86.5,Y
47,Brentwood,San Francisco Bay,6/16/2021,1900,167,0.00, ,0.00, ,235, ,16.1, ,84.9, ,39, ,57.4, ,2.0, ,64, ,86.2,Y
47,Brentwood,San Francisco Bay,6/16/2021,2000,167,0.00, ,0.00, ,17, ,13.6, ,81.6, ,37, ,52.7, ,3.0, ,286, ,85.6,Y
47,Brentwood,San Francisco Bay,6/16/2021,2100,167,0.00, ,0.00, ,0, ,14.5, ,75.0, ,49, ,54.5, ,2.5, ,207, ,84.7,Y
47,Brentwood,San Francisco Bay,6/16/2021,2200,167,0.00, ,0.00, ,0, ,12.7, ,72.4, ,47, ,51.0, ,2.7, ,227, ,83.6,Y
47,Brentwood,San Francisco Bay,6/16/2021,2300,167,0.00, ,0.00, ,0, ,12.6, ,69.0, ,52, ,50.7, ,2.3, ,289, ,82.4,Y
47,Brentwood,San Francisco Bay,6/16/2021,2400,167,0.00, ,0.00, ,0, ,12.6, ,67.6, ,54, ,50.6, ,2.9, ,257, ,81.2,Y
47,Brentwood,San Francisco Bay,6/17/2021,0100,168,0.00, ,0.00, ,0, ,12.5, ,65.8, ,58, ,50.5, ,3.0, ,243, ,80.0, 
47,Brentwood,San Francisco Bay,6/17/2021,0200,168,0.00, ,0.00, ,0, ,12.5, ,65.0, ,59, ,50.4, ,3.0, ,287, ,78.9, 
47,Brentwood,San Francisco Bay,6/17/2021,0300,168,0.00, ,0.00, ,0, ,13.3, ,62.0, ,70, ,52.1, ,2.5, ,48, ,77.9, 
47,Brentwood,San Francisco Bay,6/17/2021,0400,168,0.00, ,0.00, ,0, ,14.7, ,60.6, ,82, ,55.0, ,2.6, ,193, ,77.0, 
47,Brentwood,San Francisco Bay,6/17/2021,0500,168,0.00, ,0.00, ,9, ,16.1, ,59.1, ,94, ,57.4, ,2.7, ,270, ,76.1, 
47,Brentwood,San Francisco Bay,6/17/2021,0600,168,0.00, ,0.00, ,180, ,18.5, ,63.1, ,94, ,61.2, ,2.3, ,251, ,75.3, 
47,Brentwood,San Francisco Bay,6/17/2021,0700,168,0.01, ,0.00, ,525, ,18.3, ,72.7, ,67, ,61.0, ,3.3, ,298, ,74.5, 
47,Brentwood,San Francisco Bay,6/17/2021,0800,168,0.01,Y,0.00, ,919, ,14.8, ,82.9,Y,38,Y,55.0,Y,4.7, ,293, ,74.2, 
47,Brentwood,San Francisco Bay,6/17/2021,0900,168,0.02,Y,0.00, ,1283, ,11.3, ,87.5,Y,25,Y,47.7,Y,5.7, ,301, ,74.7, 
47,Brentwood,San Francisco Bay,6/17/2021,1000,168,0.03,Y,0.00, ,1574, ,12.2, ,90.8,Y,25,Y,49.7,Y,6.0, ,319, ,75.8, 
47,Brentwood,San Francisco Bay,6/17/2021,1100,168,0.03,Y,0.00, ,1788, ,12.5, ,93.8,Y,23,Y,50.4,Y,7.4, ,312, ,77.5, 
47,Brentwood,San Francisco Bay,6/17/2021,1200,168,0.03,Y,0.00, ,1906, ,12.3, ,96.5,Y,21,Y,50.0,Y,6.0, ,296, ,79.5, 
47,Brentwood,San Francisco Bay,6/17/2021,1300,168,0.04,Y,0.00, ,1927, ,12.2, ,99.7,Y,19,Y,49.8,Y,7.0, ,303, ,81.8,Y
47,Brentwood,San Francisco Bay,6/17/2021,1400,168,0.04,Y,0.00, ,1842, ,11.1, ,102.9,Y,16,Y,47.2,Y,7.0, ,318, ,83.9,Y
47,Brentwood,San Francisco Bay,6/17/2021,1500,168,0.03,Y,0.00, ,1666, ,9.8, ,104.9,Y,13,Y,44.0,Y,6.3, ,311, ,85.9,Y
47,Brentwood,San Francisco Bay,6/17/2021,1600,168,0.03,Y,0.00, ,1406, ,9.5, ,105.3,Y,12,Y,43.2,Y,7.3, ,309, ,87.4,Y
47,Brentwood,San Francisco Bay,6/17/2021,1700,168,0.02,Y,0.00, ,1060, ,10.3, ,103.6,Y,14,Y,45.2,Y,7.7, ,304, ,88.2,Y
47,Brentwood,San Francisco Bay,6/17/2021,1800,168,0.02,Y,0.00, ,748, ,12.4, ,101.2,Y,18,Y,50.3,Y,7.4, ,310, ,88.3,Y
47,Brentwood,San Francisco Bay,6/17/2021,1900,168,0.01,Y,0.00, ,347, ,12.3, ,96.4,Y,21,Y,50.0,Y,7.0, ,314, ,88.1,Y
47,Brentwood,San Francisco Bay,6/17/2021,2000,168,0.00,Y,0.00, ,38, ,11.5, ,88.5,Y,25,Y,48.2,Y,4.8, ,310, ,87.7,Y
47,Brentwood,San Francisco Bay,6/17/2021,2100,168,0.00, ,0.00, ,0, ,13.0, ,80.7, ,36, ,51.6, ,3.7, ,252, ,87.1,Y
47,Brentwood,San Francisco Bay,6/17/2021,2200,168,0.00, ,0.00, ,0, ,15.0, ,75.3, ,50, ,55.4, ,3.0, ,187, ,86.1,Y
47,Brentwood,San Francisco Bay,6/17/2021,2300,168,0.00, ,0.00, ,0, ,10.6, ,76.3, ,34, ,46.1, ,5.2, ,193, ,84.9,Y
47,Brentwood,San Francisco Bay,6/17/2021,2400,168,0.00,Y,0.00, ,0, ,8.5, ,77.2,Y,27,Y,40.2,Y,5.2, ,212, ,83.7,Y
47,Brentwood,San Francisco Bay,6/18/2021,0100,169,0.00, ,0.00, ,0, ,10.2, ,70.4, ,40, ,44.9, ,3.0, ,320, ,82.5,Y
47,Brentwood,San Francisco Bay,6/18/2021,0200,169,0.00, ,0.00, ,0, ,13.3, ,67.4, ,58, ,52.1, ,3.3, ,284, ,81.4,Y
47,Brentwood,San Francisco Bay,6/18/2021,0300,169,0.00, ,0.00, ,0, ,14.1, ,63.6, ,70, ,53.7, ,2.7, ,101, ,80.3,Y
47,Brentwood,San Francisco Bay,6/18/2021,0400,169,0.00, ,0.00, ,0, ,15.9, ,62.1, ,83, ,57.0, ,3.2, ,175, ,79.3,Y
47,Brentwood,San Francisco Bay,6/18/2021,0500,169,0.00, ,0.00, ,6, ,15.8, ,62.5, ,82, ,56.9, ,3.1, ,202, ,78.3,Y
47,Brentwood,San Francisco Bay,6/18/2021,0600,169,0.00, ,0.00, ,166, ,14.7, ,64.8, ,70, ,54.9, ,3.8, ,289, ,77.5, 
47,Brentwood,San Francisco Bay,6/18/2021,0700,169,0.01, ,0.00, ,514, ,15.5, ,75.3, ,52, ,56.3, ,4.7, ,293, ,76.7, 
47,Brentwood,San Francisco Bay,6/18/2021,0800,169,0.02,Y,0.00, ,901, ,14.4, ,85.3,Y,35,Y,54.3,Y,4.6, ,322, ,76.4, 
47,Brentwood,San Francisco Bay,6/18/2021,0900,169,0.02,Y,0.00, ,1263, ,14.3, ,88.9,Y,31,Y,54.1,Y,6.5, ,313, ,76.8, 
47,Brentwood,San Francisco Bay,6/18/2021,1000,169,0.03,Y,0.00, ,1559, ,13.5, ,92.9,Y,26,Y,52.5,Y,6.0, ,330, ,77.9, 
47,Brentwood,San Francisco Bay,6/18/2021,1100,169,0.03,Y,0.00, ,1770, ,13.6, ,96.1,Y,23,Y,52.7,Y,5.8, ,311, ,79.5,Y
47,Brentwood,San Francisco Bay,6/18/2021,1200,169,0.03,Y,0.00, ,1877, ,11.9, ,100.3,Y,18,Y,49.1,Y,5.2, ,311, ,81.7,Y
47,Brentwood,San Francisco Bay,6/18/2021,1300,169,0.04,Y,0.00, ,1889, ,12.5, ,102.6,Y,18,Y,50.6,Y,6.6, ,312, ,83.9,Y
47,Brentwood,San Francisco Bay,6/18/2021,1400,169,0.03,Y,0.00, ,1805, ,13.5, ,104.3,Y,18,Y,52.6,Y,7.0, ,318, ,86.1,Y
47,Brentwood,San Francisco Bay,6/18/2021,1500,169,0.03,Y,0.00, ,1631, ,13.5, ,105.0,Y,18,Y,52.6,Y,7.5, ,347, ,87.9,Y
47,Brentwood,San Francisco Bay,6/18/2021,1600,169,0.03,Y,0.00, ,1367, ,12.4, ,104.5,Y,17,Y,50.3,Y,8.4, ,313, ,89.2,Y
47,Brentwood,San Francisco Bay,6/18/2021,1700,169,0.02,Y,0.00, ,1030, ,11.3, ,102.4,Y,16,Y,47.8,Y,8.5, ,316, ,89.7,Y
47,Brentwood,San Francisco Bay,6/18/2021,1800,169,0.02,Y,0.00, ,645, ,9.8, ,100.1,Y,15,Y,43.9,Y,6.8, ,298, ,89.9,Y
47,Brentwood,San Francisco Bay,6/18/2021,1900,169,0.01, ,0.00, ,269, ,10.8, ,94.1, ,20, ,46.6, ,4.4, ,304, ,89.7,R
47,Brentwood,San Francisco Bay,6/18/2021,2000,169,0.00, ,0.00, ,30, ,11.7, ,85.5, ,28, ,48.8, ,4.5, ,327, ,89.1,R
47,Brentwood,San Francisco Bay,6/18/2021,2100,169,0.00, ,0.00, ,0, ,9.3, ,80.8, ,26, ,42.5, ,6.3, ,284, ,88.2,R
47,Brentwood,San Francisco Bay,6/18/2021,2200,169,0.00, ,0.00, ,0, ,10.4, ,75.5, ,34, ,45.5, ,3.3, ,226, ,87.1,Y
47,Brentwood,San Francisco Bay,6/18/2021,2300,169,0.00, ,0.00, ,0, ,10.6, ,72.9, ,38, ,46.0, ,3.5, ,228, ,85.8,Y
47,Brentwood,San Francisco Bay,6/18/2021,2400,169,0.00, ,0.00, ,0, ,11.5, ,68.4, ,49, ,48.3, ,2.8, ,294, ,84.5,Y
47,Brentwood,San Francisco Bay,6/19/2021,0100,170,0.00, ,0.00, ,0, ,12.5, ,65.7, ,58, ,50.5, ,2.8, ,352, ,83.3,Y
47,Brentwood,San Francisco Bay,6/19/2021,0200,170,0.00, ,0.00, ,0, ,13.7, ,65.3, ,64, ,52.9, ,2.8, ,343, ,82.1,Y
47,Brentwood,San Francisco Bay,6/19/2021,0300,170,0.00, ,0.00, ,0, ,15.4, ,63.2, ,78, ,56.2, ,3.7, ,319, ,81.1,Y
47,Brentwood,San Francisco Bay,6/19/2021,0400,170,0.00, ,0.00, ,0, ,18.3, ,61.3, ,99, ,61.0, ,3.7, ,307, ,80.2,Y
47,Brentwood,San Francisco Bay,6/19/2021,0500,170,0.00, ,0.00, ,7, ,17.0, ,59.2, ,99, ,58.9, ,2.1, ,305, ,79.3,Y
47,Brentwood,San Francisco Bay,6/19/2021,0600,170,0.00, ,0.00, ,148, ,18.5, ,61.6, ,99, ,61.3, ,2.7, ,294, ,78.4,Y
47,Brentwood,San Francisco Bay,6/19/2021,0700,170,0.01, ,0.00, ,468, ,18.7, ,67.6, ,81, ,61.5, ,4.3, ,303, ,77.5,Y
47,Brentwood,San Francisco Bay,6/19/2021,0800,170,0.01, ,0.00, ,872, ,15.7, ,73.3, ,56, ,56.8, ,6.4, ,315, ,77.1, 
47,Brentwood,San Francisco Bay,6/19/2021,0900,170,0.02, ,0.00, ,1254, ,15.8, ,78.6, ,47, ,56.8, ,5.5, ,306, ,77.3, 
47,Brentwood,San Francisco Bay,6/19/2021,1000,170,0.02, ,0.00, ,1555, ,14.9, ,83.1, ,39, ,55.3, ,4.6, ,298, ,78.0, 
47,Brentwood,San Francisco Bay,6/19/2021,1100,170,0.03, ,0.00, ,1759, ,14.8, ,88.5, ,32, ,55.0, ,4.3, ,311, ,79.6,Y
47,Brentwood,San Francisco Bay,6/19/2021,1200,170,0.03, ,0.00, ,1894, ,14.9, ,91.1, ,30, ,55.2, ,7.2, ,308, ,81.6,Y
47,Brentwood,San Francisco Bay,6/19/2021,1300,170,0.03, ,0.00, ,1920, ,13.6, ,93.6, ,25, ,52.8, ,7.6, ,304, ,83.6,Y
47,Brentwood,San Francisco Bay,6/19/2021,1400,170,0.03, ,0.00, ,1838, ,13.8, ,96.4, ,24, ,53.2, ,7.7, ,315, ,85.5,Y
47,Brentwood,San Francisco Bay,6/19/2021,1500,170,0.03, ,0.00, ,1652, ,13.3, ,97.4, ,22, ,52.1, ,9.4, ,309, ,87.0,Y
47,Brentwood,San Francisco Bay,6/19/2021,1600,170,0.03, ,0.00, ,1385, ,13.8, ,96.4, ,23, ,53.1, ,10.0, ,308, ,87.9,Y
47,Brentwood,San Francisco Bay,6/19/2021,1700,170,0.02, ,0.00, ,1036, ,13.1, ,95.9, ,23, ,51.7, ,9.1, ,311, ,88.5,Y
47,Brentwood,San Francisco Bay,6/19/2021,1800,170,0.02, ,0.00, ,644, ,11.4, ,93.7, ,21, ,47.9, ,8.6, ,305, ,88.6,Y
47,Brentwood,San Francisco Bay,6/19/2021,1900,170,0.01, ,0.00, ,265, ,10.8, ,88.4, ,24, ,46.6, ,8.0, ,298, ,88.4,Y
47,Brentwood,San Francisco Bay,6/19/2021,2000,170,0.00, ,0.00, ,26, ,10.2, ,82.8, ,27, ,45.1, ,6.9, ,293, ,87.9,Y
47,Brentwood,San Francisco Bay,6/19/2021,2100,170,0.00, ,0.00, ,0, ,10.2, ,78.4, ,31, ,45.1, ,5.2, ,263, ,87.2,Y
47,Brentwood,San Francisco Bay,6/19/2021,2200,170,0.00, ,0.00, ,0, ,10.3, ,74.4, ,36, ,45.4, ,5.2, ,290, ,86.2,Y
47,Brentwood,San Francisco Bay,6/19/2021,2300,170,0.00, ,0.00, ,0, ,10.3, ,71.8, ,39, ,45.3, ,3.3, ,308, ,85.1,Y
47,Brentwood,San Francisco Bay,6/19/2021,2400,170,0.00, ,0.00, ,0, ,12.0, ,67.6, ,52, ,49.4, ,3.5, ,311, ,83.9,Y
47,Brentwood,San Francisco Bay,6/20/2021,0100,171,0.00, ,0.00, ,0, ,12.9, ,64.3, ,63, ,51.3, ,2.3, ,327, ,82.7,Y
47,Brentwood,San Francisco Bay,6/20/2021,0200,171,0.00, ,0.00, ,0, ,14.2, ,61.6, ,76, ,53.9, ,2.4, ,6, ,81.5,Y
47,Brentwood,San Francisco Bay,6/20/2021,0300,171,0.00, ,0.00, ,0, ,15.9, ,60.4, ,89, ,57.0, ,3.3, ,330, ,80.5,Y
47,Brentwood,San Francisco Bay,6/20/2021,0400,171,0.00, ,0.00, ,0, ,16.8, ,58.8, ,99, ,58.5, ,4.2, ,299, ,79.4,Y
47,Brentwood,San Francisco Bay,6/20/2021,0500,171,0.00, ,0.00, ,6, ,16.1, ,57.7, ,99, ,57.4, ,3.3, ,290, ,78.5,Y
47,Brentwood,San Francisco Bay,6/20/2021,0600,171,0.00, ,0.00, ,174, ,16.7, ,59.5, ,96, ,58.3, ,3.5, ,308, ,77.6, 
47,Brentwood,San Francisco Bay,6/20/2021,0700,171,0.01, ,0.00, ,528, ,18.2, ,65.3, ,85, ,60.8, ,4.6, ,312, ,76.7, 
47,Brentwood,San Francisco Bay,6/20/2021,0800,171,0.01, ,0.00, ,927, ,17.1, ,70.4, ,67, ,59.0, ,4.1, ,312, ,76.3, 
47,Brentwood,San Francisco Bay,6/20/2021,0900,171,0.02, ,0.00, ,1296, ,14.8, ,74.7, ,50, ,55.1, ,3.7, ,303, ,76.6, 
47,Brentwood,San Francisco Bay,6/20/2021,1000,171,0.02, ,0.00, ,1598, ,15.0, ,78.4, ,45, ,55.5, ,3.9, ,298, ,77.6, 
47,Brentwood,San Francisco Bay,6/20/2021,1100,171,0.03, ,0.00, ,1809, ,15.5, ,81.9, ,42, ,56.3, ,5.6, ,313, ,79.4,Y
47,Brentwood,San Francisco Bay,6/20/2021,1200,171,0.03, ,0.00, ,1927, ,15.1, ,85.4, ,36, ,55.6, ,6.4, ,306, ,81.4,Y
47,Brentwood,San Francisco Bay,6/20/2021,1300,171,0.03, ,0.00, ,1941, ,14.7, ,87.9, ,33, ,54.8, ,7.6, ,307, ,83.4,Y
47,Brentwood,San Francisco Bay,6/20/2021,1400,171,0.03, ,0.00, ,1846, ,14.7, ,91.2, ,29, ,54.8, ,8.0, ,315, ,85.2,Y
47,Brentwood,San Francisco Bay,6/20/2021,1500,171,0.03, ,0.00, ,1669, ,15.4, ,93.1, ,29, ,56.2, ,9.6, ,315, ,86.7,Y
47,Brentwood,San Francisco Bay,6/20/2021,1600,171,0.03, ,0.00, ,1405, ,14.3, ,95.0, ,25, ,54.0, ,9.3, ,310, ,87.7,Y
47,Brentwood,San Francisco Bay,6/20/2021,1700,171,0.02, ,0.00, ,1058, ,13.5, ,91.7, ,27, ,52.6, ,10.7, ,310, ,88.1,Y
47,Brentwood,San Francisco Bay,6/20/2021,1800,171,0.02, ,0.00, ,658, ,12.9, ,87.2, ,29, ,51.4, ,9.7, ,315, ,88.1,Y
47,Brentwood,San Francisco Bay,6/20/2021,1900,171,0.01, ,0.00, ,267, ,12.4, ,81.4, ,34, ,50.3, ,10.6, ,309, ,87.7,Y
47,Brentwood,San Francisco Bay,6/20/2021,2000,171,0.00, ,0.00, ,32, ,12.1, ,74.7, ,41, ,49.7, ,10.1, ,300, ,87.2,Y
47,Brentwood,San Francisco Bay,6/20/2021,2100,171,0.00, ,0.00, ,0, ,12.5, ,70.9, ,48, ,50.4, ,8.6, ,304, ,86.4,Y
47,Brentwood,San Francisco Bay,6/20/2021,2200,171,0.00, ,0.00, ,0, ,13.2, ,67.7, ,57, ,51.9, ,4.2, ,304, ,85.5,Y
47,Brentwood,San Francisco Bay,6/20/2021,2300,171,0.00, ,0.00, ,0, ,13.3, ,65.5, ,62, ,52.1, ,6.8, ,290, ,84.3,Y
47,Brentwood,San Francisco Bay,6/20/2021,2400,171,0.00, ,0.00, ,0, ,13.1, ,63.1, ,66, ,51.7, ,8.1, ,305, ,83.2,Y
47,Brentwood,San Francisco Bay,6/21/2021,0100,172,0.00, ,0.00, ,0, ,13.3, ,60.8, ,73, ,52.1, ,5.6, ,309, ,82.2,Y
47,Brentwood,San Francisco Bay,6/21/2021,0200,172,0.00, ,0.00, ,0, ,14.0, ,59.2, ,81, ,53.5, ,4.2, ,311, ,81.2,Y
47,Brentwood,San Francisco Bay,6/21/2021,0300,172,0.00, ,0.00, ,0, ,14.8, ,58.8, ,87, ,55.1, ,2.9, ,311, ,80.1,Y
47,Brentwood,San Francisco Bay,6/21/2021,0400,172,0.00, ,0.00, ,0, ,15.6, ,56.9, ,99, ,56.6, ,3.3, ,324, ,79.1,Y
47,Brentwood,San Francisco Bay,6/21/2021,0500,172,0.00, ,0.00, ,7, ,15.5, ,56.6, ,99, ,56.3, ,2.7, ,326, ,78.2, 
47,Brentwood,San Francisco Bay,6/21/2021,0600,172,0.00, ,0.00, ,152, ,16.5, ,58.9, ,97, ,58.1, ,3.1, ,335, ,77.2, 
47,Brentwood,San Francisco Bay,6/21/2021,0700,172,0.01, ,0.00, ,505, ,16.6, ,64.3, ,81, ,58.2, ,4.3, ,321, ,76.4, 
47,Brentwood,San Francisco Bay,6/21/2021,0800,172,0.01, ,0.00, ,911, ,15.8, ,67.6, ,69, ,56.9, ,2.8, ,52, ,76.0, 
47,Brentwood,San Francisco Bay,6/21/2021,0900,172,0.02, ,0.00, ,1282, ,14.4, ,71.8, ,54, ,54.2, ,2.7, ,40, ,76.1, 
47,Brentwood,San Francisco Bay,6/21/2021,1000,172,0.02, ,0.00, ,1577, ,14.3, ,74.7, ,49, ,54.1, ,2.9, ,114, ,77.0, 
47,Brentwood,San Francisco Bay,6/21/2021,1100,172,0.03, ,0.00, ,1790, ,15.2, ,78.6, ,45, ,55.8, ,4.0, ,21, ,78.7, 
47,Brentwood,San Francisco Bay,6/21/2021,1200,172,0.03, ,0.00, ,1910, ,15.2, ,80.8, ,42, ,55.8, ,8.1, ,331, ,80.7, 
47,Brentwood,San Francisco Bay,6/21/2021,1300,172,0.03, ,0.00, ,1931, ,14.9, ,82.1, ,40, ,55.2, ,10.9, ,315, ,82.3,Y
47,Brentwood,San Francisco Bay,6/21/2021,1400,172,0.03, ,0.00, ,1842, ,14.8, ,83.6, ,38, ,55.1, ,12.1, ,318, ,83.2, 
47,Brentwood,San Francisco Bay,6/21/2021,1500,172,0.03, ,0.00, ,1660, ,14.1, ,83.9, ,36, ,53.8, ,12.2, ,311, ,83.9, 
47,Brentwood,San Francisco Bay,6/21/2021,1600,172,0.03, ,0.00, ,1391, ,14.3, ,82.8, ,37, ,54.0, ,11.7, ,308, ,84.5, 
47,Brentwood,San Francisco Bay,6/21/2021,1700,172,0.02, ,0.00, ,1034, ,14.2, ,81.1, ,39, ,53.9, ,10.6, ,302, ,85.0, 
47,Brentwood,San Francisco Bay,6/21/2021,1800,172,0.01, ,0.00, ,638, ,13.9, ,77.8, ,43, ,53.4, ,11.6, ,296, ,85.1, 
47,Brentwood,San Francisco Bay,6/21/2021,1900,172,0.01, ,0.00, ,257, ,13.6, ,72.6, ,50, ,52.8, ,10.9, ,298, ,84.9, 
47,Brentwood,San Francisco Bay,6/21/2021,2000,172,0.00, ,0.00, ,29, ,13.7, ,66.0, ,63, ,53.0, ,9.1, ,300, ,84.5, 
47,Brentwood,San Francisco Bay,6/21/2021,2100,172,0.00, ,0.00, ,0, ,13.8, ,62.8, ,71, ,53.1, ,8.3, ,310, ,83.9,Y
47,Brentwood,San Francisco Bay,6/21/2021,2200,172,0.00, ,0.00, ,0, ,14.6, ,61.5, ,78, ,54.8, ,7.9, ,294, ,83.0, 
47,Brentwood,San Francisco Bay,6/21/2021,2300,172,0.00, ,0.00, ,0, ,14.7, ,60.8, ,81, ,54.9, ,6.3, ,307, ,82.1, 
47,Brentwood,San Francisco Bay,6/21/2021,2400,172,0.00, ,0.00, ,0, ,14.3, ,62.0, ,75, ,54.1, ,7.9, ,280, ,81.0, 
47,Brentwood,San Francisco Bay,6/22/2021,0100,173,0.00, ,0.00, ,0, ,14.4, ,61.6, ,77, ,54.3, ,7.7, ,267, ,80.0, 
47,Brentwood,San Francisco Bay,6/22/2021,0200,173,0.00, ,0.00, ,0, ,15.1, ,61.2, ,82, ,55.6, ,7.0, ,263, ,79.1, 
47,Brentwood,San Francisco Bay,6/22/2021,0300,173,0.00, ,0.00, ,0, ,16.4, ,60.6, ,91, ,57.9, ,5.3, ,256, ,78.2, 
47,Brentwood,San Francisco Bay,6/22/2021,0400,173,0.00, ,0.00, ,0, ,16.9, ,59.1, ,99, ,58.7, ,3.8, ,284, ,77.3, 
47,Brentwood,San Francisco Bay,6/22/2021,0500,173,0.00, ,0.00, ,7, ,15.5, ,56.5, ,99, ,56.3, ,1.9, ,192, ,76.5, 
47,Brentwood,San Francisco Bay,6/22/2021,0600,173,0.00, ,0.00, ,180, ,16.7, ,58.6, ,99, ,58.4, ,1.6, ,87, ,75.7, 
47,Brentwood,San Francisco Bay,6/22/2021,0700,173,0.01, ,0.00, ,515, ,18.3, ,64.7, ,88, ,60.9, ,2.2, ,87, ,74.9, 
47,Brentwood,San Francisco Bay,6/22/2021,0800,173,0.01, ,0.00, ,903, ,15.3, ,68.4, ,65, ,56.0, ,2.7, ,53, ,74.5, 
47,Brentwood,San Francisco Bay,6/22/2021,0900,173,0.02, ,0.00, ,1263, ,14.5, ,70.9, ,56, ,54.6, ,3.3, ,63, ,74.8, 
47,Brentwood,San Francisco Bay,6/22/2021,1000,173,0.02, ,0.00, ,1555, ,15.1, ,73.9, ,53, ,55.6, ,4.9, ,355, ,75.8, 
47,Brentwood,San Francisco Bay,6/22/2021,1100,173,0.03, ,0.00, ,1768, ,16.0, ,75.9, ,52, ,57.2, ,7.4, ,320, ,77.3, 
47,Brentwood,San Francisco Bay,6/22/2021,1200,173,0.03, ,0.00, ,1885, ,16.1, ,76.4, ,52, ,57.4, ,10.3, ,313, ,78.8, 
47,Brentwood,San Francisco Bay,6/22/2021,1300,173,0.03, ,0.00, ,1904, ,15.8, ,76.9, ,50, ,56.8, ,12.0, ,307, ,80.1, 
47,Brentwood,San Francisco Bay,6/22/2021,1400,173,0.03, ,0.00, ,1823, ,15.6, ,77.8, ,48, ,56.5, ,12.1, ,308, ,81.1, 
47,Brentwood,San Francisco Bay,6/22/2021,1500,173,0.03, ,0.00, ,1648, ,15.5, ,78.5, ,46, ,56.3, ,12.5, ,305, ,82.0, 
47,Brentwood,San Francisco Bay,6/22/2021,1600,173,0.02, ,0.00, ,1384, ,15.3, ,79.3, ,45, ,56.0, ,11.0, ,290, ,82.9, 
47,Brentwood,San Francisco Bay,6/22/2021,1700,173,0.02, ,0.00, ,1037, ,14.9, ,79.1, ,44, ,55.2, ,9.7, ,285, ,83.6, 
47,Brentwood,San Francisco Bay,6/22/2021,1800,173,0.01, ,0.00, ,640, ,14.6, ,78.7, ,44, ,54.8, ,9.1, ,303, ,83.9, 
47,Brentwood,San Francisco Bay,6/22/2021,1900,173,0.01, ,0.00, ,265, ,14.3, ,75.2, ,48, ,54.0, ,9.1, ,291, ,83.8, 
47,Brentwood,San Francisco Bay,6/22/2021,2000,173,0.00, ,0.00, ,30, ,13.9, ,70.1, ,55, ,53.4, ,5.8, ,300, ,83.5, 
47,Brentwood,San Francisco Bay,6/22/2021,2100,173,0.00, ,0.00, ,0, ,13.6, ,66.1, ,62, ,52.7, ,6.5, ,300, ,82.9, 
47,Brentwood,San Francisco Bay,6/22/2021,2200,173,0.00, ,0.00, ,0, ,13.8, ,64.3, ,67, ,53.1, ,7.6, ,288, ,82.1, 
47,Brentwood,San Francisco Bay,6/22/2021,2300,173,0.00, ,0.00, ,0, ,13.7, ,63.6, ,68, ,52.9, ,7.7, ,272, ,81.3, 
47,Brentwood,San Francisco Bay,6/22/2021,2400,173,0.00, ,0.00, ,0, ,13.8, ,61.6, ,74, ,53.2, ,7.2, ,286, ,80.4, 
47,Brentwood,San Francisco Bay,6/23/2021,0100,174,0.00, ,0.00, ,0, ,14.5, ,60.3, ,81, ,54.6, ,5.7, ,280, ,79.4, 
47,Brentwood,San Francisco Bay,6/23/2021,0200,174,0.00, ,0.00, ,0, ,15.3, ,60.0, ,87, ,56.0, ,7.0, ,276, ,78.5, 
47,Brentwood,San Francisco Bay,6/23/2021,0300,174,0.00, ,0.00, ,0, ,15.7, ,59.9, ,89, ,56.8, ,5.5, ,273, ,77.7, 
47,Brentwood,San Francisco Bay,6/23/2021,0400,174,0.00, ,0.00, ,0, ,16.0, ,58.6, ,95, ,57.2, ,3.7, ,289, ,76.9, 
47,Brentwood,San Francisco Bay,6/23/2021,0500,174,0.00, ,0.00, ,9, ,16.1, ,57.7, ,99, ,57.4, ,2.6, ,263, ,76.1, 
47,Brentwood,San Francisco Bay,6/23/2021,0600,174,0.00, ,0.00, ,174, ,17.0, ,59.3, ,99, ,59.0, ,1.5, ,219, ,75.3, 
47,Brentwood,San Francisco Bay,6/23/2021,0700,174,0.01, ,0.00, ,510, ,17.6, ,64.5, ,85, ,59.8, ,3.5, ,265, ,74.6, 
47,Brentwood,San Francisco Bay,6/23/2021,0800,174,0.01, ,0.00, ,896, ,16.6, ,69.0, ,68, ,58.2, ,2.9, ,299, ,74.2, 
47,Brentwood,San Francisco Bay,6/23/2021,0900,174,0.02, ,0.00, ,1253, ,14.7, ,72.1, ,55, ,54.8, ,2.6, ,79, ,74.6, 
47,Brentwood,San Francisco Bay,6/23/2021,1000,174,0.02, ,0.00, ,1548, ,15.1, ,74.9, ,51, ,55.6, ,2.9, ,12, ,75.8, 
47,Brentwood,San Francisco Bay,6/23/2021,1100,174,0.03, ,0.00, ,1759, ,15.6, ,77.3, ,49, ,56.6, ,5.8, ,313, ,77.6, 
47,Brentwood,San Francisco Bay,6/23/2021,1200,174,0.03, ,0.00, ,1875, ,15.8, ,79.4, ,46, ,56.8, ,6.5, ,319, ,79.6, 
47,Brentwood,San Francisco Bay,6/23/2021,1300,174,0.03, ,0.00, ,1889, ,16.0, ,82.0, ,43, ,57.1, ,7.6, ,330, ,81.5, 
47,Brentwood,San Francisco Bay,6/23/2021,1400,174,0.03, ,0.00, ,1813, ,15.8, ,83.4, ,41, ,56.9, ,10.3, ,325, ,83.0, 
47,Brentwood,San Francisco Bay,6/23/2021,1500,174,0.03, ,0.00, ,1641, ,14.9, ,83.6, ,38, ,55.3, ,10.9, ,298, ,84.1, 
47,Brentwood,San Francisco Bay,6/23/2021,1600,174,0.03, ,0.00, ,1374, ,14.5, ,82.1, ,39, ,54.6, ,12.3, ,296, ,84.9, 
47,Brentwood,San Francisco Bay,6/23/2021,1700,174,0.02, ,0.00, ,1022, ,14.4, ,80.0, ,41, ,54.3, ,12.1, ,295, ,85.2, 
47,Brentwood,San Francisco Bay,6/23/2021,1800,174,0.01, ,0.00, ,633, ,14.2, ,77.7, ,44, ,53.8, ,11.2, ,274, ,85.3, 
47,Brentwood,San Francisco Bay,6/23/2021,1900,174,0.01, ,0.00, ,264, ,14.0, ,74.9, ,47, ,53.5, ,9.5, ,282, ,85.2, 
47,Brentwood,San Francisco Bay,6/23/2021,2000,174,0.00, ,0.00, ,32, ,13.7, ,70.7, ,53, ,52.9, ,7.6, ,276, ,84.8,Y
47,Brentwood,San Francisco Bay,6/23/2021,2100,174,0.00, ,0.00, ,0, ,13.3, ,68.2, ,57, ,52.2, ,6.0, ,260, ,84.1,Y
47,Brentwood,San Francisco Bay,6/23/2021,2200,174,0.00, ,0.00, ,0, ,13.3, ,66.3, ,60, ,52.2, ,9.0, ,268, ,83.1, 
47,Brentwood,San Francisco Bay,6/23/2021,2300,174,0.00, ,0.00, ,0, ,13.7, ,64.1, ,67, ,52.9, ,5.4, ,276, ,82.1, 
47,Brentwood,San Francisco Bay,6/23/2021,2400,174,0.00, ,0.00, ,0, ,13.7, ,63.5, ,69, ,53.0, ,5.3, ,286, ,81.2, 
47,Brentwood,San Francisco Bay,6/24/2021,0100,175,0.00, ,0.00, ,0, ,15.3, ,60.3, ,86, ,56.0, ,2.1, ,358, ,80.2, 
47,Brentwood,San Francisco Bay,6/24/2021,0200,175,0.00, ,0.00, ,0, ,16.7, ,59.5, ,96, ,58.3, ,3.9, ,309, ,79.2, 
47,Brentwood,San Francisco Bay,6/24/2021,0300,175,0.00, ,0.00, ,0, ,16.6, ,59.8, ,94, ,58.2, ,5.0, ,275, ,78.3, 
47,Brentwood,San Francisco Bay,6/24/2021,0400,175,0.00, ,0.00, ,0, ,16.6, ,59.5, ,96, ,58.3, ,5.2, ,267, ,77.5, 
47,Brentwood,San Francisco Bay,6/24/2021,0500,175,0.00, ,0.00, ,8, ,16.7, ,59.3, ,97, ,58.4, ,5.8, ,259, ,76.7, 
47,Brentwood,San Francisco Bay,6/24/2021,0600,175,0.00, ,0.00, ,167, ,17.1, ,60.5, ,95, ,59.1, ,5.1, ,248, ,76.0, 
47,Brentwood,San Francisco Bay,6/24/2021,0700,175,0.01, ,0.00, ,502, ,17.3, ,64.0, ,85, ,59.5, ,5.5, ,262, ,75.4, 
47,Brentwood,San Francisco Bay,6/24/2021,0800,175,0.01, ,0.00, ,894, ,17.2, ,67.1, ,76, ,59.3, ,6.7, ,248, ,75.1, 
47,Brentwood,San Francisco Bay,6/24/2021,0900,175,0.02, ,0.00, ,1257, ,17.3, ,70.6, ,68, ,59.4, ,3.5, ,151, ,75.3, 
47,Brentwood,San Francisco Bay,6/24/2021,1000,175,0.02, ,0.00, ,1551, ,17.0, ,74.0, ,59, ,58.9, ,3.5, ,317, ,76.2, 
47,Brentwood,San Francisco Bay,6/24/2021,1100,175,0.02, ,0.00, ,1764, ,16.5, ,75.3, ,55, ,58.1, ,3.9, ,121, ,77.9, 
47,Brentwood,San Francisco Bay,6/24/2021,1200,175,0.03, ,0.00, ,1883, ,13.7, ,78.3, ,41, ,52.9, ,3.7, ,254, ,80.0, 
47,Brentwood,San Francisco Bay,6/24/2021,1300,175,0.03, ,0.00, ,1906, ,13.6, ,81.1, ,38, ,52.8, ,4.6, ,23, ,82.3, 
47,Brentwood,San Francisco Bay,6/24/2021,1400,175,0.03, ,0.00, ,1828, ,14.4, ,82.2, ,38, ,54.3, ,11.3, ,321, ,84.0,Y
47,Brentwood,San Francisco Bay,6/24/2021,1500,175,0.03, ,0.00, ,1648, ,13.8, ,82.7, ,36, ,53.1, ,11.4, ,306, ,84.7, 
47,Brentwood,San Francisco Bay,6/24/2021,1600,175,0.02, ,0.00, ,1382, ,12.7, ,83.9, ,32, ,50.9, ,7.5, ,236, ,85.8,Y
47,Brentwood,San Francisco Bay,6/24/2021,1700,175,0.02, ,0.00, ,1037, ,13.0, ,84.0, ,33, ,51.5, ,5.6, ,208, ,86.7,Y
47,Brentwood,San Francisco Bay,6/24/2021,1800,175,0.01, ,0.00, ,646, ,13.4, ,81.3, ,37, ,52.3, ,7.9, ,294, ,86.7,Y
47,Brentwood,San Francisco Bay,6/24/2021,1900,175,0.01, ,0.00, ,268, ,12.5, ,76.3, ,40, ,50.4, ,9.4, ,286, ,86.3,Y
47,Brentwood,San Francisco Bay,6/24/2021,2000,175,0.00, ,0.00, ,31, ,12.5, ,71.1, ,48, ,50.4, ,8.7, ,268, ,85.8,Y
47,Brentwood,San Francisco Bay,6/24/2021,2100,175,0.00, ,0.00, ,0, ,12.5, ,68.2, ,53, ,50.4, ,8.8, ,253, ,85.0,Y
47,Brentwood,San Francisco Bay,6/24/2021,2200,175,0.00, ,0.00, ,0, ,12.7, ,66.4, ,58, ,50.9, ,6.0, ,252, ,84.0,Y
47,Brentwood,San Francisco Bay,6/24/2021,2300,175,0.00, ,0.00, ,0, ,12.7, ,65.1, ,60, ,50.8, ,4.6, ,268, ,82.9,Y
47,Brentwood,San Francisco Bay,6/24/2021,2400,175,0.00, ,0.00, ,0, ,12.4, ,62.0, ,65, ,50.2, ,2.6, ,325, ,81.6, 
47,Brentwood,San Francisco Bay,6/25/2021,0100,176,0.00, ,0.00, ,0, ,12.9, ,59.6, ,74, ,51.3, ,2.3, ,129, ,80.4, 
47,Brentwood,San Francisco Bay,6/25/2021,0200,176,0.00, ,0.00, ,0, ,14.9, ,56.9, ,94, ,55.2, ,3.1, ,45, ,79.3, 
47,Brentwood,San Francisco Bay,6/25/2021,0300,176,0.00, ,0.00, ,0, ,15.0, ,55.7, ,99, ,55.5, ,2.3, ,82, ,78.2, 
47,Brentwood,San Francisco Bay,6/25/2021,0400,176,0.00, ,0.00, ,0, ,14.9, ,55.4, ,99, ,55.2, ,2.2, ,44, ,77.2, 
47,Brentwood,San Francisco Bay,6/25/2021,0500,176,0.00, ,0.00, ,9, ,14.0, ,53.7, ,99, ,53.5, ,2.1, ,323, ,76.3, 
47,Brentwood,San Francisco Bay,6/25/2021,0600,176,0.00, ,0.00, ,167, ,16.2, ,58.2, ,98, ,57.6, ,2.1, ,170, ,75.4, 
47,Brentwood,San Francisco Bay,6/25/2021,0700,176,0.01, ,0.00, ,502, ,17.1, ,63.8, ,84, ,59.0, ,2.7, ,173, ,74.6, 
47,Brentwood,San Francisco Bay,6/25/2021,0800,176,0.01, ,0.00, ,892, ,16.9, ,68.3, ,71, ,58.7, ,3.2, ,170, ,74.2, 
47,Brentwood,San Francisco Bay,6/25/2021,0900,176,0.02, ,0.00, ,1250, ,17.3, ,71.9, ,65, ,59.4, ,3.8, ,38, ,74.5, 
47,Brentwood,San Francisco Bay,6/25/2021,1000,176,0.02, ,0.00, ,1546, ,15.1, ,75.3, ,50, ,55.6, ,4.5, ,43, ,75.6, 
47,Brentwood,San Francisco Bay,6/25/2021,1100,176,0.03, ,0.00, ,1759, ,15.8, ,77.0, ,50, ,56.8, ,4.7, ,75, ,77.4, 
47,Brentwood,San Francisco Bay,6/25/2021,1200,176,0.03, ,0.00, ,1875, ,16.1, ,81.0, ,44, ,57.4, ,3.9, ,58, ,79.6, 
47,Brentwood,San Francisco Bay,6/25/2021,1300,176,0.03, ,0.00, ,1889, ,15.7, ,85.4, ,38, ,56.6, ,3.0, ,281, ,81.9, 
47,Brentwood,San Francisco Bay,6/25/2021,1400,176,0.03, ,0.00, ,1813, ,16.7, ,88.3, ,37, ,58.5, ,5.9, ,314, ,84.2,Y
47,Brentwood,San Francisco Bay,6/25/2021,1500,176,0.03, ,0.00, ,1644, ,16.2, ,91.2, ,32, ,57.6, ,4.3, ,330, ,86.1,Y
47,Brentwood,San Francisco Bay,6/25/2021,1600,176,0.03, ,0.00, ,1380, ,15.3, ,93.0, ,29, ,56.0, ,7.6, ,298, ,87.7,Y
47,Brentwood,San Francisco Bay,6/25/2021,1700,176,0.02, ,0.00, ,1039, ,13.2, ,91.9, ,26, ,52.0, ,8.9, ,252, ,88.5,Y
47,Brentwood,San Francisco Bay,6/25/2021,1800,176,0.01, ,0.00, ,642, ,13.4, ,89.7, ,28, ,52.3, ,7.2, ,224, ,88.7,Y
47,Brentwood,San Francisco Bay,6/25/2021,1900,176,0.01, ,0.00, ,266, ,13.4, ,85.8, ,32, ,52.4, ,7.6, ,246, ,88.4,Y
47,Brentwood,San Francisco Bay,6/25/2021,2000,176,0.00, ,0.00, ,31, ,13.7, ,79.0, ,41, ,53.0, ,4.7, ,232, ,87.7,Y
47,Brentwood,San Francisco Bay,6/25/2021,2100,176,0.00, ,0.00, ,0, ,15.3, ,71.7, ,58, ,56.0, ,2.4, ,67, ,86.8,Y
47,Brentwood,San Francisco Bay,6/25/2021,2200,176,0.00, ,0.00, ,0, ,15.2, ,67.8, ,65, ,55.8, ,2.3, ,51, ,85.6,Y
47,Brentwood,San Francisco Bay,6/25/2021,2300,176,0.00, ,0.00, ,0, ,17.5, ,64.0, ,86, ,59.6, ,2.7, ,98, ,84.4,Y
47,Brentwood,San Francisco Bay,6/25/2021,2400,176,0.00, ,0.00, ,0, ,18.9, ,63.0, ,96, ,61.9, ,3.2, ,79, ,83.2,Y
47,Brentwood,San Francisco Bay,6/26/2021,0100,177,0.00, ,0.00, ,0, ,18.4, ,61.4, ,99, ,61.1, ,3.0, ,55, ,82.1,Y
47,Brentwood,San Francisco Bay,6/26/2021,0200,177,0.00, ,0.00, ,0, ,18.0, ,60.7, ,99, ,60.5, ,1.7, ,71, ,81.1,Y
47,Brentwood,San Francisco Bay,6/26/2021,0300,177,0.00, ,0.00, ,0, ,17.8, ,60.5, ,99, ,60.2, ,2.1, ,107, ,80.1,Y
47,Brentwood,San Francisco Bay,6/26/2021,0400,177,0.00, ,0.00, ,0, ,16.8, ,58.8, ,99, ,58.6, ,2.6, ,39, ,79.2, 
47,Brentwood,San Francisco Bay,6/26/2021,0500,177,0.00, ,0.00, ,8, ,16.5, ,58.3, ,99, ,58.1, ,2.2, ,70, ,78.3, 
47,Brentwood,San Francisco Bay,6/26/2021,0600,177,0.00, ,0.00, ,166, ,18.1, ,60.9, ,99, ,60.7, ,2.5, ,109, ,77.5, 
47,Brentwood,San Francisco Bay,6/26/2021,0700,177,0.01, ,0.00, ,490, ,20.4, ,65.6, ,95, ,64.1, ,2.7, ,50, ,76.7, 
47,Brentwood,San Francisco Bay,6/26/2021,0800,177,0.01, ,0.00, ,872, ,19.7, ,71.0, ,76, ,63.1, ,2.5, ,5, ,76.4, 
47,Brentwood,San Francisco Bay,6/26/2021,0900,177,0.02, ,0.00, ,1231, ,19.3, ,74.4, ,66, ,62.4, ,3.1, ,304, ,76.7, 
47,Brentwood,San Francisco Bay,6/26/2021,1000,177,0.02, ,0.00, ,1527, ,19.4, ,78.5, ,58, ,62.6, ,3.9, ,303, ,77.7, 
47,Brentwood,San Francisco Bay,6/26/2021,1100,177,0.03, ,0.00, ,1745, ,16.8, ,83.0, ,43, ,58.5, ,4.5, ,316, ,79.4, 
47,Brentwood,San Francisco Bay,6/26/2021,1200,177,0.03, ,0.00, ,1869, ,17.4, ,86.7, ,40, ,59.6, ,5.8, ,319, ,81.4,Y
47,Brentwood,San Francisco Bay,6/26/2021,1300,177,0.03, ,0.00, ,1892, ,17.0, ,90.1, ,35, ,58.9, ,5.8, ,318, ,83.5,Y
47,Brentwood,San Francisco Bay,6/26/2021,1400,177,0.03, ,0.00, ,1817, ,17.8, ,93.9, ,33, ,60.2, ,6.3, ,317, ,85.6,Y
47,Brentwood,San Francisco Bay,6/26/2021,1500,177,0.03, ,0.00, ,1648, ,18.8, ,94.2, ,34, ,61.7, ,9.1, ,317, ,87.1,Y
47,Brentwood,San Francisco Bay,6/26/2021,1600,177,0.03, ,0.00, ,1383, ,18.2, ,96.9, ,30, ,60.7, ,6.6, ,323, ,88.3,Y
47,Brentwood,San Francisco Bay,6/26/2021,1700,177,0.02, ,0.00, ,1035, ,17.7, ,98.2, ,29, ,60.0, ,5.7, ,224, ,89.2,Y
47,Brentwood,San Francisco Bay,6/26/2021,1800,177,0.02, ,0.00, ,647, ,15.6, ,95.4, ,27, ,56.5, ,7.8, ,267, ,89.5,Y
47,Brentwood,San Francisco Bay,6/26/2021,1900,177,0.01, ,0.00, ,272, ,17.1, ,91.8, ,34, ,59.1, ,3.9, ,203, ,89.4,Y
47,Brentwood,San Francisco Bay,6/26/2021,2000,177,0.00, ,0.00, ,33, ,19.8, ,79.6, ,57, ,63.2, ,3.0, ,69, ,88.8,Y
47,Brentwood,San Francisco Bay,6/26/2021,2100,177,0.00, ,0.00, ,0, ,17.6, ,73.0, ,63, ,59.8, ,3.0, ,80, ,88.0,Y
47,Brentwood,San Francisco Bay,6/26/2021,2200,177,0.00, ,0.00, ,0, ,17.8, ,69.0, ,73, ,60.1, ,2.2, ,68, ,87.0,Y
47,Brentwood,San Francisco Bay,6/26/2021,2300,177,0.00, ,0.00, ,0, ,17.1, ,67.3, ,75, ,59.0, ,2.1, ,77, ,85.8,Y
47,Brentwood,San Francisco Bay,6/26/2021,2400,177,0.00, ,0.00, ,0, ,17.6, ,65.0, ,84, ,59.9, ,2.3, ,83, ,84.6,Y
47,Brentwood,San Francisco Bay,6/27/2021,0100,178,0.00, ,0.00, ,0, ,19.3, ,63.4, ,97, ,62.4, ,2.4, ,79, ,83.4,Y
47,Brentwood,San Francisco Bay,6/27/2021,0200,178,0.00, ,0.00, ,0, ,19.1, ,62.5, ,99, ,62.2, ,4.2, ,64, ,82.3,Y
47,Brentwood,San Francisco Bay,6/27/2021,0300,178,0.00, ,0.00, ,0, ,18.1, ,61.0, ,99, ,60.7, ,3.2, ,56, ,81.2,Y
47,Brentwood,San Francisco Bay,6/27/2021,0400,178,0.00, ,0.00, ,0, ,17.9, ,60.5, ,99, ,60.3, ,3.2, ,47, ,80.2,Y
47,Brentwood,San Francisco Bay,6/27/2021,0500,178,0.00, ,0.00, ,8, ,17.3, ,59.6, ,99, ,59.4, ,1.6, ,68, ,79.4,Y
47,Brentwood,San Francisco Bay,6/27/2021,0600,178,0.00, ,0.00, ,161, ,18.6, ,61.7, ,99, ,61.5, ,2.6, ,186, ,78.5,Y
47,Brentwood,San Francisco Bay,6/27/2021,0700,178,0.01, ,0.00, ,482, ,20.0, ,67.4, ,87, ,63.5, ,3.2, ,270, ,77.8, 
47,Brentwood,San Francisco Bay,6/27/2021,0800,178,0.01, ,0.00, ,866, ,19.4, ,72.3, ,72, ,62.7, ,2.7, ,333, ,77.4, 
47,Brentwood,San Francisco Bay,6/27/2021,0900,178,0.02, ,0.00, ,1224, ,20.2, ,73.7, ,71, ,63.7, ,4.3, ,55, ,77.7, 
47,Brentwood,San Francisco Bay,6/27/2021,1000,178,0.02, ,0.00, ,1521, ,18.1, ,77.0, ,57, ,60.7, ,4.4, ,44, ,78.7,Y
47,Brentwood,San Francisco Bay,6/27/2021,1100,178,0.03, ,0.00, ,1735, ,16.8, ,81.9, ,45, ,58.6, ,4.0, ,21, ,80.3,Y
47,Brentwood,San Francisco Bay,6/27/2021,1200,178,0.03, ,0.00, ,1854, ,17.4, ,84.4, ,43, ,59.6, ,4.8, ,24, ,82.3,Y
47,Brentwood,San Francisco Bay,6/27/2021,1300,178,0.03, ,0.00, ,1877, ,17.7, ,87.6, ,40, ,60.0, ,4.3, ,34, ,84.6,Y
47,Brentwood,San Francisco Bay,6/27/2021,1400,178,0.03, ,0.00, ,1805, ,18.2, ,90.4, ,37, ,60.9, ,6.0, ,323, ,86.7,Y
47,Brentwood,San Francisco Bay,6/27/2021,1500,178,0.03, ,0.00, ,1633, ,17.5, ,93.1, ,33, ,59.7, ,5.4, ,319, ,88.4,Y
47,Brentwood,San Francisco Bay,6/27/2021,1600,178,0.02, ,0.00, ,1373, ,16.6, ,94.4, ,30, ,58.2, ,4.0, ,347, ,89.9,Y
47,Brentwood,San Francisco Bay,6/27/2021,1700,178,0.02, ,0.00, ,1042, ,14.6, ,94.7, ,26, ,54.7, ,6.1, ,277, ,90.7,Y
47,Brentwood,San Francisco Bay,6/27/2021,1800,178,0.01, ,0.00, ,655, ,14.5, ,92.8, ,28, ,54.5, ,4.9, ,247, ,90.8,Y
47,Brentwood,San Francisco Bay,6/27/2021,1900,178,0.01, ,0.00, ,275, ,14.7, ,84.5, ,36, ,54.8, ,6.1, ,180, ,90.5,R
47,Brentwood,San Francisco Bay,6/27/2021,2000,178,0.00, ,0.00, ,34, ,14.3, ,77.2, ,45, ,54.1, ,5.7, ,195, ,89.8,R
47,Brentwood,San Francisco Bay,6/27/2021,2100,178,0.00, ,0.00, ,0, ,13.7, ,73.5, ,49, ,53.0, ,4.1, ,196, ,88.7,R
47,Brentwood,San Francisco Bay,6/27/2021,2200,178,0.00, ,0.00, ,0, ,14.7, ,68.9, ,61, ,54.9, ,2.4, ,62, ,87.3,Y
47,Brentwood,San Francisco Bay,6/27/2021,2300,178,0.00, ,0.00, ,0, ,14.1, ,68.5, ,59, ,53.7, ,3.5, ,125, ,85.8,Y
47,Brentwood,San Francisco Bay,6/27/2021,2400,178,0.00, ,0.00, ,0, ,14.6, ,65.8, ,67, ,54.7, ,2.3, ,85, ,84.3,Y
47,Brentwood,San Francisco Bay,6/28/2021,0100,179,0.00, ,0.00, ,0, ,14.2, ,64.2, ,69, ,53.9, ,1.7, ,322, ,83.0,Y
47,Brentwood,San Francisco Bay,6/28/2021,0200,179,0.00, ,0.00, ,0, ,15.5, ,62.9, ,79, ,56.3, ,2.5, ,163, ,81.8,Y
47,Brentwood,San Francisco Bay,6/28/2021,0300,179,0.00, ,0.00, ,0, ,14.6, ,63.8, ,72, ,54.7, ,4.6, ,167, ,80.7,Y
47,Brentwood,San Francisco Bay,6/28/2021,0400,179,0.00, ,0.00, ,0, ,14.3, ,62.9, ,73, ,54.2, ,4.5, ,178, ,79.7,Y
47,Brentwood,San Francisco Bay,6/28/2021,0500,179,0.00, ,0.00, ,7, ,14.6, ,61.4, ,79, ,54.7, ,4.5, ,186, ,78.8,Y
47,Brentwood,San Francisco Bay,6/28/2021,0600,179,0.00, ,0.00, ,162, ,14.5, ,63.2, ,73, ,54.4, ,6.0, ,190, ,78.0, 
47,Brentwood,San Francisco Bay,6/28/2021,0700,179,0.01, ,0.00, ,493, ,15.0, ,68.2, ,64, ,55.5, ,3.9, ,104, ,77.3, 
47,Brentwood,San Francisco Bay,6/28/2021,0800,179,0.01, ,0.00, ,879, ,15.3, ,70.8, ,59, ,55.9, ,3.7, ,60, ,76.9, 
47,Brentwood,San Francisco Bay,6/28/2021,0900,179,0.02, ,0.00, ,1240, ,15.4, ,75.9, ,50, ,56.1, ,2.5, ,38, ,77.0, 
47,Brentwood,San Francisco Bay,6/28/2021,1000,179,0.02, ,0.00, ,1540, ,16.1, ,81.4, ,44, ,57.4, ,2.6, ,11, ,77.8, 
47,Brentwood,San Francisco Bay,6/28/2021,1100,179,0.03, ,0.00, ,1757, ,15.5, ,85.2, ,37, ,56.3, ,3.9, ,263, ,79.5, 
47,Brentwood,San Francisco Bay,6/28/2021,1200,179,0.03, ,0.00, ,1885, ,14.6, ,90.1, ,30, ,54.6, ,8.9, ,291, ,81.4,Y
47,Brentwood,San Francisco Bay,6/28/2021,1300,179,0.04, ,0.00, ,1918, ,11.5, ,93.2, ,22, ,48.2, ,10.0, ,274, ,83.3,Y
47,Brentwood,San Francisco Bay,6/28/2021,1400,179,0.04, ,0.00, ,1834, ,12.4, ,93.7, ,23, ,50.3, ,11.0, ,296, ,84.7,Y
47,Brentwood,San Francisco Bay,6/28/2021,1500,179,0.03, ,0.00, ,1654, ,12.5, ,93.4, ,23, ,50.4, ,11.9, ,287, ,85.7,Y
47,Brentwood,San Francisco Bay,6/28/2021,1600,179,0.03, ,0.00, ,1392, ,12.2, ,91.6, ,24, ,49.8, ,13.8, ,279, ,86.4,Y
47,Brentwood,San Francisco Bay,6/28/2021,1700,179,0.02, ,0.00, ,1051, ,12.3, ,89.4, ,26, ,50.0, ,13.7, ,275, ,86.7,Y
47,Brentwood,San Francisco Bay,6/28/2021,1800,179,0.02, ,0.00, ,663, ,13.5, ,86.4, ,31, ,52.6, ,11.6, ,267, ,86.6,Y
47,Brentwood,San Francisco Bay,6/28/2021,1900,179,0.01, ,0.00, ,294, ,13.3, ,83.6, ,34, ,52.2, ,10.5, ,253, ,86.3,Y
47,Brentwood,San Francisco Bay,6/28/2021,2000,179,0.00, ,0.00, ,42, ,14.3, ,75.8, ,47, ,54.1, ,6.8, ,201, ,85.8,Y
47,Brentwood,San Francisco Bay,6/28/2021,2100,179,0.00, ,0.00, ,0, ,14.0, ,71.0, ,54, ,53.5, ,8.2, ,197, ,85.0,Y
47,Brentwood,San Francisco Bay,6/28/2021,2200,179,0.00, ,0.00, ,0, ,13.8, ,70.0, ,55, ,53.2, ,7.4, ,198, ,83.9,Y
47,Brentwood,San Francisco Bay,6/28/2021,2300,179,0.00, ,0.00, ,0, ,13.7, ,70.8, ,53, ,53.0, ,4.1, ,190, ,82.8, 
47,Brentwood,San Francisco Bay,6/28/2021,2400,179,0.00, ,0.00, ,0, ,13.9, ,67.2, ,61, ,53.3, ,2.6, ,92, ,81.6, 
47,Brentwood,San Francisco Bay,6/29/2021,0100,180,0.00, ,0.00, ,0, ,14.6, ,63.8, ,72, ,54.7, ,2.6, ,119, ,80.5, 
47,Brentwood,San Francisco Bay,6/29/2021,0200,180,0.00, ,0.00, ,0, ,14.3, ,64.9, ,68, ,54.1, ,3.6, ,165, ,79.5, 
47,Brentwood,San Francisco Bay,6/29/2021,0300,180,0.00, ,0.00, ,0, ,14.7, ,64.1, ,72, ,54.9, ,3.7, ,124, ,78.6, 
47,Brentwood,San Francisco Bay,6/29/2021,0400,180,0.00, ,0.00, ,0, ,17.8, ,60.9, ,98, ,60.2, ,2.3, ,87, ,77.7, 
47,Brentwood,San Francisco Bay,6/29/2021,0500,180,0.00, ,0.00, ,7, ,17.7, ,61.8, ,94, ,60.0, ,2.1, ,115, ,77.0, 
47,Brentwood,San Francisco Bay,6/29/2021,0600,180,0.00, ,0.00, ,157, ,18.1, ,64.5, ,88, ,60.7, ,3.2, ,154, ,76.2, 
47,Brentwood,San Francisco Bay,6/29/2021,0700,180,0.01, ,0.00, ,485, ,15.8, ,70.7, ,62, ,56.9, ,4.5, ,158, ,75.6, 
47,Brentwood,San Francisco Bay,6/29/2021,0800,180,0.01, ,0.00, ,874, ,15.0, ,75.3, ,50, ,55.5, ,3.2, ,160, ,75.3, 
47,Brentwood,San Francisco Bay,6/29/2021,0900,180,0.02, ,0.00, ,1237, ,15.3, ,78.5, ,46, ,55.9, ,3.3, ,49, ,75.7, 
47,Brentwood,San Francisco Bay,6/29/2021,1000,180,0.02, ,0.00, ,1529, ,16.3, ,81.4, ,44, ,57.7, ,3.4, ,90, ,76.9, 
47,Brentwood,San Francisco Bay,6/29/2021,1100,180,0.03, ,0.00, ,1741, ,17.1, ,83.9, ,43, ,59.1, ,4.7, ,85, ,78.9, 
47,Brentwood,San Francisco Bay,6/29/2021,1200,180,0.03, ,0.00, ,1863, ,17.1, ,86.7, ,39, ,59.0, ,3.9, ,90, ,81.3,Y
47,Brentwood,San Francisco Bay,6/29/2021,1300,180,0.03, ,0.00, ,1883, ,17.3, ,89.8, ,36, ,59.3, ,3.6, ,66, ,83.7,Y
47,Brentwood,San Francisco Bay,6/29/2021,1400,180,0.03, ,0.00, ,1811, ,16.6, ,92.4, ,32, ,58.3, ,3.1, ,91, ,86.1,Y
47,Brentwood,San Francisco Bay,6/29/2021,1500,180,0.03, ,0.00, ,1639, ,16.4, ,94.8, ,29, ,57.9, ,4.3, ,49, ,88.3,Y
47,Brentwood,San Francisco Bay,6/29/2021,1600,180,0.03, ,0.00, ,1376, ,16.9, ,95.5, ,30, ,58.7, ,7.0, ,324, ,89.6,Y
47,Brentwood,San Francisco Bay,6/29/2021,1700,180,0.02, ,0.00, ,1032, ,16.1, ,94.5, ,29, ,57.4, ,5.9, ,179, ,90.2,Y
47,Brentwood,San Francisco Bay,6/29/2021,1800,180,0.01, ,0.00, ,645, ,16.3, ,90.6, ,33, ,57.8, ,6.0, ,185, ,90.3,Y
47,Brentwood,San Francisco Bay,6/29/2021,1900,180,0.01, ,0.00, ,272, ,15.2, ,86.5, ,35, ,55.9, ,5.8, ,189, ,89.8,Y
47,Brentwood,San Francisco Bay,6/29/2021,2000,180,0.00, ,0.00, ,33, ,15.4, ,80.9, ,43, ,56.2, ,2.9, ,184, ,89.0,Y
47,Brentwood,San Francisco Bay,6/29/2021,2100,180,0.00, ,0.00, ,0, ,15.7, ,76.9, ,50, ,56.7, ,2.4, ,166, ,87.9,Y
47,Brentwood,San Francisco Bay,6/29/2021,2200,180,0.00, ,0.00, ,0, ,16.7, ,71.5, ,63, ,58.4, ,2.5, ,37, ,86.8,Y
47,Brentwood,San Francisco Bay,6/29/2021,2300,180,0.00, ,0.00, ,0, ,17.1, ,69.0, ,70, ,59.0, ,2.3, ,154, ,85.5,Y
47,Brentwood,San Francisco Bay,6/29/2021,2400,180,0.00, ,0.00, ,0, ,20.7, ,66.2, ,94, ,64.4, ,2.1, ,39, ,84.3,Y
47,Brentwood,San Francisco Bay,6/30/2021,0100,181,0.00, ,0.00, ,0, ,20.9, ,65.1, ,99, ,64.8, ,2.4, ,86, ,83.2,Y
47,Brentwood,San Francisco Bay,6/30/2021,0200,181,0.00, ,0.00, ,0, ,19.8, ,63.4, ,99, ,63.2, ,2.2, ,55, ,82.1,Y
47,Brentwood,San Francisco Bay,6/30/2021,0300,181,0.00, ,0.00, ,0, ,19.7, ,64.8, ,94, ,63.1, ,2.6, ,319, ,81.1,Y
47,Brentwood,San Francisco Bay,6/30/2021,0400,181,0.00, ,0.00, ,0, ,19.9, ,65.0, ,94, ,63.4, ,2.5, ,84, ,80.2,Y
47,Brentwood,San Francisco Bay,6/30/2021,0500,181,0.00, ,0.00, ,5, ,18.5, ,64.6, ,89, ,61.2, ,3.8, ,218, ,79.4,Y
47,Brentwood,San Francisco Bay,6/30/2021,0600,181,0.00, ,0.00, ,140, ,20.5, ,64.6, ,98, ,64.2, ,1.9, ,336, ,78.6,Y
47,Brentwood,San Francisco Bay,6/30/2021,0700,181,0.01, ,0.00, ,470, ,20.4, ,72.0, ,76, ,64.1, ,2.5, ,1, ,77.9, 
47,Brentwood,San Francisco Bay,6/30/2021,0800,181,0.01, ,0.00, ,854, ,17.3, ,75.7, ,57, ,59.5, ,2.7, ,19, ,77.6, 
47,Brentwood,San Francisco Bay,6/30/2021,0900,181,0.02, ,0.00, ,1219, ,15.7, ,78.1, ,48, ,56.8, ,3.6, ,39, ,78.0,Y
47,Brentwood,San Francisco Bay,6/30/2021,1000,181,0.02, ,0.00, ,1516, ,16.2, ,80.9, ,45, ,57.6, ,4.0, ,25, ,79.1,Y
47,Brentwood,San Francisco Bay,6/30/2021,1100,181,0.03, ,0.00, ,1730, ,16.7, ,82.1, ,45, ,58.4, ,4.4, ,52, ,80.9,Y
47,Brentwood,San Francisco Bay,6/30/2021,1200,181,0.03, ,0.00, ,1846, ,17.1, ,84.8, ,42, ,59.1, ,4.8, ,11, ,83.0,Y
47,Brentwood,San Francisco Bay,6/30/2021,1300,181,0.03, ,0.00, ,1863, ,17.4, ,87.3, ,39, ,59.5, ,4.6, ,29, ,85.2,Y
47,Brentwood,San Francisco Bay,6/30/2021,1400,181,0.03, ,0.00, ,1792, ,17.1, ,89.0, ,37, ,59.1, ,5.3, ,126, ,87.4,Y
47,Brentwood,San Francisco Bay,6/30/2021,1500,181,0.03, ,0.00, ,1634, ,15.0, ,88.0, ,33, ,55.4, ,10.4, ,242, ,89.3,Y
47,Brentwood,San Francisco Bay,6/30/2021,1600,181,0.02, ,0.00, ,1377, ,15.1, ,87.8, ,34, ,55.6, ,8.6, ,233, ,90.5,Y
47,Brentwood,San Francisco Bay,6/30/2021,1700,181,0.02, ,0.00, ,1034, ,15.8, ,86.9, ,36, ,56.9, ,8.1, ,182, ,91.0,R
47,Brentwood,San Francisco Bay,6/30/2021,1800,181,0.01, ,0.00, ,644, ,15.8, ,84.5, ,39, ,56.8, ,8.4, ,181, ,90.8,R
47,Brentwood,San Francisco Bay,6/30/2021,1900,181,0.01, ,0.00, ,275, ,15.2, ,81.5, ,42, ,55.9, ,5.8, ,180, ,90.1,Y
47,Brentwood,San Francisco Bay,6/30/2021,2000,181,0.00, ,0.00, ,31, ,15.6, ,75.6, ,51, ,56.5, ,3.7, ,179, ,89.2,Y
47,Brentwood,San Francisco Bay,6/30/2021,2100,181,0.00, ,0.00, ,0, ,15.3, ,72.3, ,57, ,56.0, ,3.7, ,212, ,88.1,Y
47,Brentwood,San Francisco Bay,6/30/2021,2200,181,0.00, ,0.00, ,0, ,15.1, ,70.7, ,59, ,55.6, ,3.6, ,209, ,86.9,Y
47,Brentwood,San Francisco Bay,6/30/2021,2300,181,0.00, ,0.00, ,0, ,14.8, ,68.1, ,63, ,55.1, ,5.1, ,198, ,85.7,Y
47,Brentwood,San Francisco Bay,6/30/2021,2400,181,0.00, ,0.00, ,0, ,16.5, ,65.2, ,78, ,58.1, ,3.4, ,78, ,84.5,Y
47,Brentwood,San Francisco Bay,7/1/2021,0100,182,0.00, ,0.00, ,0, ,19.2, ,62.5, ,99, ,62.3, ,3.5, ,68, ,83.4,Y
47,Brentwood,San Francisco Bay,7/1/2021,0200,182,0.00, ,0.00, ,0, ,18.8, ,61.9, ,99, ,61.7, ,2.3, ,39, ,82.3,Y
47,Brentwood,San Francisco Bay,7/1/2021,0300,182,0.00, ,0.00, ,0, ,18.4, ,61.3, ,99, ,61.1, ,2.7, ,225, ,81.4,Y
47,Brentwood,San Francisco Bay,7/1/2021,0400,182,0.00, ,0.00, ,0, ,17.4, ,59.8, ,99, ,59.6, ,2.4, ,81, ,80.4,Y
47,Brentwood,San Francisco Bay,7/1/2021,0500,182,0.00, ,0.00, ,5, ,16.0, ,57.5, ,99, ,57.3, ,1.4, ,61, ,79.5,Y
47,Brentwood,San Francisco Bay,7/1/2021,0600,182,0.00, ,0.00, ,156, ,17.3, ,59.6, ,99, ,59.4, ,2.0, ,67, ,78.6,Y
47,Brentwood,San Francisco Bay,7/1/2021,0700,182,0.01, ,0.00, ,488, ,20.2, ,64.1, ,99, ,63.8, ,4.9, ,59, ,77.8, 
47,Brentwood,San Francisco Bay,7/1/2021,0800,182,0.01, ,0.00, ,874, ,20.6, ,67.6, ,89, ,64.3, ,4.6, ,59, ,77.3, 
47,Brentwood,San Francisco Bay,7/1/2021,0900,182,0.02, ,0.00, ,1239, ,20.5, ,72.1, ,76, ,64.2, ,3.6, ,44, ,77.5, 
47,Brentwood,San Francisco Bay,7/1/2021,1000,182,0.02, ,0.00, ,1537, ,17.7, ,74.9, ,60, ,60.1, ,4.1, ,66, ,78.5,Y
47,Brentwood,San Francisco Bay,7/1/2021,1100,182,0.03, ,0.00, ,1749, ,16.9, ,79.2, ,50, ,58.7, ,3.7, ,26, ,80.2,Y
47,Brentwood,San Francisco Bay,7/1/2021,1200,182,0.03, ,0.01,Y,1875, ,17.6, ,82.7, ,46, ,59.8, ,4.7, ,343, ,82.3,Y
47,Brentwood,San Francisco Bay,7/1/2021,1300,182,0.03, ,0.00, ,1925, ,17.8, ,84.6, ,44, ,60.2, ,6.6, ,338, ,84.5,Y
47,Brentwood,San Francisco Bay,7/1/2021,1400,182,0.03, ,0.00, ,1848, ,17.8, ,86.8, ,41, ,60.2, ,6.3, ,317, ,86.4,Y
47,Brentwood,San Francisco Bay,7/1/2021,1500,182,0.03, ,0.00, ,1673, ,17.5, ,88.2, ,38, ,59.7, ,5.9, ,300, ,88.1,Y
47,Brentwood,San Francisco Bay,7/1/2021,1600,182,0.02, ,0.00, ,1410, ,17.2, ,90.0, ,36, ,59.2, ,6.5, ,293, ,89.5,Y
47,Brentwood,San Francisco Bay,7/1/2021,1700,182,0.02, ,0.00, ,1070, ,16.1, ,89.5, ,34, ,57.4, ,8.4, ,255, ,90.4,Y
47,Brentwood,San Francisco Bay,7/1/2021,1800,182,0.01, ,0.00, ,669, ,16.2, ,87.1, ,37, ,57.6, ,9.2, ,268, ,90.5,Y
47,Brentwood,San Francisco Bay,7/1/2021,1900,182,0.01, ,0.00, ,281, ,16.1, ,83.8, ,41, ,57.4, ,8.5, ,254, ,90.1,Y
47,Brentwood,San Francisco Bay,7/1/2021,2000,182,0.00, ,0.00, ,34, ,16.2, ,78.6, ,48, ,57.5, ,6.7, ,256, ,89.4,Y
47,Brentwood,San Francisco Bay,7/1/2021,2100,182,0.00, ,0.00, ,0, ,14.3, ,74.5, ,49, ,54.1, ,5.9, ,273, ,88.5,R
47,Brentwood,San Francisco Bay,7/1/2021,2200,182,0.00, ,0.00, ,0, ,14.8, ,69.3, ,60, ,55.0, ,2.8, ,249, ,87.3,Y
47,Brentwood,San Francisco Bay,7/1/2021,2300,182,0.00, ,0.00, ,0, ,15.7, ,64.8, ,75, ,56.8, ,3.2, ,63, ,86.1,Y
47,Brentwood,San Francisco Bay,7/1/2021,2400,182,0.00, ,0.00, ,0, ,18.5, ,61.5, ,99, ,61.3, ,2.9, ,84, ,84.8,Y
47,Brentwood,San Francisco Bay,7/2/2021,0100,183,0.00, ,0.00, ,0, ,17.8, ,60.4, ,99, ,60.2, ,2.7, ,70, ,83.6,Y
47,Brentwood,San Francisco Bay,7/2/2021,0200,183,0.00, ,0.00, ,0, ,17.4, ,59.7, ,99, ,59.5, ,1.8, ,88, ,82.4,Y
47,Brentwood,San Francisco Bay,7/2/2021,0300,183,0.00, ,0.00, ,0, ,16.7, ,58.6, ,99, ,58.4, ,2.2, ,77, ,81.3,Y
47,Brentwood,San Francisco Bay,7/2/2021,0400,183,0.00, ,0.00, ,0, ,16.0, ,57.3, ,100, ,57.1, ,2.6, ,66, ,80.3,Y
47,Brentwood,San Francisco Bay,7/2/2021,0500,183,0.00, ,0.00, ,5, ,15.7, ,56.7, ,100, ,56.6, ,1.8, ,81, ,79.3,Y
47,Brentwood,San Francisco Bay,7/2/2021,0600,183,0.00, ,0.00, ,147, ,16.5, ,58.2, ,100, ,58.1, ,2.2, ,85, ,78.4,Y
47,Brentwood,San Francisco Bay,7/2/2021,0700,183,0.00, ,0.00, ,381, ,20.1, ,64.5, ,97, ,63.6, ,1.6, ,45, ,77.6, 
47,Brentwood,San Francisco Bay,7/2/2021,0800,183,0.01, ,0.00, ,616, ,19.9, ,66.4, ,90, ,63.3, ,2.7, ,43, ,77.1, 
47,Brentwood,San Francisco Bay,7/2/2021,0900,183,0.02, ,0.00, ,1217, ,19.1, ,72.3, ,71, ,62.2, ,2.5, ,25, ,77.2, 
47,Brentwood,San Francisco Bay,7/2/2021,1000,183,0.02, ,0.00, ,1567, ,16.7, ,76.7, ,53, ,58.4, ,3.0, ,40, ,78.0, 
47,Brentwood,San Francisco Bay,7/2/2021,1100,183,0.03, ,0.00, ,1784, ,16.1, ,81.1, ,45, ,57.4, ,3.1, ,354, ,79.7,Y
47,Brentwood,San Francisco Bay,7/2/2021,1200,183,0.03, ,0.00, ,1894, ,17.3, ,84.8, ,42, ,59.4, ,5.3, ,326, ,82.1,Y
47,Brentwood,San Francisco Bay,7/2/2021,1300,183,0.03, ,0.00, ,1925, ,17.4, ,86.4, ,41, ,59.6, ,6.5, ,309, ,84.4,Y
47,Brentwood,San Francisco Bay,7/2/2021,1400,183,0.03, ,0.00, ,1848, ,18.1, ,88.4, ,40, ,60.7, ,7.7, ,311, ,86.6,Y
47,Brentwood,San Francisco Bay,7/2/2021,1500,183,0.03, ,0.00, ,1656, ,17.8, ,90.8, ,36, ,60.2, ,6.7, ,309, ,88.5,Y
47,Brentwood,San Francisco Bay,7/2/2021,1600,183,0.02, ,0.00, ,1409, ,16.8, ,93.0, ,32, ,58.6, ,4.2, ,20, ,90.0,Y
47,Brentwood,San Francisco Bay,7/2/2021,1700,183,0.02, ,0.00, ,1081, ,12.9, ,93.7, ,24, ,51.4, ,6.0, ,215, ,90.9,R
47,Brentwood,San Francisco Bay,7/2/2021,1800,183,0.01, ,0.00, ,675, ,15.1, ,89.6, ,32, ,55.6, ,7.1, ,258, ,91.0,R
47,Brentwood,San Francisco Bay,7/2/2021,1900,183,0.01, ,0.00, ,286, ,15.0, ,84.6, ,37, ,55.5, ,5.9, ,268, ,90.6,R
47,Brentwood,San Francisco Bay,7/2/2021,2000,183,0.00, ,0.00, ,36, ,14.7, ,78.6, ,44, ,54.8, ,4.9, ,283, ,89.9,R
47,Brentwood,San Francisco Bay,7/2/2021,2100,183,0.00, ,0.00, ,0, ,15.1, ,73.4, ,54, ,55.6, ,2.0, ,42, ,88.9,R
47,Brentwood,San Francisco Bay,7/2/2021,2200,183,0.00, ,0.00, ,0, ,14.7, ,69.2, ,60, ,55.0, ,3.0, ,331, ,87.7,R
47,Brentwood,San Francisco Bay,7/2/2021,2300,183,0.00, ,0.00, ,0, ,14.3, ,66.0, ,66, ,54.2, ,3.3, ,336, ,86.4,Y
47,Brentwood,San Francisco Bay,7/2/2021,2400,183,0.00, ,0.00, ,0, ,17.0, ,62.7, ,87, ,58.9, ,2.7, ,56, ,85.2,Y
47,Brentwood,San Francisco Bay,7/3/2021,0100,184,0.00, ,0.00, ,0, ,17.5, ,60.0, ,99, ,59.8, ,2.5, ,63, ,83.9,Y
47,Brentwood,San Francisco Bay,7/3/2021,0200,184,0.00, ,0.00, ,0, ,17.6, ,60.1, ,99, ,59.9, ,2.0, ,294, ,82.8,Y
47,Brentwood,San Francisco Bay,7/3/2021,0300,184,0.00, ,0.00, ,0, ,16.6, ,58.4, ,99, ,58.2, ,2.2, ,62, ,81.7,Y
47,Brentwood,San Francisco Bay,7/3/2021,0400,184,0.00, ,0.00, ,0, ,16.7, ,58.7, ,99, ,58.5, ,1.9, ,216, ,80.7,Y
47,Brentwood,San Francisco Bay,7/3/2021,0500,184,0.00, ,0.00, ,5, ,16.3, ,58.0, ,99, ,57.8, ,1.6, ,328, ,79.8,Y
47,Brentwood,San Francisco Bay,7/3/2021,0600,184,0.00, ,0.00, ,160, ,17.5, ,59.9, ,99, ,59.7, ,1.6, ,87, ,78.9,Y
47,Brentwood,San Francisco Bay,7/3/2021,0700,184,0.01, ,0.00, ,497, ,19.2, ,66.3, ,87, ,62.4, ,2.4, ,36, ,78.0,Y
47,Brentwood,San Francisco Bay,7/3/2021,0800,184,0.01, ,0.00, ,890, ,19.2, ,69.0, ,80, ,62.4, ,3.2, ,42, ,77.6, 
47,Brentwood,San Francisco Bay,7/3/2021,0900,184,0.02, ,0.00, ,1224, ,16.5, ,72.2, ,61, ,58.0, ,3.3, ,64, ,77.8,Y
47,Brentwood,San Francisco Bay,7/3/2021,1000,184,0.02, ,0.00, ,1543, ,16.3, ,76.3, ,53, ,57.8, ,3.1, ,59, ,78.9,Y
47,Brentwood,San Francisco Bay,7/3/2021,1100,184,0.03, ,0.00, ,1794, ,17.4, ,79.2, ,51, ,59.5, ,4.2, ,70, ,80.7,Y
47,Brentwood,San Francisco Bay,7/3/2021,1200,184,0.03, ,0.00, ,1898, ,17.5, ,84.6, ,43, ,59.8, ,5.2, ,9, ,82.8,Y
47,Brentwood,San Francisco Bay,7/3/2021,1300,184,0.03, ,0.00, ,1640, ,17.9, ,86.8, ,41, ,60.4, ,6.7, ,340, ,85.1,Y
47,Brentwood,San Francisco Bay,7/3/2021,1400,184,0.03, ,0.00, ,1561, ,17.7, ,88.5, ,39, ,60.1, ,7.0, ,310, ,87.0,Y
47,Brentwood,San Francisco Bay,7/3/2021,1500,184,0.02, ,0.00, ,929, ,18.1, ,86.7, ,42, ,60.7, ,6.7, ,316, ,88.7,Y
47,Brentwood,San Francisco Bay,7/3/2021,1600,184,0.02, ,0.00, ,1378, ,17.9, ,90.2, ,37, ,60.3, ,7.0, ,315, ,89.7,Y
47,Brentwood,San Francisco Bay,7/3/2021,1700,184,0.02, ,0.00, ,881, ,15.9, ,90.8, ,32, ,57.0, ,4.9, ,328, ,90.2,Y
47,Brentwood,San Francisco Bay,7/3/2021,1800,184,0.01, ,0.00, ,327, ,14.4, ,85.5, ,35, ,54.4, ,7.2, ,280, ,90.3,Y
47,Brentwood,San Francisco Bay,7/3/2021,1900,184,0.01, ,0.00, ,238, ,13.9, ,81.7, ,37, ,53.3, ,6.9, ,296, ,90.0,Y
47,Brentwood,San Francisco Bay,7/3/2021,2000,184,0.00, ,0.00, ,13, ,13.2, ,75.2, ,44, ,51.9, ,5.6, ,296, ,89.3,Y
47,Brentwood,San Francisco Bay,7/3/2021,2100,184,0.00, ,0.00, ,0, ,13.3, ,72.2, ,49, ,52.2, ,4.8, ,306, ,88.4,Y
47,Brentwood,San Francisco Bay,7/3/2021,2200,184,0.00, ,0.00, ,0, ,13.5, ,69.5, ,55, ,52.6, ,3.7, ,346, ,87.2,Y
47,Brentwood,San Francisco Bay,7/3/2021,2300,184,0.00, ,0.00, ,0, ,14.5, ,65.9, ,67, ,54.5, ,2.7, ,357, ,86.0,Y
47,Brentwood,San Francisco Bay,7/3/2021,2400,184,0.00, ,0.00, ,0, ,14.9, ,63.6, ,74, ,55.3, ,3.8, ,328, ,84.8,Y
47,Brentwood,San Francisco Bay,7/4/2021,0100,185,0.00, ,0.00, ,0, ,14.8, ,62.7, ,76, ,55.0, ,4.1, ,313, ,83.7,Y
47,Brentwood,San Francisco Bay,7/4/2021,0200,185,0.00, ,0.00, ,0, ,16.9, ,60.5, ,94, ,58.8, ,3.3, ,35, ,82.7,Y
47,Brentwood,San Francisco Bay,7/4/2021,0300,185,0.00, ,0.00, ,0, ,16.7, ,58.7, ,99, ,58.4, ,2.2, ,343, ,81.8,Y
47,Brentwood,San Francisco Bay,7/4/2021,0400,185,0.00, ,0.00, ,0, ,16.6, ,58.4, ,99, ,58.2, ,2.4, ,154, ,80.8,Y
47,Brentwood,San Francisco Bay,7/4/2021,0500,185,0.00, ,0.00, ,4, ,15.6, ,56.7, ,99, ,56.5, ,2.0, ,72, ,79.9,Y
47,Brentwood,San Francisco Bay,7/4/2021,0600,185,0.00, ,0.00, ,162, ,16.9, ,58.9, ,99, ,58.7, ,1.5, ,72, ,79.0,Y
47,Brentwood,San Francisco Bay,7/4/2021,0700,185,0.01, ,0.00, ,501, ,18.9, ,65.6, ,88, ,61.9, ,1.9, ,44, ,78.1,Y
47,Brentwood,San Francisco Bay,7/4/2021,0800,185,0.01, ,0.00, ,901, ,18.6, ,68.1, ,79, ,61.4, ,3.0, ,67, ,77.6, 
47,Brentwood,San Francisco Bay,7/4/2021,0900,185,0.02, ,0.00, ,1271, ,18.3, ,71.3, ,70, ,61.0, ,3.7, ,65, ,77.9,Y
47,Brentwood,San Francisco Bay,7/4/2021,1000,185,0.02, ,0.00, ,1579, ,16.1, ,76.2, ,52, ,57.4, ,4.6, ,37, ,78.9,Y
47,Brentwood,San Francisco Bay,7/4/2021,1100,185,0.03, ,0.00, ,1790, ,16.4, ,79.9, ,47, ,57.9, ,5.8, ,359, ,80.6,Y
47,Brentwood,San Francisco Bay,7/4/2021,1200,185,0.03, ,0.00, ,1908, ,16.9, ,82.6, ,44, ,58.7, ,6.2, ,313, ,82.7,Y
47,Brentwood,San Francisco Bay,7/4/2021,1300,185,0.03, ,0.00, ,1931, ,17.0, ,85.7, ,40, ,58.9, ,6.3, ,306, ,84.8,Y
47,Brentwood,San Francisco Bay,7/4/2021,1400,185,0.03, ,0.00, ,1846, ,16.6, ,89.0, ,36, ,58.2, ,5.8, ,305, ,87.0,Y
47,Brentwood,San Francisco Bay,7/4/2021,1500,185,0.03, ,0.00, ,1673, ,15.3, ,91.9, ,30, ,56.0, ,3.7, ,33, ,89.1,Y
47,Brentwood,San Francisco Bay,7/4/2021,1600,185,0.02, ,0.00, ,1421, ,11.3, ,93.6, ,21, ,47.8, ,5.7, ,220, ,90.8,R
47,Brentwood,San Francisco Bay,7/4/2021,1700,185,0.02, ,0.00, ,1077, ,12.1, ,91.5, ,24, ,49.6, ,8.1, ,257, ,91.6,R
47,Brentwood,San Francisco Bay,7/4/2021,1800,185,0.02, ,0.00, ,670, ,12.3, ,87.7, ,28, ,50.1, ,9.0, ,277, ,91.6,R
47,Brentwood,San Francisco Bay,7/4/2021,1900,185,0.01, ,0.00, ,284, ,12.6, ,82.1, ,34, ,50.6, ,7.1, ,290, ,91.1,R
47,Brentwood,San Francisco Bay,7/4/2021,2000,185,0.00, ,0.00, ,35, ,12.4, ,77.5, ,38, ,50.2, ,8.7, ,275, ,90.4,R
47,Brentwood,San Francisco Bay,7/4/2021,2100,185,0.00, ,0.00, ,0, ,12.4, ,72.0, ,46, ,50.2, ,5.6, ,291, ,89.4,R
47,Brentwood,San Francisco Bay,7/4/2021,2200,185,0.00, ,0.00, ,0, ,12.9, ,69.0, ,53, ,51.3, ,4.8, ,284, ,88.1,R
47,Brentwood,San Francisco Bay,7/4/2021,2300,185,0.00, ,0.00, ,0, ,13.9, ,69.2, ,57, ,53.3, ,4.8, ,252, ,86.8,Y
47,Brentwood,San Francisco Bay,7/4/2021,2400,185,0.00, ,0.00, ,0, ,13.8, ,65.8, ,64, ,53.1, ,2.2, ,168, ,85.4,Y
47,Brentwood,San Francisco Bay,7/5/2021,0100,186,0.00, ,0.00, ,0, ,15.6, ,59.7, ,89, ,56.5, ,2.2, ,61, ,84.2,Y
47,Brentwood,San Francisco Bay,7/5/2021,0200,186,0.00, ,0.00, ,0, ,16.3, ,58.1, ,99, ,57.8, ,1.7, ,98, ,83.0,Y
47,Brentwood,San Francisco Bay,7/5/2021,0300,186,0.00, ,0.00, ,0, ,15.9, ,57.3, ,99, ,57.1, ,1.3, ,119, ,81.8,Y
47,Brentwood,San Francisco Bay,7/5/2021,0400,186,0.00, ,0.00, ,0, ,15.1, ,55.8, ,99, ,55.6, ,1.5, ,358, ,80.6,Y
47,Brentwood,San Francisco Bay,7/5/2021,0500,186,0.00, ,0.00, ,6, ,15.3, ,56.3, ,99, ,56.1, ,1.4, ,315, ,79.5,Y
47,Brentwood,San Francisco Bay,7/5/2021,0600,186,0.00, ,0.00, ,168, ,16.2, ,57.9, ,99, ,57.6, ,1.6, ,154, ,78.5,Y
47,Brentwood,San Francisco Bay,7/5/2021,0700,186,0.01, ,0.00, ,508, ,17.6, ,65.6, ,82, ,59.9, ,1.9, ,338, ,77.5, 
47,Brentwood,San Francisco Bay,7/5/2021,0800,186,0.01, ,0.00, ,910, ,15.6, ,70.1, ,62, ,56.5, ,2.6, ,27, ,77.0, 
47,Brentwood,San Francisco Bay,7/5/2021,0900,186,0.02, ,0.00, ,1280, ,14.8, ,72.3, ,55, ,55.1, ,4.1, ,56, ,77.4, 
47,Brentwood,San Francisco Bay,7/5/2021,1000,186,0.02, ,0.00, ,1582, ,15.7, ,75.6, ,52, ,56.6, ,4.3, ,45, ,78.5,Y
47,Brentwood,San Francisco Bay,7/5/2021,1100,186,0.03, ,0.00, ,1799, ,16.1, ,79.0, ,48, ,57.4, ,4.1, ,305, ,80.3,Y
47,Brentwood,San Francisco Bay,7/5/2021,1200,186,0.03, ,0.00, ,1920, ,16.4, ,82.3, ,43, ,57.9, ,5.8, ,310, ,82.4,Y
47,Brentwood,San Francisco Bay,7/5/2021,1300,186,0.03, ,0.00, ,1937, ,16.0, ,85.7, ,38, ,57.2, ,4.7, ,308, ,84.8,Y
47,Brentwood,San Francisco Bay,7/5/2021,1400,186,0.03, ,0.00, ,1856, ,16.4, ,89.6, ,34, ,57.9, ,5.8, ,323, ,87.2,Y
47,Brentwood,San Francisco Bay,7/5/2021,1500,186,0.03, ,0.00, ,1675, ,16.7, ,91.1, ,34, ,58.4, ,7.1, ,316, ,89.2,Y
47,Brentwood,San Francisco Bay,7/5/2021,1600,186,0.03, ,0.00, ,1421, ,15.7, ,91.4, ,31, ,56.8, ,8.0, ,312, ,90.6,R
47,Brentwood,San Francisco Bay,7/5/2021,1700,186,0.02, ,0.00, ,1085, ,12.3, ,91.6, ,24, ,49.9, ,8.9, ,255, ,91.5,R
47,Brentwood,San Francisco Bay,7/5/2021,1800,186,0.02, ,0.00, ,690, ,12.6, ,86.6, ,29, ,50.7, ,9.4, ,260, ,91.5,R
47,Brentwood,San Francisco Bay,7/5/2021,1900,186,0.01, ,0.00, ,297, ,11.3, ,82.0, ,30, ,47.9, ,9.4, ,262, ,91.0,R
47,Brentwood,San Francisco Bay,7/5/2021,2000,186,0.00, ,0.00, ,37, ,10.9, ,75.5, ,36, ,46.7, ,5.8, ,255, ,90.2,R
47,Brentwood,San Francisco Bay,7/5/2021,2100,186,0.00, ,0.00, ,0, ,11.7, ,70.1, ,47, ,48.8, ,4.3, ,293, ,89.1,R
47,Brentwood,San Francisco Bay,7/5/2021,2200,186,0.00, ,0.00, ,0, ,11.8, ,68.4, ,50, ,49.0, ,2.4, ,237, ,87.7,R
47,Brentwood,San Francisco Bay,7/5/2021,2300,186,0.00, ,0.00, ,0, ,13.6, ,63.7, ,68, ,52.8, ,3.2, ,69, ,86.3,Y
47,Brentwood,San Francisco Bay,7/5/2021,2400,186,0.00, ,0.00, ,0, ,17.3, ,59.7, ,99, ,59.4, ,3.7, ,56, ,84.9,Y
47,Brentwood,San Francisco Bay,7/6/2021,0100,187,0.00, ,0.00, ,0, ,16.8, ,58.7, ,99, ,58.5, ,3.0, ,92, ,83.6,Y
47,Brentwood,San Francisco Bay,7/6/2021,0200,187,0.00, ,0.00, ,0, ,15.9, ,57.2, ,99, ,57.1, ,2.9, ,41, ,82.4,Y
47,Brentwood,San Francisco Bay,7/6/2021,0300,187,0.00, ,0.00, ,0, ,16.0, ,57.3, ,99, ,57.2, ,2.2, ,209, ,81.3,Y
47,Brentwood,San Francisco Bay,7/6/2021,0400,187,0.00, ,0.00, ,0, ,15.2, ,56.0, ,99, ,55.9, ,2.2, ,40, ,80.3,Y
47,Brentwood,San Francisco Bay,7/6/2021,0500,187,0.00, ,0.00, ,6, ,14.8, ,55.2, ,99, ,55.0, ,1.8, ,81, ,79.3,Y
47,Brentwood,San Francisco Bay,7/6/2021,0600,187,0.00, ,0.00, ,163, ,15.6, ,56.7, ,99, ,56.5, ,2.0, ,62, ,78.4,Y
47,Brentwood,San Francisco Bay,7/6/2021,0700,187,0.01, ,0.00, ,501, ,18.3, ,62.8, ,94, ,61.0, ,1.8, ,108, ,77.5, 
47,Brentwood,San Francisco Bay,7/6/2021,0800,187,0.01, ,0.00, ,893, ,17.9, ,66.9, ,79, ,60.3, ,2.7, ,48, ,77.1, 
47,Brentwood,San Francisco Bay,7/6/2021,0900,187,0.02, ,0.00, ,1264, ,17.7, ,70.5, ,69, ,60.0, ,3.6, ,97, ,77.3, 
47,Brentwood,San Francisco Bay,7/6/2021,1000,187,0.02, ,0.00, ,1561, ,15.9, ,74.7, ,54, ,57.0, ,3.5, ,81, ,78.4,Y
47,Brentwood,San Francisco Bay,7/6/2021,1100,187,0.03, ,0.00, ,1780, ,15.8, ,77.6, ,49, ,56.8, ,3.7, ,61, ,80.2,Y
47,Brentwood,San Francisco Bay,7/6/2021,1200,187,0.03, ,0.00, ,1900, ,15.9, ,82.3, ,42, ,57.0, ,4.1, ,30, ,82.4,Y
47,Brentwood,San Francisco Bay,7/6/2021,1300,187,0.03, ,0.00, ,1931, ,16.2, ,84.2, ,41, ,57.6, ,4.9, ,74, ,84.8,Y
47,Brentwood,San Francisco Bay,7/6/2021,1400,187,0.03, ,0.00, ,1861, ,13.3, ,89.8, ,28, ,52.1, ,7.7, ,289, ,87.2,Y
47,Brentwood,San Francisco Bay,7/6/2021,1500,187,0.03, ,0.00, ,1697, ,10.7, ,91.9, ,21, ,46.4, ,9.5, ,285, ,88.8,Y
47,Brentwood,San Francisco Bay,7/6/2021,1600,187,0.03, ,0.00, ,1437, ,9.1, ,92.5, ,17, ,42.0, ,10.5, ,256, ,90.2,R
47,Brentwood,San Francisco Bay,7/6/2021,1700,187,0.02, ,0.00, ,1096, ,8.3, ,90.7, ,17, ,39.8, ,11.7, ,257, ,90.9,R
47,Brentwood,San Francisco Bay,7/6/2021,1800,187,0.02, ,0.00, ,694, ,8.1, ,88.9, ,17, ,39.1, ,9.0, ,229, ,90.9,R
47,Brentwood,San Francisco Bay,7/6/2021,1900,187,0.01, ,0.00, ,289, ,10.0, ,82.8, ,26, ,44.4, ,8.2, ,212, ,90.4,R
47,Brentwood,San Francisco Bay,7/6/2021,2000,187,0.00, ,0.00, ,36, ,11.2, ,74.6, ,38, ,47.5, ,4.8, ,181, ,89.6,R
47,Brentwood,San Francisco Bay,7/6/2021,2100,187,0.00, ,0.00, ,0, ,10.9, ,69.4, ,44, ,46.8, ,5.6, ,174, ,88.5,R
47,Brentwood,San Francisco Bay,7/6/2021,2200,187,0.00, ,0.00, ,0, ,11.0, ,66.8, ,49, ,47.1, ,5.2, ,174, ,87.2,R
47,Brentwood,San Francisco Bay,7/6/2021,2300,187,0.00, ,0.00, ,0, ,11.0, ,64.9, ,52, ,47.1, ,4.9, ,167, ,85.9,Y
47,Brentwood,San Francisco Bay,7/6/2021,2400,187,0.00, ,0.00, ,0, ,12.2, ,61.3, ,66, ,49.8, ,3.6, ,59, ,84.7,Y
47,Brentwood,San Francisco Bay,7/7/2021,0100,188,0.00, ,0.00, ,0, ,12.5, ,59.1, ,73, ,50.5, ,2.1, ,68, ,83.5,Y
47,Brentwood,San Francisco Bay,7/7/2021,0200,188,0.00, ,0.00, ,0, ,12.4, ,57.2, ,77, ,50.2, ,1.9, ,298, ,82.3,Y
47,Brentwood,San Francisco Bay,7/7/2021,0300,188,0.00, ,0.00, ,0, ,14.8, ,57.2, ,93, ,55.1, ,1.9, ,135, ,81.1,Y
47,Brentwood,San Francisco Bay,7/7/2021,0400,188,0.00, ,0.00, ,1, ,14.2, ,54.1, ,99, ,53.9, ,2.4, ,43, ,80.0,Y
47,Brentwood,San Francisco Bay,7/7/2021,0500,188,0.00, ,0.00, ,6, ,13.8, ,53.3, ,99, ,53.1, ,2.3, ,45, ,78.9,Y
47,Brentwood,San Francisco Bay,7/7/2021,0600,188,0.00, ,0.00, ,178, ,15.6, ,56.8, ,99, ,56.6, ,1.6, ,317, ,77.9, 
47,Brentwood,San Francisco Bay,7/7/2021,0700,188,0.01, ,0.00, ,519, ,17.2, ,63.6, ,86, ,59.2, ,2.6, ,53, ,76.9, 
47,Brentwood,San Francisco Bay,7/7/2021,0800,188,0.01, ,0.00, ,926, ,13.4, ,67.2, ,59, ,52.4, ,2.6, ,76, ,76.4, 
47,Brentwood,San Francisco Bay,7/7/2021,0900,188,0.02, ,0.00, ,1302, ,14.0, ,71.9, ,52, ,53.5, ,2.7, ,28, ,76.6, 
47,Brentwood,San Francisco Bay,7/7/2021,1000,188,0.02, ,0.00, ,1602, ,13.9, ,76.6, ,44, ,53.4, ,2.8, ,90, ,77.8, 
47,Brentwood,San Francisco Bay,7/7/2021,1100,188,0.03, ,0.00, ,1815, ,14.2, ,80.0, ,41, ,54.0, ,3.6, ,85, ,79.8,Y
47,Brentwood,San Francisco Bay,7/7/2021,1200,188,0.03, ,0.00, ,1949, ,13.9, ,84.9, ,34, ,53.3, ,4.2, ,282, ,82.1,Y
47,Brentwood,San Francisco Bay,7/7/2021,1300,188,0.03, ,0.00, ,1974, ,13.8, ,89.3, ,29, ,53.1, ,3.7, ,348, ,84.7,Y
47,Brentwood,San Francisco Bay,7/7/2021,1400,188,0.03, ,0.00, ,1894, ,15.0, ,89.3, ,32, ,55.5, ,4.8, ,103, ,87.3,Y
47,Brentwood,San Francisco Bay,7/7/2021,1500,188,0.03, ,0.00, ,1720, ,15.7, ,91.8, ,31, ,56.7, ,5.8, ,331, ,89.5,R
47,Brentwood,San Francisco Bay,7/7/2021,1600,188,0.03, ,0.00, ,1451, ,14.2, ,93.0, ,27, ,53.9, ,7.7, ,314, ,90.9,R
47,Brentwood,San Francisco Bay,7/7/2021,1700,188,0.02, ,0.00, ,1105, ,13.7, ,91.6, ,27, ,52.9, ,7.6, ,305, ,91.6,R
47,Brentwood,San Francisco Bay,7/7/2021,1800,188,0.01, ,0.00, ,698, ,12.7, ,90.4, ,26, ,51.0, ,6.2, ,218, ,91.7,R
47,Brentwood,San Francisco Bay,7/7/2021,1900,188,0.01, ,0.00, ,298, ,12.7, ,83.8, ,32, ,50.8, ,7.2, ,187, ,91.3,R
47,Brentwood,San Francisco Bay,7/7/2021,2000,188,0.00, ,0.00, ,35, ,11.3, ,76.0, ,37, ,47.8, ,7.1, ,192, ,90.5,R
47,Brentwood,San Francisco Bay,7/7/2021,2100,188,0.00, ,0.00, ,0, ,10.8, ,72.0, ,40, ,46.6, ,7.7, ,195, ,89.4,R
47,Brentwood,San Francisco Bay,7/7/2021,2200,188,0.00, ,0.00, ,0, ,11.4, ,68.3, ,48, ,47.9, ,3.7, ,157, ,88.2,R
47,Brentwood,San Francisco Bay,7/7/2021,2300,188,0.00, ,0.00, ,0, ,15.4, ,62.0, ,81, ,56.2, ,2.4, ,54, ,86.8,Y
47,Brentwood,San Francisco Bay,7/7/2021,2400,188,0.00, ,0.00, ,0, ,17.1, ,59.4, ,99, ,59.1, ,2.8, ,61, ,85.4,Y
47,Brentwood,San Francisco Bay,7/8/2021,0100,189,0.00, ,0.00, ,0, ,16.2, ,57.8, ,99, ,57.6, ,2.5, ,74, ,84.0,Y
47,Brentwood,San Francisco Bay,7/8/2021,0200,189,0.00, ,0.00, ,0, ,16.2, ,57.8, ,99, ,57.6, ,2.0, ,249, ,82.7,Y
47,Brentwood,San Francisco Bay,7/8/2021,0300,189,0.00, ,0.00, ,0, ,15.9, ,57.3, ,99, ,57.1, ,1.7, ,202, ,81.5,Y
47,Brentwood,San Francisco Bay,7/8/2021,0400,189,0.00, ,0.00, ,1, ,14.2, ,54.2, ,99, ,54.0, ,2.1, ,346, ,80.3,Y
47,Brentwood,San Francisco Bay,7/8/2021,0500,189,0.00, ,0.00, ,6, ,14.8, ,55.2, ,99, ,55.0, ,1.2, ,259, ,79.3,Y
47,Brentwood,San Francisco Bay,7/8/2021,0600,189,0.00, ,0.00, ,176, ,16.2, ,57.6, ,100, ,57.5, ,1.6, ,278, ,78.2, 
47,Brentwood,San Francisco Bay,7/8/2021,0700,189,0.01, ,0.00, ,504, ,19.0, ,64.0, ,94, ,62.1, ,4.7, ,308, ,77.3, 
47,Brentwood,San Francisco Bay,7/8/2021,0800,189,0.01, ,0.00, ,909, ,17.8, ,68.5, ,75, ,60.2, ,3.1, ,291, ,76.9, 
47,Brentwood,San Francisco Bay,7/8/2021,0900,189,0.02, ,0.00, ,1278, ,15.5, ,74.6, ,53, ,56.3, ,3.4, ,297, ,77.2, 
47,Brentwood,San Francisco Bay,7/8/2021,1000,189,0.02, ,0.00, ,1579, ,15.3, ,79.9, ,44, ,56.0, ,5.3, ,320, ,78.4,Y
47,Brentwood,San Francisco Bay,7/8/2021,1100,189,0.03, ,0.00, ,1801, ,15.5, ,82.4, ,41, ,56.3, ,5.8, ,320, ,80.2,Y
47,Brentwood,San Francisco Bay,7/8/2021,1200,189,0.03, ,0.00, ,1949, ,15.2, ,86.6, ,35, ,55.8, ,5.4, ,324, ,82.4,Y
47,Brentwood,San Francisco Bay,7/8/2021,1300,189,0.03, ,0.00, ,1953, ,15.2, ,90.5, ,31, ,55.8, ,5.5, ,308, ,84.8,Y
47,Brentwood,San Francisco Bay,7/8/2021,1400,189,0.03, ,0.00, ,1828, ,13.8, ,95.1, ,24, ,53.1, ,5.3, ,305, ,87.2,Y
47,Brentwood,San Francisco Bay,7/8/2021,1500,189,0.03, ,0.00, ,1540, ,13.8, ,97.8, ,23, ,53.2, ,5.5, ,303, ,89.4,R
47,Brentwood,San Francisco Bay,7/8/2021,1600,189,0.02, ,0.00, ,1267, ,14.4, ,98.9, ,23, ,54.4, ,5.6, ,310, ,91.1,R
47,Brentwood,San Francisco Bay,7/8/2021,1700,189,0.02, ,0.00, ,961, ,14.3, ,97.5, ,24, ,54.1, ,6.0, ,307, ,92.0,R
47,Brentwood,San Francisco Bay,7/8/2021,1800,189,0.01, ,0.00, ,564, ,12.6, ,95.0, ,22, ,50.7, ,5.4, ,322, ,92.2,R
47,Brentwood,San Francisco Bay,7/8/2021,1900,189,0.01, ,0.00, ,274, ,13.4, ,92.4, ,26, ,52.4, ,4.4, ,307, ,91.8,R
47,Brentwood,San Francisco Bay,7/8/2021,2000,189,0.00, ,0.00, ,36, ,14.8, ,84.3, ,37, ,55.0, ,3.7, ,320, ,91.1,R
47,Brentwood,San Francisco Bay,7/8/2021,2100,189,0.00, ,0.00, ,0, ,13.8, ,80.3, ,39, ,53.2, ,2.4, ,282, ,90.1,R
47,Brentwood,San Francisco Bay,7/8/2021,2200,189,0.00, ,0.00, ,0, ,11.7, ,78.4, ,35, ,48.8, ,4.8, ,189, ,88.9,R
47,Brentwood,San Francisco Bay,7/8/2021,2300,189,0.00, ,0.00, ,0, ,9.4, ,77.1, ,29, ,42.8, ,4.0, ,235, ,87.7,R
47,Brentwood,San Francisco Bay,7/8/2021,2400,189,0.00, ,0.00, ,0, ,13.7, ,70.0, ,55, ,53.0, ,3.0, ,51, ,86.5,R
47,Brentwood,San Francisco Bay,7/9/2021,0100,190,0.00, ,0.00, ,0, ,15.1, ,68.3, ,64, ,55.7, ,2.4, ,294, ,85.4,R
47,Brentwood,San Francisco Bay,7/9/2021,0200,190,0.00, ,0.00, ,0, ,14.8, ,66.5, ,67, ,55.0, ,3.0, ,288, ,84.3,R
47,Brentwood,San Francisco Bay,7/9/2021,0300,190,0.00, ,0.00, ,0, ,14.8, ,66.0, ,68, ,55.0, ,3.6, ,285, ,83.3,R
47,Brentwood,San Francisco Bay,7/9/2021,0400,190,0.00, ,0.00, ,0, ,15.1, ,64.9, ,72, ,55.6, ,3.7, ,326, ,82.4,Y
47,Brentwood,San Francisco Bay,7/9/2021,0500,190,0.00, ,0.00, ,3, ,16.0, ,64.5, ,77, ,57.2, ,1.7, ,243, ,81.5,Y
47,Brentwood,San Francisco Bay,7/9/2021,0600,190,0.00, ,0.00, ,144, ,19.9, ,65.0, ,95, ,63.4, ,2.7, ,274, ,80.7,Y
47,Brentwood,San Francisco Bay,7/9/2021,0700,190,0.01, ,0.00, ,458, ,17.6, ,73.4, ,62, ,59.8, ,3.4, ,328, ,80.0,Y
47,Brentwood,San Francisco Bay,7/9/2021,0800,190,0.01, ,0.00, ,874, ,16.9, ,79.0, ,50, ,58.8, ,3.0, ,273, ,79.6,Y
47,Brentwood,San Francisco Bay,7/9/2021,0900,190,0.02, ,0.00, ,1225, ,17.8, ,84.3, ,44, ,60.2, ,5.3, ,309, ,80.0,Y
47,Brentwood,San Francisco Bay,7/9/2021,1000,190,0.03, ,0.00, ,1522, ,15.4, ,88.4, ,34, ,56.2, ,6.5, ,298, ,81.2,Y
47,Brentwood,San Francisco Bay,7/9/2021,1100,190,0.03,Y,0.00, ,1735, ,15.4, ,92.8,Y,29,Y,56.1,Y,7.8, ,310, ,83.0,R
47,Brentwood,San Francisco Bay,7/9/2021,1200,190,0.04, ,0.00, ,1848, ,14.0, ,95.1, ,25, ,53.6, ,9.1, ,308, ,84.9,R
47,Brentwood,San Francisco Bay,7/9/2021,1300,190,0.04, ,0.00, ,1867, ,14.0, ,96.7, ,24, ,53.6, ,10.0, ,308, ,86.8,R
47,Brentwood,San Francisco Bay,7/9/2021,1400,190,0.04, ,0.00, ,1780, ,14.0, ,99.0, ,22, ,53.5, ,9.3, ,311, ,88.5,R
47,Brentwood,San Francisco Bay,7/9/2021,1500,190,0.03, ,0.00, ,1604, ,13.7, ,101.1, ,20, ,52.9, ,8.2, ,323, ,90.2,R
47,Brentwood,San Francisco Bay,7/9/2021,1600,190,0.03, ,0.00, ,1349, ,10.1, ,102.2, ,14, ,44.7, ,10.7, ,296, ,91.5,R
47,Brentwood,San Francisco Bay,7/9/2021,1700,190,0.02, ,0.00, ,1003, ,7.1, ,102.5, ,10, ,35.9, ,10.0, ,285, ,92.3,R
47,Brentwood,San Francisco Bay,7/9/2021,1800,190,0.02, ,0.00, ,589, ,7.6, ,99.5, ,12, ,37.4, ,8.4, ,284, ,92.5,R
47,Brentwood,San Francisco Bay,7/9/2021,1900,190,0.01, ,0.00, ,227, ,8.1, ,95.7, ,14, ,39.0, ,5.6, ,237, ,92.3,R
47,Brentwood,San Francisco Bay,7/9/2021,2000,190,0.00, ,0.00, ,26, ,9.0, ,88.0, ,20, ,41.7, ,3.8, ,176, ,91.7,R
47,Brentwood,San Francisco Bay,7/9/2021,2100,190,0.00, ,0.00, ,0, ,14.3, ,81.4, ,39, ,54.2, ,2.7, ,184, ,,S
47,Brentwood,San Francisco Bay,7/9/2021,2200,190,0.00, ,0.00, ,0, ,15.1, ,78.4, ,45, ,55.6, ,2.1, ,274, ,,S
47,Brentwood,San Francisco Bay,7/9/2021,2300,190,0.00, ,0.00, ,0, ,13.9, ,76.6, ,45, ,53.4, ,3.4, ,297, ,88.6,R
47,Brentwood,San Francisco Bay,7/9/2021,2400,190,0.00, ,0.00, ,0, ,13.3, ,73.8, ,47, ,52.1, ,2.5, ,338, ,87.5,R
47,Brentwood,San Francisco Bay,7/10/2021,0100,191,0.00, ,0.00, ,0, ,13.8, ,70.4, ,54, ,53.1, ,2.5, ,352, ,86.5,R
47,Brentwood,San Francisco Bay,7/10/2021,0200,191,0.00, ,0.00, ,0, ,15.5, ,66.4, ,70, ,56.4, ,2.3, ,17, ,85.5,R
47,Brentwood,San Francisco Bay,7/10/2021,0300,191,0.00, ,0.00, ,0, ,14.6, ,66.8, ,65, ,54.6, ,1.8, ,68, ,84.6,R
47,Brentwood,San Francisco Bay,7/10/2021,0400,191,0.00, ,0.00, ,0, ,16.2, ,65.9, ,75, ,57.6, ,2.0, ,266, ,83.6,R
47,Brentwood,San Francisco Bay,7/10/2021,0500,191,0.00, ,0.00, ,2, ,15.1, ,64.9, ,72, ,55.7, ,2.2, ,343, ,82.8,R
47,Brentwood,San Francisco Bay,7/10/2021,0600,191,0.00, ,0.00, ,130, ,15.7, ,66.7, ,70, ,56.6, ,2.3, ,338, ,82.0,R
47,Brentwood,San Francisco Bay,7/10/2021,0700,191,0.01, ,0.00, ,456, ,16.5, ,72.9, ,60, ,58.0, ,3.4, ,316, ,81.2,R
47,Brentwood,San Francisco Bay,7/10/2021,0800,191,0.01, ,0.00, ,850, ,16.7, ,78.2, ,50, ,58.3, ,3.9, ,316, ,80.9,R
47,Brentwood,San Francisco Bay,7/10/2021,0900,191,0.02, ,0.00, ,1213, ,17.2, ,83.6, ,44, ,59.2, ,4.2, ,326, ,81.2,R
47,Brentwood,San Francisco Bay,7/10/2021,1000,191,0.02, ,0.00, ,1515, ,17.5, ,88.5, ,38, ,59.8, ,4.1, ,305, ,82.3,R
47,Brentwood,San Francisco Bay,7/10/2021,1100,191,0.03,Y,0.00, ,1724, ,16.6, ,95.0,Y,30,Y,58.3,Y,4.0, ,315, ,84.1,R
47,Brentwood,San Francisco Bay,7/10/2021,1200,191,0.03,Y,0.00, ,1846, ,15.9, ,97.6,Y,26,Y,57.1,Y,6.3, ,313, ,86.3,R
47,Brentwood,San Francisco Bay,7/10/2021,1300,191,0.04,Y,0.00, ,1863, ,13.9, ,100.1,Y,21,Y,53.3,Y,7.9, ,314, ,88.6,R
47,Brentwood,San Francisco Bay,7/10/2021,1400,191,0.03,Y,0.00, ,1780, ,16.2, ,101.6,Y,24,Y,57.6,Y,7.9, ,310, ,90.6,R
47,Brentwood,San Francisco Bay,7/10/2021,1500,191,0.03,Y,0.00, ,1607, ,14.9, ,104.8,Y,20,Y,55.3,Y,7.9, ,318, ,,S
47,Brentwood,San Francisco Bay,7/10/2021,1600,191,0.03,Y,0.00, ,1338, ,14.1, ,104.8,Y,19,Y,53.7,Y,9.7, ,302, ,,S
47,Brentwood,San Francisco Bay,7/10/2021,1700,191,0.02,Y,0.00, ,1002, ,13.5, ,104.0,Y,18,Y,52.6,Y,8.6, ,294, ,,S
47,Brentwood,San Francisco Bay,7/10/2021,1800,191,0.02,Y,0.00, ,623, ,9.5, ,102.0,Y,14,Y,43.3,Y,8.6, ,278, ,,S
47,Brentwood,San Francisco Bay,7/10/2021,1900,191,0.01,Y,0.00, ,254, ,7.9, ,98.0,Y,13,Y,38.3,Y,6.7, ,263, ,,S
47,Brentwood,San Francisco Bay,7/10/2021,2000,191,0.01,Y,0.00, ,30, ,7.3, ,93.4,Y,14,Y,36.5,Y,7.0, ,248, ,,S
47,Brentwood,San Francisco Bay,7/10/2021,2100,191,0.00,Y,0.00, ,0, ,9.3, ,86.8,Y,21,Y,42.7,Y,3.8, ,137, ,,S
47,Brentwood,San Francisco Bay,7/10/2021,2200,191,0.01,Y,0.00, ,0, ,8.4, ,85.6,Y,20,Y,40.1,Y,6.7, ,203, ,,S
47,Brentwood,San Francisco Bay,7/10/2021,2300,191,0.00,Y,0.00, ,0, ,9.3, ,81.4,Y,25,Y,42.6,Y,3.9, ,203, ,,S
47,Brentwood,San Francisco Bay,7/10/2021,2400,191,0.00,Y,0.00, ,0, ,11.4, ,78.2,Y,35,Y,48.0,Y,3.4, ,289, ,,S
47,Brentwood,San Francisco Bay,7/11/2021,0100,192,0.00, ,0.00, ,0, ,13.7, ,72.4, ,50, ,52.9, ,4.3, ,300, ,,S
47,Brentwood,San Francisco Bay,7/11/2021,0200,192,0.00, ,0.00, ,0, ,14.0, ,69.7, ,56, ,53.5, ,4.1, ,304, ,,S
47,Brentwood,San Francisco Bay,7/11/2021,0300,192,0.00, ,0.00, ,0, ,14.4, ,67.1, ,64, ,54.4, ,2.8, ,344, ,,S
47,Brentwood,San Francisco Bay,7/11/2021,0400,192,0.00, ,0.00, ,0, ,16.9, ,64.9, ,80, ,58.7, ,3.3, ,33, ,,S
47,Brentwood,San Francisco Bay,7/11/2021,0500,192,0.00, ,0.00, ,3, ,18.6, ,63.5, ,93, ,61.4, ,2.3, ,327, ,,S
47,Brentwood,San Francisco Bay,7/11/2021,0600,192,0.00, ,0.00, ,135, ,18.2, ,65.3, ,86, ,60.9, ,3.1, ,334, ,83.4,R
47,Brentwood,San Francisco Bay,7/11/2021,0700,192,0.01, ,0.00, ,469, ,18.6, ,71.1, ,71, ,61.4, ,3.9, ,344, ,82.6,R
47,Brentwood,San Francisco Bay,7/11/2021,0800,192,0.01, ,0.00, ,867, ,17.8, ,76.4, ,57, ,60.3, ,3.6, ,320, ,82.1,R
47,Brentwood,San Francisco Bay,7/11/2021,0900,192,0.02, ,0.00, ,1241, ,15.5, ,80.6, ,43, ,56.4, ,3.0, ,359, ,82.2,R
47,Brentwood,San Francisco Bay,7/11/2021,1000,192,0.02, ,0.00, ,1535, ,15.9, ,84.2, ,40, ,57.1, ,4.6, ,36, ,83.2,R
47,Brentwood,San Francisco Bay,7/11/2021,1100,192,0.03, ,0.00, ,1751, ,16.1, ,89.0, ,34, ,57.4, ,5.4, ,355, ,84.8,R
47,Brentwood,San Francisco Bay,7/11/2021,1200,192,0.03, ,0.00, ,1873, ,16.6, ,93.6, ,31, ,58.2, ,5.3, ,325, ,,S
47,Brentwood,San Francisco Bay,7/11/2021,1300,192,0.03, ,0.00, ,1900, ,16.3, ,95.5, ,29, ,57.8, ,6.4, ,329, ,,S
47,Brentwood,San Francisco Bay,7/11/2021,1400,192,0.03, ,0.00, ,1821, ,15.7, ,97.8, ,26, ,56.7, ,6.5, ,305, ,,S
47,Brentwood,San Francisco Bay,7/11/2021,1500,192,0.03, ,0.00, ,1647, ,16.5, ,96.3, ,28, ,58.0, ,8.9, ,312, ,,S
47,Brentwood,San Francisco Bay,7/11/2021,1600,192,0.03, ,0.00, ,1392, ,14.9, ,97.5, ,25, ,55.2, ,8.9, ,285, ,,S
47,Brentwood,San Francisco Bay,7/11/2021,1700,192,0.02, ,0.00, ,1056, ,13.6, ,96.5, ,23, ,52.8, ,7.4, ,282, ,,S
47,Brentwood,San Francisco Bay,7/11/2021,1800,192,0.01, ,0.00, ,666, ,11.2, ,95.6, ,20, ,47.6, ,6.7, ,244, ,,S
47,Brentwood,San Francisco Bay,7/11/2021,1900,192,0.01, ,0.00, ,275, ,12.0, ,89.9, ,25, ,49.4, ,4.9, ,188, ,,S
47,Brentwood,San Francisco Bay,7/11/2021,2000,192,0.00, ,0.00, ,31, ,12.8, ,81.8, ,34, ,51.0, ,2.6, ,106, ,,S
47,Brentwood,San Francisco Bay,7/11/2021,2100,192,0.00, ,0.00, ,0, ,14.0, ,73.5, ,50, ,53.5, ,3.1, ,49, ,,S
47,Brentwood,San Francisco Bay,7/11/2021,2200,192,0.00, ,0.00, ,0, ,14.7, ,68.2, ,62, ,54.9, ,2.4, ,53, ,,S
47,Brentwood,San Francisco Bay,7/11/2021,2300,192,0.00, ,0.00, ,0, ,17.3, ,62.8, ,88, ,59.4, ,2.7, ,69, ,,S
47,Brentwood,San Francisco Bay,7/11/2021,2400,192,0.00, ,0.00, ,0, ,18.4, ,62.3, ,96, ,61.1, ,2.2, ,76, ,,S
47,Brentwood,San Francisco Bay,7/12/2021,0100,193,0.00, ,0.00, ,0, ,17.8, ,61.6, ,95, ,60.2, ,2.4, ,304, ,86.9,R
47,Brentwood,San Francisco Bay,7/12/2021,0200,193,0.00, ,0.00, ,0, ,17.2, ,60.6, ,95, ,59.3, ,2.0, ,19, ,85.6,R
47,Brentwood,San Francisco Bay,7/12/2021,0300,193,0.00, ,0.00, ,0, ,16.5, ,58.4, ,99, ,58.1, ,2.5, ,55, ,84.4,R
47,Brentwood,San Francisco Bay,7/12/2021,0400,193,0.00, ,0.00, ,0, ,16.0, ,57.3, ,99, ,57.1, ,2.2, ,74, ,83.3,R
47,Brentwood,San Francisco Bay,7/12/2021,0500,193,0.00, ,0.00, ,4, ,16.1, ,57.7, ,99, ,57.4, ,1.5, ,130, ,82.3,R
47,Brentwood,San Francisco Bay,7/12/2021,0600,193,0.00, ,0.00, ,126, ,16.7, ,58.6, ,99, ,58.4, ,3.0, ,48, ,81.4,R
47,Brentwood,San Francisco Bay,7/12/2021,0700,193,0.01, ,0.00, ,450, ,19.0, ,66.1, ,87, ,62.1, ,2.4, ,14, ,80.5,Y
47,Brentwood,San Francisco Bay,7/12/2021,0800,193,0.01, ,0.00, ,848, ,17.6, ,69.2, ,72, ,59.9, ,2.7, ,70, ,80.0,Y
47,Brentwood,San Francisco Bay,7/12/2021,0900,193,0.02, ,0.00, ,1223, ,14.7, ,74.5, ,50, ,54.8, ,2.6, ,38, ,80.1,Y
47,Brentwood,San Francisco Bay,7/12/2021,1000,193,0.02, ,0.00, ,1531, ,14.5, ,79.4, ,42, ,54.4, ,3.2, ,31, ,81.1,Y
47,Brentwood,San Francisco Bay,7/12/2021,1100,193,0.03, ,0.00, ,1749, ,16.1, ,82.1, ,43, ,57.3, ,5.5, ,12, ,82.9,R
47,Brentwood,San Francisco Bay,7/12/2021,1200,193,0.03, ,0.00, ,1877, ,15.8, ,86.3, ,37, ,56.9, ,6.0, ,345, ,85.0,R
47,Brentwood,San Francisco Bay,7/12/2021,1300,193,0.03, ,0.00, ,1894, ,15.5, ,88.9, ,33, ,56.4, ,4.6, ,44, ,87.2,R
47,Brentwood,San Francisco Bay,7/12/2021,1400,193,0.03, ,0.00, ,1817, ,15.5, ,91.5, ,31, ,56.3, ,4.5, ,354, ,89.5,R
47,Brentwood,San Francisco Bay,7/12/2021,1500,193,0.03, ,0.00, ,1637, ,16.0, ,94.5, ,29, ,57.2, ,5.5, ,320, ,91.5,R
47,Brentwood,San Francisco Bay,7/12/2021,1600,193,0.03, ,0.00, ,1377, ,15.2, ,93.7, ,28, ,55.9, ,7.7, ,311, ,,S
47,Brentwood,San Francisco Bay,7/12/2021,1700,193,0.02, ,0.00, ,1031, ,15.2, ,91.9, ,30, ,55.7, ,6.8, ,317, ,,S
47,Brentwood,San Francisco Bay,7/12/2021,1800,193,0.01, ,0.00, ,528, ,13.5, ,90.1, ,28, ,52.5, ,3.8, ,303, ,,S
47,Brentwood,San Francisco Bay,7/12/2021,1900,193,0.01, ,0.00, ,244, ,13.3, ,85.5, ,32, ,52.1, ,4.6, ,267, ,,S
47,Brentwood,San Francisco Bay,7/12/2021,2000,193,0.00, ,0.00, ,29, ,12.3, ,78.9, ,36, ,49.9, ,3.9, ,268, ,,S
47,Brentwood,San Francisco Bay,7/12/2021,2100,193,0.00, ,0.00, ,0, ,13.6, ,72.3, ,50, ,52.8, ,2.5, ,52, ,,S
47,Brentwood,San Francisco Bay,7/12/2021,2200,193,0.00, ,0.00, ,0, ,14.6, ,66.8, ,65, ,54.7, ,2.6, ,58, ,,S
47,Brentwood,San Francisco Bay,7/12/2021,2300,193,0.00, ,0.00, ,0, ,14.8, ,62.9, ,75, ,55.0, ,4.3, ,37, ,88.7,R
47,Brentwood,San Francisco Bay,7/12/2021,2400,193,0.00, ,0.00, ,0, ,17.1, ,60.1, ,96, ,59.1, ,3.1, ,64, ,87.4,R
47,Brentwood,San Francisco Bay,7/13/2021,0100,194,0.00, ,0.00, ,0, ,17.1, ,59.3, ,99, ,59.1, ,4.1, ,38, ,86.1,R
47,Brentwood,San Francisco Bay,7/13/2021,0200,194,0.00, ,0.00, ,0, ,16.7, ,58.6, ,99, ,58.3, ,1.8, ,68, ,84.9,R
47,Brentwood,San Francisco Bay,7/13/2021,0300,194,0.00, ,0.00, ,0, ,16.1, ,57.6, ,99, ,57.4, ,1.9, ,90, ,83.8,R
47,Brentwood,San Francisco Bay,7/13/2021,0400,194,0.00, ,0.00, ,0, ,15.6, ,56.7, ,99, ,56.6, ,2.3, ,80, ,82.7,R
47,Brentwood,San Francisco Bay,7/13/2021,0500,194,0.00, ,0.00, ,3, ,15.2, ,56.0, ,99, ,55.8, ,1.7, ,71, ,81.7,Y
47,Brentwood,San Francisco Bay,7/13/2021,0600,194,0.00, ,0.00, ,122, ,15.9, ,57.2, ,100, ,57.1, ,1.3, ,69, ,80.8,Y
47,Brentwood,San Francisco Bay,7/13/2021,0700,194,0.00, ,0.00, ,458, ,19.2, ,63.2, ,97, ,62.4, ,1.9, ,79, ,79.9,Y
47,Brentwood,San Francisco Bay,7/13/2021,0800,194,0.01, ,0.00, ,853, ,18.6, ,66.3, ,84, ,61.5, ,3.3, ,61, ,79.3,Y
47,Brentwood,San Francisco Bay,7/13/2021,0900,194,0.02, ,0.00, ,1228, ,17.1, ,71.3, ,65, ,59.1, ,2.9, ,54, ,79.4,Y
47,Brentwood,San Francisco Bay,7/13/2021,1000,194,0.02, ,0.00, ,1539, ,17.6, ,74.0, ,61, ,59.9, ,3.5, ,64, ,80.4,Y
47,Brentwood,San Francisco Bay,7/13/2021,1100,194,0.03, ,0.00, ,1770, ,14.9, ,79.0, ,44, ,55.3, ,3.3, ,26, ,82.1,Y
47,Brentwood,San Francisco Bay,7/13/2021,1200,194,0.03, ,0.00, ,1908, ,15.9, ,82.0, ,43, ,57.0, ,4.6, ,358, ,84.3,Y
47,Brentwood,San Francisco Bay,7/13/2021,1300,194,0.03, ,0.00, ,1935, ,15.8, ,84.3, ,39, ,56.9, ,5.2, ,334, ,86.6,R
47,Brentwood,San Francisco Bay,7/13/2021,1400,194,0.03, ,0.00, ,1861, ,15.4, ,85.8, ,36, ,56.1, ,6.6, ,24, ,88.8,R
47,Brentwood,San Francisco Bay,7/13/2021,1500,194,0.03, ,0.00, ,1681, ,15.5, ,87.5, ,35, ,56.4, ,5.0, ,54, ,90.8,R
47,Brentwood,San Francisco Bay,7/13/2021,1600,194,0.02, ,0.00, ,1411, ,16.1, ,88.2, ,35, ,57.3, ,5.6, ,56, ,92.2,R
47,Brentwood,San Francisco Bay,7/13/2021,1700,194,0.02, ,0.00, ,1065, ,15.6, ,87.2, ,35, ,56.5, ,5.9, ,58, ,92.8,R
47,Brentwood,San Francisco Bay,7/13/2021,1800,194,0.01, ,0.00, ,661, ,14.5, ,83.9, ,37, ,54.5, ,7.3, ,19, ,92.7,R
47,Brentwood,San Francisco Bay,7/13/2021,1900,194,0.01, ,0.00, ,267, ,13.5, ,79.0, ,40, ,52.6, ,6.6, ,349, ,92.2,R
47,Brentwood,San Francisco Bay,7/13/2021,2000,194,0.00, ,0.00, ,25, ,13.5, ,71.1, ,52, ,52.6, ,4.9, ,339, ,,S
47,Brentwood,San Francisco Bay,7/13/2021,2100,194,0.00, ,0.00, ,0, ,14.2, ,64.8, ,68, ,53.8, ,3.1, ,41, ,,S
47,Brentwood,San Francisco Bay,7/13/2021,2200,194,0.00, ,0.00, ,0, ,14.1, ,63.6, ,70, ,53.7, ,2.9, ,9, ,88.9,R
47,Brentwood,San Francisco Bay,7/13/2021,2300,194,0.00, ,0.00, ,0, ,17.1, ,59.6, ,98, ,59.1, ,2.6, ,30, ,87.5,R
47,Brentwood,San Francisco Bay,7/13/2021,2400,194,0.00, ,0.00, ,0, ,16.4, ,58.5, ,98, ,58.0, ,3.1, ,345, ,86.1,R
47,Brentwood,San Francisco Bay,7/14/2021,0100,195,0.00, ,0.00, ,0, ,15.7, ,56.9, ,99, ,56.7, ,1.9, ,28, ,84.8,R
47,Brentwood,San Francisco Bay,7/14/2021,0200,195,0.00, ,0.00, ,1, ,15.1, ,55.9, ,99, ,55.6, ,1.7, ,48, ,83.5,Y
47,Brentwood,San Francisco Bay,7/14/2021,0300,195,0.00, ,0.00, ,2, ,14.4, ,54.6, ,99, ,54.3, ,1.7, ,42, ,82.3,Y
47,Brentwood,San Francisco Bay,7/14/2021,0400,195,0.00, ,0.00, ,1, ,14.2, ,54.1, ,99, ,53.8, ,1.6, ,306, ,81.2,Y
47,Brentwood,San Francisco Bay,7/14/2021,0500,195,0.00, ,0.00, ,4, ,14.3, ,54.2, ,99, ,54.0, ,2.0, ,308, ,80.0,Y
47,Brentwood,San Francisco Bay,7/14/2021,0600,195,0.00, ,0.00, ,143, ,15.3, ,56.2, ,99, ,56.0, ,1.6, ,335, ,79.0,Y
47,Brentwood,San Francisco Bay,7/14/2021,0700,195,0.01, ,0.00, ,466, ,17.6, ,62.7, ,90, ,59.8, ,3.0, ,340, ,78.1,Y
47,Brentwood,San Francisco Bay,7/14/2021,0800,195,0.01, ,0.00, ,857, ,17.2, ,65.4, ,81, ,59.3, ,3.0, ,52, ,77.6, 
47,Brentwood,San Francisco Bay,7/14/2021,0900,195,0.02, ,0.00, ,1230, ,16.8, ,70.6, ,66, ,58.6, ,3.0, ,10, ,77.8, 
47,Brentwood,San Francisco Bay,7/14/2021,1000,195,0.02, ,0.00, ,1540, ,17.3, ,73.8, ,61, ,59.3, ,3.8, ,320, ,78.8,Y
47,Brentwood,San Francisco Bay,7/14/2021,1100,195,0.03, ,0.00, ,1770, ,16.4, ,77.2, ,51, ,57.8, ,5.0, ,322, ,80.6,Y
47,Brentwood,San Francisco Bay,7/14/2021,1200,195,0.03, ,0.00, ,1908, ,16.0, ,79.2, ,47, ,57.1, ,6.2, ,313, ,82.8,Y
47,Brentwood,San Francisco Bay,7/14/2021,1300,195,0.03, ,0.00, ,1933, ,16.1, ,82.0, ,43, ,57.3, ,6.4, ,314, ,85.0,Y
47,Brentwood,San Francisco Bay,7/14/2021,1400,195,0.03, ,0.00, ,1852, ,16.2, ,83.4, ,42, ,57.6, ,7.9, ,309, ,87.1,Y
47,Brentwood,San Francisco Bay,7/14/2021,1500,195,0.03, ,0.00, ,1683, ,16.3, ,84.8, ,40, ,57.7, ,8.0, ,313, ,88.9,Y
47,Brentwood,San Francisco Bay,7/14/2021,1600,195,0.02, ,0.00, ,1410, ,16.1, ,84.7, ,40, ,57.4, ,9.7, ,311, ,90.2,R
47,Brentwood,San Francisco Bay,7/14/2021,1700,195,0.02, ,0.00, ,1052, ,15.8, ,84.7, ,39, ,56.9, ,9.4, ,310, ,90.9,R
47,Brentwood,San Francisco Bay,7/14/2021,1800,195,0.01, ,0.00, ,649, ,15.6, ,81.5, ,42, ,56.5, ,8.9, ,311, ,91.0,R
47,Brentwood,San Francisco Bay,7/14/2021,1900,195,0.01, ,0.00, ,259, ,14.7, ,77.9, ,45, ,54.8, ,7.1, ,306, ,90.6,R
47,Brentwood,San Francisco Bay,7/14/2021,2000,195,0.00, ,0.00, ,24, ,13.9, ,71.6, ,53, ,53.4, ,4.1, ,325, ,89.9,R
47,Brentwood,San Francisco Bay,7/14/2021,2100,195,0.00, ,0.00, ,0, ,13.9, ,67.1, ,61, ,53.4, ,2.9, ,27, ,88.8,R
47,Brentwood,San Francisco Bay,7/14/2021,2200,195,0.00, ,0.00, ,0, ,13.9, ,64.6, ,67, ,53.4, ,2.8, ,57, ,87.6,R
47,Brentwood,San Francisco Bay,7/14/2021,2300,195,0.00, ,0.00, ,0, ,13.8, ,63.0, ,70, ,53.1, ,4.5, ,11, ,86.2,Y
47,Brentwood,San Francisco Bay,7/14/2021,2400,195,0.00, ,0.00, ,0, ,15.1, ,60.7, ,83, ,55.6, ,3.7, ,26, ,85.0,Y
47,Brentwood,San Francisco Bay,7/15/2021,0100,196,0.00, ,0.00, ,0, ,16.9, ,58.9, ,99, ,58.7, ,4.8, ,37, ,83.8,Y
47,Brentwood,San Francisco Bay,7/15/2021,0200,196,0.00, ,0.00, ,0, ,16.4, ,58.1, ,99, ,57.9, ,4.3, ,19, ,82.7,Y
47,Brentwood,San Francisco Bay,7/15/2021,0300,196,0.00, ,0.00, ,0, ,15.5, ,56.6, ,99, ,56.4, ,3.6, ,29, ,81.7,Y
47,Brentwood,San Francisco Bay,7/15/2021,0400,196,0.00, ,0.00, ,2, ,15.1, ,55.8, ,99, ,55.6, ,2.7, ,355, ,80.7,Y
47,Brentwood,San Francisco Bay,7/15/2021,0500,196,0.00, ,0.00, ,5, ,14.8, ,55.2, ,99, ,55.0, ,1.0, ,73, ,79.8,Y
47,Brentwood,San Francisco Bay,7/15/2021,0600,196,0.00, ,0.00, ,136, ,15.3, ,56.2, ,100, ,56.0, ,1.7, ,348, ,78.9,Y
47,Brentwood,San Francisco Bay,7/15/2021,0700,196,0.00, ,0.00, ,457, ,17.5, ,62.7, ,90, ,59.7, ,2.8, ,20, ,78.0,Y
47,Brentwood,San Francisco Bay,7/15/2021,0800,196,0.01, ,0.00, ,858, ,18.0, ,64.3, ,87, ,60.5, ,4.3, ,50, ,77.5, 
47,Brentwood,San Francisco Bay,7/15/2021,0900,196,0.02, ,0.00, ,1241, ,17.9, ,68.5, ,75, ,60.3, ,3.7, ,55, ,77.6, 
47,Brentwood,San Francisco Bay,7/15/2021,1000,196,0.02, ,0.00, ,1552, ,17.7, ,72.6, ,65, ,60.0, ,4.5, ,42, ,78.5,Y
47,Brentwood,San Francisco Bay,7/15/2021,1100,196,0.03, ,0.00, ,1774, ,15.4, ,78.4, ,46, ,56.1, ,4.8, ,6, ,80.2,Y
47,Brentwood,San Francisco Bay,7/15/2021,1200,196,0.03, ,0.00, ,1896, ,15.2, ,80.2, ,43, ,55.8, ,7.4, ,340, ,82.2,Y
47,Brentwood,San Francisco Bay,7/15/2021,1300,196,0.03, ,0.00, ,1927, ,14.5, ,81.9, ,39, ,54.5, ,7.5, ,350, ,84.4,Y
47,Brentwood,San Francisco Bay,7/15/2021,1400,196,0.03, ,0.00, ,1854, ,14.5, ,84.2, ,36, ,54.4, ,6.2, ,4, ,86.4,Y
47,Brentwood,San Francisco Bay,7/15/2021,1500,196,0.03, ,0.00, ,1677, ,14.4, ,87.1, ,33, ,54.4, ,5.7, ,335, ,88.4,Y
47,Brentwood,San Francisco Bay,7/15/2021,1600,196,0.02, ,0.00, ,1410, ,14.7, ,87.8, ,33, ,54.9, ,6.8, ,346, ,89.8,Y
47,Brentwood,San Francisco Bay,7/15/2021,1700,196,0.02, ,0.00, ,1078, ,11.0, ,87.7, ,25, ,47.1, ,8.7, ,229, ,90.7,R
47,Brentwood,San Francisco Bay,7/15/2021,1800,196,0.01, ,0.00, ,668, ,9.4, ,85.6, ,22, ,42.9, ,7.9, ,218, ,90.9,R
47,Brentwood,San Francisco Bay,7/15/2021,1900,196,0.01, ,0.00, ,278, ,10.6, ,80.2, ,30, ,46.1, ,6.3, ,257, ,90.5,R
47,Brentwood,San Francisco Bay,7/15/2021,2000,196,0.00, ,0.00, ,26, ,11.6, ,72.6, ,43, ,48.5, ,4.8, ,269, ,89.7,R
47,Brentwood,San Francisco Bay,7/15/2021,2100,196,0.00, ,0.00, ,0, ,12.9, ,66.4, ,58, ,51.3, ,2.6, ,70, ,88.6,R
47,Brentwood,San Francisco Bay,7/15/2021,2200,196,0.00, ,0.00, ,0, ,16.3, ,60.0, ,92, ,57.8, ,2.8, ,62, ,87.3,R
47,Brentwood,San Francisco Bay,7/15/2021,2300,196,0.00, ,0.00, ,0, ,16.1, ,57.7, ,99, ,57.4, ,2.5, ,65, ,85.9,Y
47,Brentwood,San Francisco Bay,7/15/2021,2400,196,0.00, ,0.00, ,0, ,15.3, ,56.2, ,99, ,56.1, ,2.9, ,56, ,84.5,Y
47,Brentwood,San Francisco Bay,7/16/2021,0100,197,0.00, ,0.00, ,1, ,14.5, ,54.8, ,99, ,54.6, ,2.8, ,72, ,83.2,Y
47,Brentwood,San Francisco Bay,7/16/2021,0200,197,0.00, ,0.00, ,2, ,14.4, ,54.4, ,99, ,54.3, ,2.4, ,54, ,81.9,Y
47,Brentwood,San Francisco Bay,7/16/2021,0300,197,0.00, ,0.00, ,1, ,13.8, ,53.3, ,100, ,53.1, ,1.9, ,55, ,80.8,Y
47,Brentwood,San Francisco Bay,7/16/2021,0400,197,0.00, ,0.00, ,0, ,13.7, ,53.0, ,100, ,52.9, ,1.6, ,92, ,79.8,Y
47,Brentwood,San Francisco Bay,7/16/2021,0500,197,0.00, ,0.00, ,3, ,13.5, ,52.7, ,100, ,52.6, ,1.2, ,253, ,78.7, 
47,Brentwood,San Francisco Bay,7/16/2021,0600,197,0.00, ,0.00, ,127, ,13.9, ,53.4, ,100, ,53.3, ,2.3, ,172, ,77.8, 
47,Brentwood,San Francisco Bay,7/16/2021,0700,197,0.00, ,0.00, ,473, ,16.8, ,59.3, ,98, ,58.6, ,1.6, ,232, ,76.8, 
47,Brentwood,San Francisco Bay,7/16/2021,0800,197,0.01, ,0.00, ,869, ,17.8, ,65.2, ,84, ,60.2, ,2.5, ,42, ,76.3, 
47,Brentwood,San Francisco Bay,7/16/2021,0900,197,0.02, ,0.00, ,1245, ,17.5, ,69.3, ,72, ,59.7, ,2.6, ,353, ,76.5, 
47,Brentwood,San Francisco Bay,7/16/2021,1000,197,0.02, ,0.00, ,1556, ,17.5, ,73.2, ,63, ,59.7, ,2.7, ,345, ,77.7, 
47,Brentwood,San Francisco Bay,7/16/2021,1100,197,0.03, ,0.00, ,1782, ,17.8, ,76.7, ,57, ,60.2, ,4.0, ,293, ,79.6,Y
47,Brentwood,San Francisco Bay,7/16/2021,1200,197,0.03, ,0.00, ,1908, ,18.4, ,79.8, ,53, ,61.2, ,6.0, ,319, ,81.9,Y
47,Brentwood,San Francisco Bay,7/16/2021,1300,197,0.03, ,0.00, ,1929, ,16.1, ,83.0, ,42, ,57.4, ,6.3, ,342, ,84.2,Y
47,Brentwood,San Francisco Bay,7/16/2021,1400,197,0.03, ,0.00, ,1846, ,15.6, ,86.0, ,37, ,56.5, ,5.9, ,317, ,86.5,Y
47,Brentwood,San Francisco Bay,7/16/2021,1500,197,0.03, ,0.00, ,1669, ,15.9, ,87.1, ,36, ,57.0, ,7.3, ,305, ,88.4,Y
47,Brentwood,San Francisco Bay,7/16/2021,1600,197,0.02, ,0.00, ,1395, ,16.1, ,87.9, ,36, ,57.3, ,7.9, ,313, ,89.9,Y
47,Brentwood,San Francisco Bay,7/16/2021,1700,197,0.02, ,0.00, ,1047, ,15.9, ,88.7, ,34, ,57.1, ,6.7, ,309, ,90.7,R
47,Brentwood,San Francisco Bay,7/16/2021,1800,197,0.01, ,0.00, ,643, ,15.6, ,86.7, ,36, ,56.5, ,6.7, ,325, ,90.8,R
47,Brentwood,San Francisco Bay,7/16/2021,1900,197,0.01, ,0.00, ,259, ,12.7, ,84.7, ,31, ,50.9, ,5.0, ,233, ,90.5,R
47,Brentwood,San Francisco Bay,7/16/2021,2000,197,0.00, ,0.00, ,23, ,12.7, ,78.2, ,39, ,50.9, ,5.0, ,240, ,89.8,R
47,Brentwood,San Francisco Bay,7/16/2021,2100,197,0.00, ,0.00, ,0, ,12.9, ,73.4, ,46, ,51.3, ,4.2, ,189, ,88.8,R
47,Brentwood,San Francisco Bay,7/16/2021,2200,197,0.00, ,0.00, ,0, ,12.4, ,71.6, ,47, ,50.3, ,3.7, ,220, ,87.6,R
47,Brentwood,San Francisco Bay,7/16/2021,2300,197,0.00, ,0.00, ,0, ,12.9, ,67.5, ,56, ,51.3, ,3.2, ,284, ,86.3,R
47,Brentwood,San Francisco Bay,7/16/2021,2400,197,0.00, ,0.00, ,0, ,15.0, ,62.3, ,78, ,55.4, ,2.7, ,329, ,85.0,Y
47,Brentwood,San Francisco Bay,7/17/2021,0100,198,0.00, ,0.00, ,0, ,15.9, ,60.7, ,88, ,57.1, ,2.5, ,352, ,83.8,Y
47,Brentwood,San Francisco Bay,7/17/2021,0200,198,0.00, ,0.00, ,0, ,17.1, ,59.3, ,99, ,59.1, ,2.2, ,294, ,82.6,Y
47,Brentwood,San Francisco Bay,7/17/2021,0300,198,0.00, ,0.00, ,0, ,16.6, ,58.4, ,99, ,58.2, ,2.4, ,311, ,81.4,Y
47,Brentwood,San Francisco Bay,7/17/2021,0400,198,0.00, ,0.00, ,1, ,15.9, ,57.2, ,99, ,57.0, ,2.0, ,302, ,80.4,Y
47,Brentwood,San Francisco Bay,7/17/2021,0500,198,0.00, ,0.00, ,5, ,15.7, ,56.9, ,99, ,56.7, ,2.8, ,274, ,79.4,Y
47,Brentwood,San Francisco Bay,7/17/2021,0600,198,0.00, ,0.00, ,137, ,16.2, ,57.7, ,99, ,57.6, ,3.1, ,289, ,78.4,Y
47,Brentwood,San Francisco Bay,7/17/2021,0700,198,0.00, ,0.00, ,462, ,19.2, ,62.7, ,99, ,62.3, ,5.3, ,285, ,77.6, 
47,Brentwood,San Francisco Bay,7/17/2021,0800,198,0.01, ,0.00, ,866, ,19.9, ,68.6, ,84, ,63.4, ,4.8, ,301, ,77.2, 
47,Brentwood,San Francisco Bay,7/17/2021,0900,198,0.02, ,0.00, ,1248, ,17.8, ,74.3, ,62, ,60.3, ,4.6, ,299, ,77.5, 
47,Brentwood,San Francisco Bay,7/17/2021,1000,198,0.02, ,0.00, ,1557, ,15.7, ,79.6, ,45, ,56.6, ,4.3, ,353, ,78.6,Y
47,Brentwood,San Francisco Bay,7/17/2021,1100,198,0.03, ,0.00, ,1778, ,15.5, ,82.9, ,40, ,56.3, ,3.9, ,327, ,80.5,Y
47,Brentwood,San Francisco Bay,7/17/2021,1200,198,0.03, ,0.00, ,1902, ,14.4, ,85.3, ,35, ,54.2, ,4.4, ,281, ,82.8,Y
47,Brentwood,San Francisco Bay,7/17/2021,1300,198,0.03, ,0.00, ,1920, ,15.0, ,89.2, ,32, ,55.4, ,5.3, ,303, ,85.4,Y
47,Brentwood,San Francisco Bay,7/17/2021,1400,198,0.03, ,0.00, ,1838, ,16.3, ,92.0, ,32, ,57.7, ,6.5, ,325, ,87.8,R
47,Brentwood,San Francisco Bay,7/17/2021,1500,198,0.03, ,0.00, ,1656, ,16.5, ,93.4, ,31, ,58.0, ,7.3, ,316, ,89.8,R
47,Brentwood,San Francisco Bay,7/17/2021,1600,198,0.03, ,0.00, ,1395, ,15.6, ,93.2, ,29, ,56.5, ,9.0, ,312, ,91.2,R
47,Brentwood,San Francisco Bay,7/17/2021,1700,198,0.02, ,0.00, ,1048, ,13.9, ,92.6, ,27, ,53.4, ,9.8, ,315, ,91.9,R
47,Brentwood,San Francisco Bay,7/17/2021,1800,198,0.02, ,0.00, ,651, ,10.8, ,91.5, ,21, ,46.7, ,9.8, ,283, ,92.0,R
47,Brentwood,San Francisco Bay,7/17/2021,1900,198,0.01, ,0.00, ,258, ,12.0, ,86.9, ,27, ,49.4, ,8.0, ,283, ,91.6,R
47,Brentwood,San Francisco Bay,7/17/2021,2000,198,0.00, ,0.00, ,24, ,12.2, ,81.2, ,34, ,49.9, ,2.4, ,288, ,90.9,R
47,Brentwood,San Francisco Bay,7/17/2021,2100,198,0.00, ,0.00, ,0, ,11.9, ,76.2, ,38, ,49.0, ,3.6, ,183, ,89.8,R
47,Brentwood,San Francisco Bay,7/17/2021,2200,198,0.00, ,0.00, ,0, ,11.8, ,72.5, ,43, ,48.8, ,3.4, ,174, ,88.5,R
47,Brentwood,San Francisco Bay,7/17/2021,2300,198,0.00, ,0.00, ,0, ,13.0, ,68.3, ,55, ,51.5, ,2.1, ,231, ,87.2,R
47,Brentwood,San Francisco Bay,7/17/2021,2400,198,0.00, ,0.00, ,0, ,13.3, ,64.8, ,63, ,52.1, ,2.6, ,299, ,85.8,R
47,Brentwood,San Francisco Bay,7/18/2021,0100,199,0.00, ,0.00, ,0, ,15.2, ,63.5, ,76, ,55.8, ,3.3, ,302, ,84.6,R
47,Brentwood,San Francisco Bay,7/18/2021,0200,199,0.00, ,0.00, ,0, ,17.2, ,61.7, ,91, ,59.2, ,2.6, ,330, ,83.4,Y
47,Brentwood,San Francisco Bay,7/18/2021,0300,199,0.00, ,0.00, ,0, ,17.8, ,60.5, ,99, ,60.3, ,3.1, ,291, ,82.3,Y
47,Brentwood,San Francisco Bay,7/18/2021,0400,199,0.00, ,0.00, ,0, ,17.2, ,59.4, ,99, ,59.2, ,2.4, ,315, ,81.2,Y
47,Brentwood,San Francisco Bay,7/18/2021,0500,199,0.00, ,0.00, ,2, ,16.7, ,58.6, ,99, ,58.4, ,3.3, ,308, ,80.3,Y
47,Brentwood,San Francisco Bay,7/18/2021,0600,199,0.00, ,0.00, ,108, ,17.6, ,60.1, ,99, ,59.9, ,3.7, ,312, ,79.4,Y
47,Brentwood,San Francisco Bay,7/18/2021,0700,199,0.00, ,0.00, ,429, ,20.1, ,65.6, ,93, ,63.6, ,5.6, ,310, ,78.7,Y
47,Brentwood,San Francisco Bay,7/18/2021,0800,199,0.01, ,0.00, ,828, ,16.4, ,70.6, ,64, ,58.0, ,5.3, ,304, ,78.4,Y
47,Brentwood,San Francisco Bay,7/18/2021,0900,199,0.02, ,0.00, ,1205, ,16.2, ,77.1, ,51, ,57.6, ,3.7, ,328, ,78.6,Y
47,Brentwood,San Francisco Bay,7/18/2021,1000,199,0.02, ,0.00, ,1498, ,15.6, ,81.7, ,42, ,56.6, ,3.4, ,55, ,79.6,Y
47,Brentwood,San Francisco Bay,7/18/2021,1100,199,0.03, ,0.00, ,1735, ,15.2, ,84.9, ,37, ,55.8, ,3.3, ,73, ,81.4,Y
47,Brentwood,San Francisco Bay,7/18/2021,1200,199,0.03, ,0.00, ,1782, ,15.1, ,90.2, ,31, ,55.6, ,3.5, ,24, ,83.8,Y
47,Brentwood,San Francisco Bay,7/18/2021,1300,199,0.03, ,0.00, ,1737, ,14.5, ,94.1, ,27, ,54.5, ,5.6, ,321, ,86.2,R
47,Brentwood,San Francisco Bay,7/18/2021,1400,199,0.02, ,0.00, ,1029, ,13.1, ,93.2, ,25, ,51.6, ,7.5, ,355, ,88.5,R
47,Brentwood,San Francisco Bay,7/18/2021,1500,199,0.02, ,0.00, ,1358, ,14.5, ,97.0, ,24, ,54.4, ,4.6, ,329, ,90.1,R
47,Brentwood,San Francisco Bay,7/18/2021,1600,199,0.02, ,0.00, ,1438, ,14.3, ,98.5, ,23, ,54.1, ,4.1, ,342, ,91.1,R
47,Brentwood,San Francisco Bay,7/18/2021,1700,199,0.02, ,0.00, ,908, ,13.6, ,94.6, ,24, ,52.8, ,6.8, ,306, ,91.7,R
47,Brentwood,San Francisco Bay,7/18/2021,1800,199,0.01, ,0.00, ,512, ,13.2, ,91.4, ,26, ,51.9, ,5.7, ,308, ,92.0,R
47,Brentwood,San Francisco Bay,7/18/2021,1900,199,0.00, ,0.00, ,162, ,13.4, ,85.9, ,32, ,52.4, ,4.3, ,312, ,91.8,R
47,Brentwood,San Francisco Bay,7/18/2021,2000,199,0.00, ,0.00, ,26, ,13.4, ,79.3, ,39, ,52.4, ,5.0, ,307, ,91.2,R
47,Brentwood,San Francisco Bay,7/18/2021,2100,199,0.00, ,0.00, ,0, ,14.4, ,75.3, ,48, ,54.4, ,5.8, ,291, ,90.2,R
47,Brentwood,San Francisco Bay,7/18/2021,2200,199,0.00, ,0.00, ,0, ,14.3, ,73.9, ,50, ,54.2, ,3.8, ,316, ,89.1,R
47,Brentwood,San Francisco Bay,7/18/2021,2300,199,0.00, ,0.00, ,0, ,14.3, ,70.7, ,56, ,54.1, ,3.6, ,328, ,87.9,R
47,Brentwood,San Francisco Bay,7/18/2021,2400,199,0.00, ,0.00, ,0, ,14.6, ,68.7, ,61, ,54.7, ,4.6, ,287, ,86.8,R
47,Brentwood,San Francisco Bay,7/19/2021,0100,200,0.00, ,0.00, ,0, ,15.1, ,66.9, ,67, ,55.6, ,2.4, ,298, ,85.8,R
47,Brentwood,San Francisco Bay,7/19/2021,0200,200,0.00, ,0.00, ,0, ,15.1, ,65.3, ,71, ,55.7, ,3.1, ,340, ,84.7,R
47,Brentwood,San Francisco Bay,7/19/2021,0300,200,0.00, ,0.00, ,0, ,15.3, ,64.4, ,74, ,56.0, ,2.6, ,350, ,83.7,R
47,Brentwood,San Francisco Bay,7/19/2021,0400,200,0.00, ,0.00, ,0, ,16.9, ,62.8, ,86, ,58.7, ,2.5, ,328, ,82.8,R
47,Brentwood,San Francisco Bay,7/19/2021,0500,200,0.00, ,0.00, ,1, ,18.1, ,61.2, ,98, ,60.7, ,3.1, ,313, ,81.9,Y
47,Brentwood,San Francisco Bay,7/19/2021,0600,200,0.00, ,0.00, ,70, ,18.9, ,62.2, ,99, ,61.9, ,4.0, ,305, ,81.1,Y
47,Brentwood,San Francisco Bay,7/19/2021,0700,200,0.00, ,0.00, ,381, ,19.5, ,66.8, ,87, ,62.8, ,4.2, ,292, ,80.4,Y
47,Brentwood,San Francisco Bay,7/19/2021,0800,200,0.01, ,0.00, ,732, ,18.7, ,72.4, ,69, ,61.6, ,3.4, ,308, ,80.0,Y
47,Brentwood,San Francisco Bay,7/19/2021,0900,200,0.02, ,0.00, ,1216, ,16.3, ,77.7, ,50, ,57.8, ,2.6, ,34, ,80.1,Y
47,Brentwood,San Francisco Bay,7/19/2021,1000,200,0.01, ,0.00, ,904, ,16.2, ,81.4, ,44, ,57.6, ,2.4, ,316, ,81.0,Y
47,Brentwood,San Francisco Bay,7/19/2021,1100,200,0.02, ,0.00, ,1337, ,17.6, ,83.9, ,44, ,59.9, ,5.1, ,322, ,82.6,Y
47,Brentwood,San Francisco Bay,7/19/2021,1200,200,0.03, ,0.00, ,1685, ,15.2, ,89.4, ,32, ,55.7, ,5.6, ,352, ,84.0,Y
47,Brentwood,San Francisco Bay,7/19/2021,1300,200,0.03, ,0.00, ,1848, ,14.4, ,92.3, ,28, ,54.4, ,5.9, ,328, ,85.8,Y
47,Brentwood,San Francisco Bay,7/19/2021,1400,200,0.03, ,0.00, ,1768, ,14.1, ,93.9, ,26, ,53.7, ,7.2, ,341, ,87.6,Y
47,Brentwood,San Francisco Bay,7/19/2021,1500,200,0.03, ,0.00, ,1595, ,15.2, ,94.0, ,28, ,55.7, ,7.9, ,323, ,89.1,Y
47,Brentwood,San Francisco Bay,7/19/2021,1600,200,0.02, ,0.00, ,1044, ,15.5, ,94.2, ,28, ,56.3, ,5.9, ,315, ,90.2,R
47,Brentwood,San Francisco Bay,7/19/2021,1700,200,0.02, ,0.00, ,911, ,9.9, ,95.5, ,17, ,44.3, ,8.3, ,215, ,91.1,R
47,Brentwood,San Francisco Bay,7/19/2021,1800,200,0.01, ,0.00, ,544, ,10.8, ,92.3, ,21, ,46.5, ,7.0, ,265, ,91.3,R
47,Brentwood,San Francisco Bay,7/19/2021,1900,200,0.01, ,0.00, ,227, ,12.8, ,86.4, ,30, ,51.1, ,6.2, ,298, ,91.0,R
47,Brentwood,San Francisco Bay,7/19/2021,2000,200,0.00, ,0.00, ,20, ,13.7, ,79.4, ,40, ,53.0, ,8.1, ,285, ,90.6,R
47,Brentwood,San Francisco Bay,7/19/2021,2100,200,0.00, ,0.00, ,0, ,12.2, ,77.7, ,38, ,49.9, ,3.8, ,249, ,89.9,R
47,Brentwood,San Francisco Bay,7/19/2021,2200,200,0.00, ,0.00, ,0, ,11.3, ,75.4, ,38, ,47.8, ,3.0, ,203, ,88.9,R
47,Brentwood,San Francisco Bay,7/19/2021,2300,200,0.00, ,0.00, ,0, ,10.1, ,75.5, ,33, ,44.8, ,3.6, ,244, ,87.8,R
47,Brentwood,San Francisco Bay,7/19/2021,2400,200,0.00, ,0.00, ,0, ,14.0, ,66.6, ,63, ,53.5, ,3.8, ,2, ,86.6,R
47,Brentwood,San Francisco Bay,7/20/2021,0100,201,0.00, ,0.00, ,0, ,14.5, ,63.6, ,72, ,54.5, ,3.9, ,335, ,85.6,R
47,Brentwood,San Francisco Bay,7/20/2021,0200,201,0.00, ,0.00, ,0, ,17.2, ,60.9, ,94, ,59.3, ,2.5, ,23, ,84.7,R
47,Brentwood,San Francisco Bay,7/20/2021,0300,201,0.00, ,0.00, ,0, ,17.3, ,59.6, ,99, ,59.4, ,2.3, ,331, ,83.6,R
47,Brentwood,San Francisco Bay,7/20/2021,0400,201,0.00, ,0.00, ,0, ,16.9, ,58.9, ,99, ,58.7, ,1.8, ,58, ,82.6,Y
47,Brentwood,San Francisco Bay,7/20/2021,0500,201,0.00, ,0.00, ,3, ,15.7, ,56.9, ,99, ,56.7, ,1.5, ,25, ,81.6,Y
47,Brentwood,San Francisco Bay,7/20/2021,0600,201,0.00, ,0.00, ,120, ,16.5, ,58.3, ,99, ,58.1, ,2.3, ,179, ,80.6,Y
47,Brentwood,San Francisco Bay,7/20/2021,0700,201,0.01, ,0.00, ,440, ,18.7, ,66.8, ,83, ,61.7, ,2.6, ,334, ,79.7,Y
47,Brentwood,San Francisco Bay,7/20/2021,0800,201,0.01, ,0.00, ,845, ,16.1, ,70.4, ,63, ,57.3, ,2.6, ,68, ,79.1,Y
47,Brentwood,San Francisco Bay,7/20/2021,0900,201,0.02, ,0.00, ,1231, ,15.4, ,74.3, ,53, ,56.1, ,3.8, ,63, ,79.2,Y
47,Brentwood,San Francisco Bay,7/20/2021,1000,201,0.02, ,0.00, ,1544, ,14.2, ,80.5, ,40, ,54.0, ,3.0, ,338, ,80.1,Y
47,Brentwood,San Francisco Bay,7/20/2021,1100,201,0.03, ,0.00, ,1761, ,15.6, ,84.1, ,39, ,56.5, ,4.7, ,39, ,81.7,Y
47,Brentwood,San Francisco Bay,7/20/2021,1200,201,0.03, ,0.00, ,1892, ,15.1, ,85.8, ,36, ,55.6, ,5.5, ,52, ,83.7,Y
47,Brentwood,San Francisco Bay,7/20/2021,1300,201,0.03, ,0.00, ,1912, ,14.6, ,88.9, ,31, ,54.7, ,4.8, ,41, ,85.9,R
47,Brentwood,San Francisco Bay,7/20/2021,1400,201,0.03, ,0.00, ,1832, ,14.4, ,91.7, ,28, ,54.3, ,4.2, ,35, ,88.1,R
47,Brentwood,San Francisco Bay,7/20/2021,1500,201,0.03, ,0.00, ,1644, ,12.7, ,94.2, ,23, ,50.9, ,4.3, ,202, ,90.0,R
47,Brentwood,San Francisco Bay,7/20/2021,1600,201,0.03, ,0.00, ,1387, ,11.5, ,93.9, ,21, ,48.2, ,8.5, ,256, ,91.5,R
47,Brentwood,San Francisco Bay,7/20/2021,1700,201,0.02, ,0.00, ,1050, ,11.2, ,93.2, ,21, ,47.6, ,8.3, ,219, ,92.1,R
47,Brentwood,San Francisco Bay,7/20/2021,1800,201,0.02, ,0.00, ,643, ,11.1, ,90.4, ,23, ,47.3, ,8.9, ,224, ,92.2,R
47,Brentwood,San Francisco Bay,7/20/2021,1900,201,0.01, ,0.00, ,256, ,9.9, ,86.5, ,23, ,44.2, ,9.2, ,220, ,91.9,R
47,Brentwood,San Francisco Bay,7/20/2021,2000,201,0.01, ,0.00, ,23, ,9.2, ,80.4, ,26, ,42.4, ,10.7, ,198, ,91.3,R
47,Brentwood,San Francisco Bay,7/20/2021,2100,201,0.00, ,0.00, ,0, ,10.5, ,73.6, ,37, ,45.9, ,5.1, ,146, ,,S
47,Brentwood,San Francisco Bay,7/20/2021,2200,201,0.00, ,0.00, ,0, ,10.8, ,70.7, ,42, ,46.6, ,4.3, ,153, ,,S
47,Brentwood,San Francisco Bay,7/20/2021,2300,201,0.00, ,0.00, ,0, ,11.7, ,67.9, ,50, ,48.7, ,5.3, ,164, ,88.2,R
47,Brentwood,San Francisco Bay,7/20/2021,2400,201,0.00, ,0.00, ,0, ,11.8, ,66.2, ,54, ,48.9, ,4.4, ,153, ,86.9,R
47,Brentwood,San Francisco Bay,7/21/2021,0100,202,0.00, ,0.00, ,0, ,11.3, ,67.0, ,50, ,47.7, ,4.4, ,176, ,85.7,R
47,Brentwood,San Francisco Bay,7/21/2021,0200,202,0.00, ,0.00, ,0, ,11.2, ,64.3, ,54, ,47.4, ,2.3, ,235, ,84.6,R
47,Brentwood,San Francisco Bay,7/21/2021,0300,202,0.00, ,0.00, ,0, ,11.5, ,58.9, ,68, ,48.2, ,1.8, ,302, ,83.5,R
47,Brentwood,San Francisco Bay,7/21/2021,0400,202,0.00, ,0.00, ,1, ,12.1, ,57.1, ,76, ,49.6, ,1.9, ,332, ,82.4,Y
47,Brentwood,San Francisco Bay,7/21/2021,0500,202,0.00, ,0.00, ,3, ,15.5, ,56.6, ,99, ,56.4, ,2.0, ,5, ,81.2,Y
47,Brentwood,San Francisco Bay,7/21/2021,0600,202,0.00, ,0.00, ,120, ,17.0, ,59.5, ,98, ,58.9, ,1.9, ,15, ,80.2,Y
47,Brentwood,San Francisco Bay,7/21/2021,0700,202,0.01, ,0.00, ,449, ,19.6, ,65.6, ,91, ,62.9, ,3.5, ,50, ,79.2,Y
47,Brentwood,San Francisco Bay,7/21/2021,0800,202,0.01, ,0.00, ,855, ,14.7, ,73.0, ,53, ,55.0, ,3.4, ,22, ,78.6,Y
47,Brentwood,San Francisco Bay,7/21/2021,0900,202,0.02, ,0.00, ,1232, ,13.4, ,76.4, ,43, ,52.4, ,2.8, ,50, ,78.7,Y
47,Brentwood,San Francisco Bay,7/21/2021,1000,202,0.02, ,0.00, ,1538, ,13.0, ,80.8, ,36, ,51.4, ,3.1, ,295, ,79.7,Y
47,Brentwood,San Francisco Bay,7/21/2021,1100,202,0.03, ,0.00, ,1761, ,12.6, ,83.8, ,32, ,50.8, ,3.3, ,30, ,81.4,Y
47,Brentwood,San Francisco Bay,7/21/2021,1200,202,0.03, ,0.00, ,1892, ,13.1, ,87.7, ,29, ,51.7, ,4.8, ,314, ,83.5,Y
47,Brentwood,San Francisco Bay,7/21/2021,1300,202,0.03, ,0.00, ,1916, ,14.2, ,89.8, ,30, ,53.9, ,6.3, ,320, ,85.6,Y
47,Brentwood,San Francisco Bay,7/21/2021,1400,202,0.03, ,0.00, ,1836, ,14.7, ,91.0, ,30, ,54.9, ,7.6, ,323, ,87.5,Y
47,Brentwood,San Francisco Bay,7/21/2021,1500,202,0.03, ,0.00, ,1654, ,13.3, ,93.5, ,25, ,52.2, ,6.7, ,312, ,89.1,Y
47,Brentwood,San Francisco Bay,7/21/2021,1600,202,0.03, ,0.00, ,1390, ,11.6, ,95.0, ,21, ,48.4, ,6.5, ,12, ,90.3,R
47,Brentwood,San Francisco Bay,7/21/2021,1700,202,0.02, ,0.00, ,1061, ,5.3, ,95.1, ,9, ,28.3, ,7.6, ,238, ,91.2,R
47,Brentwood,San Francisco Bay,7/21/2021,1800,202,0.02, ,0.00, ,650, ,5.4, ,92.3, ,10, ,28.8, ,8.6, ,225, ,91.3,R
47,Brentwood,San Francisco Bay,7/21/2021,1900,202,0.01, ,0.00, ,252, ,7.1, ,87.1, ,16, ,35.6, ,6.9, ,227, ,91.0,R
47,Brentwood,San Francisco Bay,7/21/2021,2000,202,0.00, ,0.00, ,21, ,9.4, ,78.9, ,28, ,42.8, ,4.1, ,158, ,90.4,R
47,Brentwood,San Francisco Bay,7/21/2021,2100,202,0.00, ,0.00, ,0, ,8.6, ,74.2, ,30, ,40.7, ,5.2, ,179, ,89.4,R
47,Brentwood,San Francisco Bay,7/21/2021,2200,202,0.00, ,0.00, ,0, ,9.4, ,71.2, ,36, ,42.8, ,6.6, ,178, ,88.4,R
47,Brentwood,San Francisco Bay,7/21/2021,2300,202,0.00, ,0.00, ,0, ,9.5, ,69.5, ,39, ,43.2, ,3.2, ,271, ,87.3,R
47,Brentwood,San Francisco Bay,7/21/2021,2400,202,0.00, ,0.00, ,0, ,11.3, ,62.6, ,58, ,47.8, ,2.2, ,336, ,86.1,R
47,Brentwood,San Francisco Bay,7/22/2021,0100,203,0.00, ,0.00, ,0, ,12.5, ,61.0, ,68, ,50.4, ,2.4, ,341, ,84.9,R
47,Brentwood,San Francisco Bay,7/22/2021,0200,203,0.00, ,0.00, ,0, ,13.7, ,59.5, ,79, ,53.0, ,3.2, ,308, ,83.7,Y
47,Brentwood,San Francisco Bay,7/22/2021,0300,203,0.00, ,0.00, ,0, ,15.1, ,59.2, ,88, ,55.6, ,1.9, ,268, ,82.5,Y
47,Brentwood,San Francisco Bay,7/22/2021,0400,203,0.00, ,0.00, ,2, ,14.5, ,58.8, ,86, ,54.6, ,2.1, ,262, ,81.5,Y
47,Brentwood,San Francisco Bay,7/22/2021,0500,203,0.00, ,0.00, ,3, ,15.1, ,56.2, ,98, ,55.6, ,1.9, ,62, ,80.5,Y
47,Brentwood,San Francisco Bay,7/22/2021,0600,203,0.00, ,0.00, ,111, ,16.3, ,58.0, ,99, ,57.7, ,1.5, ,185, ,79.6,Y
47,Brentwood,San Francisco Bay,7/22/2021,0700,203,0.01, ,0.00, ,438, ,15.4, ,67.7, ,67, ,56.2, ,2.6, ,1, ,78.7,Y
47,Brentwood,San Francisco Bay,7/22/2021,0800,203,0.01, ,0.00, ,844, ,14.7, ,73.1, ,53, ,54.8, ,3.2, ,310, ,78.2,Y
47,Brentwood,San Francisco Bay,7/22/2021,0900,203,0.02, ,0.00, ,1232, ,14.3, ,77.5, ,44, ,54.2, ,4.0, ,319, ,78.5,Y
47,Brentwood,San Francisco Bay,7/22/2021,1000,203,0.02, ,0.00, ,1542, ,14.6, ,82.3, ,39, ,54.7, ,3.9, ,337, ,79.5,Y
47,Brentwood,San Francisco Bay,7/22/2021,1100,203,0.03, ,0.00, ,1766, ,14.3, ,85.4, ,34, ,54.1, ,3.5, ,333, ,81.1,Y
47,Brentwood,San Francisco Bay,7/22/2021,1200,203,0.03, ,0.00, ,1896, ,14.7, ,88.0, ,33, ,54.9, ,5.7, ,321, ,83.2,Y
47,Brentwood,San Francisco Bay,7/22/2021,1300,203,0.03, ,0.00, ,1925, ,14.8, ,89.3, ,31, ,55.1, ,6.7, ,309, ,85.3,Y
47,Brentwood,San Francisco Bay,7/22/2021,1400,203,0.03, ,0.00, ,1848, ,14.9, ,91.9, ,29, ,55.3, ,6.2, ,324, ,87.2,Y
47,Brentwood,San Francisco Bay,7/22/2021,1500,203,0.03, ,0.00, ,1666, ,14.5, ,94.3, ,26, ,54.5, ,5.7, ,333, ,89.0,Y
47,Brentwood,San Francisco Bay,7/22/2021,1600,203,0.02, ,0.00, ,1390, ,13.2, ,94.6, ,24, ,52.0, ,3.8, ,40, ,90.5,R
47,Brentwood,San Francisco Bay,7/22/2021,1700,203,0.02, ,0.00, ,1071, ,9.8, ,94.6, ,18, ,44.0, ,6.5, ,275, ,91.3,R
47,Brentwood,San Francisco Bay,7/22/2021,1800,203,0.01, ,0.00, ,654, ,12.6, ,89.8, ,26, ,50.8, ,7.1, ,302, ,91.5,R
47,Brentwood,San Francisco Bay,7/22/2021,1900,203,0.01, ,0.00, ,260, ,9.6, ,85.9, ,23, ,43.4, ,8.3, ,238, ,91.3,R
47,Brentwood,San Francisco Bay,7/22/2021,2000,203,0.00, ,0.00, ,22, ,9.1, ,78.9, ,27, ,42.1, ,4.1, ,183, ,90.7,R
47,Brentwood,San Francisco Bay,7/22/2021,2100,203,0.00, ,0.00, ,0, ,10.3, ,73.8, ,36, ,45.2, ,3.8, ,202, ,89.8,R
47,Brentwood,San Francisco Bay,7/22/2021,2200,203,0.00, ,0.00, ,0, ,12.9, ,67.9, ,55, ,51.3, ,2.2, ,256, ,88.6,R
47,Brentwood,San Francisco Bay,7/22/2021,2300,203,0.00, ,0.00, ,0, ,14.0, ,62.2, ,73, ,53.5, ,2.7, ,49, ,87.2,R
47,Brentwood,San Francisco Bay,7/22/2021,2400,203,0.00, ,0.00, ,0, ,13.0, ,60.7, ,72, ,51.5, ,2.1, ,329, ,85.8,R
47,Brentwood,San Francisco Bay,7/23/2021,0100,204,0.00, ,0.00, ,0, ,12.8, ,59.1, ,75, ,51.0, ,2.5, ,299, ,84.5,R
47,Brentwood,San Francisco Bay,7/23/2021,0200,204,0.00, ,0.00, ,1, ,15.8, ,57.4, ,98, ,56.9, ,2.6, ,315, ,83.2,Y
47,Brentwood,San Francisco Bay,7/23/2021,0300,204,0.00, ,0.00, ,1, ,15.8, ,57.2, ,99, ,56.9, ,1.7, ,94, ,82.0,Y
47,Brentwood,San Francisco Bay,7/23/2021,0400,204,0.00, ,0.00, ,0, ,15.2, ,56.1, ,99, ,55.8, ,2.9, ,285, ,80.9,Y
47,Brentwood,San Francisco Bay,7/23/2021,0500,204,0.00, ,0.00, ,3, ,15.4, ,56.5, ,99, ,56.2, ,2.2, ,196, ,79.9,Y
47,Brentwood,San Francisco Bay,7/23/2021,0600,204,0.00, ,0.00, ,108, ,15.9, ,57.2, ,99, ,57.0, ,2.7, ,271, ,79.0,Y
47,Brentwood,San Francisco Bay,7/23/2021,0700,204,0.00, ,0.00, ,441, ,19.3, ,64.1, ,94, ,62.4, ,4.8, ,303, ,78.3,Y
47,Brentwood,San Francisco Bay,7/23/2021,0800,204,0.01, ,0.00, ,856, ,19.2, ,69.8, ,77, ,62.4, ,5.6, ,308, ,78.0,Y
47,Brentwood,San Francisco Bay,7/23/2021,0900,204,0.02, ,0.00, ,1244, ,19.2, ,74.3, ,66, ,62.3, ,6.2, ,309, ,78.3,Y
47,Brentwood,San Francisco Bay,7/23/2021,1000,204,0.02, ,0.00, ,1547, ,17.3, ,81.1, ,48, ,59.4, ,5.3, ,308, ,79.1,Y
47,Brentwood,San Francisco Bay,7/23/2021,1100,204,0.03, ,0.00, ,1766, ,13.3, ,85.7, ,32, ,52.2, ,5.6, ,302, ,80.5,Y
47,Brentwood,San Francisco Bay,7/23/2021,1200,204,0.03, ,0.00, ,1887, ,12.6, ,90.1, ,26, ,50.8, ,4.7, ,323, ,82.3,Y
47,Brentwood,San Francisco Bay,7/23/2021,1300,204,0.03, ,0.00, ,1908, ,12.2, ,92.7, ,23, ,49.9, ,4.8, ,338, ,84.6,Y
47,Brentwood,San Francisco Bay,7/23/2021,1400,204,0.03, ,0.00, ,1817, ,11.2, ,96.0, ,19, ,47.6, ,5.0, ,359, ,86.8,Y
47,Brentwood,San Francisco Bay,7/23/2021,1500,204,0.03, ,0.00, ,1638, ,10.9, ,97.8, ,18, ,46.7, ,6.0, ,352, ,88.8,Y
47,Brentwood,San Francisco Bay,7/23/2021,1600,204,0.03, ,0.00, ,1364, ,12.7, ,96.6, ,22, ,51.0, ,6.8, ,313, ,90.3,R
47,Brentwood,San Francisco Bay,7/23/2021,1700,204,0.02, ,0.00, ,1009, ,13.6, ,92.7, ,26, ,52.8, ,8.8, ,319, ,91.0,R
47,Brentwood,San Francisco Bay,7/23/2021,1800,204,0.01, ,0.00, ,616, ,15.1, ,90.3, ,31, ,55.6, ,6.3, ,310, ,91.1,R
47,Brentwood,San Francisco Bay,7/23/2021,1900,204,0.01, ,0.00, ,234, ,12.9, ,87.7, ,29, ,51.4, ,4.7, ,303, ,91.0,R
47,Brentwood,San Francisco Bay,7/23/2021,2000,204,0.00, ,0.00, ,19, ,12.5, ,77.9, ,38, ,50.5, ,5.7, ,307, ,90.5,R
47,Brentwood,San Francisco Bay,7/23/2021,2100,204,0.00, ,0.00, ,0, ,10.3, ,74.2, ,36, ,45.4, ,4.2, ,290, ,89.7,R
47,Brentwood,San Francisco Bay,7/23/2021,2200,204,0.00, ,0.00, ,0, ,9.6, ,72.6, ,35, ,43.6, ,2.2, ,114, ,88.6,R
47,Brentwood,San Francisco Bay,7/23/2021,2300,204,0.00, ,0.00, ,0, ,10.7, ,68.8, ,44, ,46.2, ,2.4, ,274, ,87.3,R
47,Brentwood,San Francisco Bay,7/23/2021,2400,204,0.00, ,0.00, ,0, ,12.2, ,65.7, ,57, ,49.8, ,2.3, ,3, ,86.0,R
47,Brentwood,San Francisco Bay,7/24/2021,0100,205,0.00, ,0.00, ,0, ,13.5, ,62.5, ,70, ,52.5, ,3.4, ,353, ,84.7,R
47,Brentwood,San Francisco Bay,7/24/2021,0200,205,0.00, ,0.00, ,0, ,15.9, ,61.3, ,86, ,57.1, ,4.2, ,288, ,83.6,Y
47,Brentwood,San Francisco Bay,7/24/2021,0300,205,0.00, ,0.00, ,0, ,17.3, ,60.2, ,97, ,59.4, ,3.6, ,340, ,82.7,Y
47,Brentwood,San Francisco Bay,7/24/2021,0400,205,0.00, ,0.00, ,0, ,17.1, ,59.3, ,99, ,59.0, ,3.5, ,292, ,81.8,Y
47,Brentwood,San Francisco Bay,7/24/2021,0500,205,0.00, ,0.00, ,3, ,16.3, ,58.0, ,99, ,57.8, ,2.4, ,3, ,80.9,Y
47,Brentwood,San Francisco Bay,7/24/2021,0600,205,0.00, ,0.00, ,82, ,17.1, ,59.3, ,99, ,59.1, ,2.2, ,356, ,80.1,Y
47,Brentwood,San Francisco Bay,7/24/2021,0700,205,0.00, ,0.00, ,403, ,19.6, ,65.7, ,90, ,62.9, ,3.5, ,315, ,79.3,Y
47,Brentwood,San Francisco Bay,7/24/2021,0800,205,0.01, ,0.00, ,809, ,18.9, ,70.1, ,75, ,61.9, ,2.2, ,6, ,78.9,Y
47,Brentwood,San Francisco Bay,7/24/2021,0900,205,0.02, ,0.00, ,1195, ,17.4, ,76.1, ,57, ,59.6, ,2.8, ,322, ,79.0,Y
47,Brentwood,San Francisco Bay,7/24/2021,1000,205,0.02, ,0.00, ,1511, ,15.5, ,80.3, ,44, ,56.3, ,4.5, ,32, ,79.9,Y
47,Brentwood,San Francisco Bay,7/24/2021,1100,205,0.03, ,0.00, ,1737, ,16.6, ,83.7, ,42, ,58.3, ,5.6, ,352, ,81.4,Y
47,Brentwood,San Francisco Bay,7/24/2021,1200,205,0.03, ,0.00, ,1863, ,16.8, ,88.5, ,37, ,58.5, ,5.2, ,344, ,83.2,Y
47,Brentwood,San Francisco Bay,7/24/2021,1300,205,0.03, ,0.00, ,1879, ,15.8, ,92.0, ,31, ,56.9, ,5.9, ,319, ,85.3,Y
47,Brentwood,San Francisco Bay,7/24/2021,1400,205,0.03, ,0.00, ,1807, ,15.8, ,94.1, ,29, ,56.9, ,6.6, ,311, ,87.2,Y
47,Brentwood,San Francisco Bay,7/24/2021,1500,205,0.03, ,0.00, ,1629, ,15.3, ,94.0, ,28, ,56.0, ,8.2, ,312, ,88.9,Y
47,Brentwood,San Francisco Bay,7/24/2021,1600,205,0.02, ,0.00, ,1353, ,14.8, ,95.3, ,26, ,55.1, ,6.7, ,322, ,90.1,R
47,Brentwood,San Francisco Bay,7/24/2021,1700,205,0.02, ,0.00, ,1012, ,15.0, ,95.2, ,26, ,55.4, ,6.8, ,308, ,90.9,R
47,Brentwood,San Francisco Bay,7/24/2021,1800,205,0.01, ,0.00, ,598, ,14.4, ,91.0, ,29, ,54.4, ,7.5, ,310, ,91.0,R
47,Brentwood,San Francisco Bay,7/24/2021,1900,205,0.01, ,0.00, ,217, ,14.0, ,84.4, ,35, ,53.6, ,6.5, ,310, ,90.9,R
47,Brentwood,San Francisco Bay,7/24/2021,2000,205,0.00, ,0.00, ,16, ,13.6, ,76.6, ,43, ,52.7, ,5.0, ,302, ,90.5,R
47,Brentwood,San Francisco Bay,7/24/2021,2100,205,0.00, ,0.00, ,0, ,11.2, ,74.7, ,38, ,47.4, ,4.8, ,284, ,89.7,R
47,Brentwood,San Francisco Bay,7/24/2021,2200,205,0.00, ,0.00, ,0, ,8.7, ,73.8, ,30, ,40.9, ,4.6, ,293, ,88.6,R
47,Brentwood,San Francisco Bay,7/24/2021,2300,205,0.00, ,0.00, ,0, ,9.2, ,71.3, ,35, ,42.2, ,3.8, ,312, ,87.4,R
47,Brentwood,San Francisco Bay,7/24/2021,2400,205,0.00, ,0.00, ,0, ,11.2, ,67.9, ,48, ,47.5, ,3.0, ,68, ,86.2,R
47,Brentwood,San Francisco Bay,7/25/2021,0100,206,0.00, ,0.00, ,0, ,12.9, ,65.0, ,61, ,51.2, ,2.0, ,101, ,85.0,R
47,Brentwood,San Francisco Bay,7/25/2021,0200,206,0.00, ,0.00, ,0, ,13.0, ,63.7, ,64, ,51.4, ,1.8, ,77, ,84.0,R
47,Brentwood,San Francisco Bay,7/25/2021,0300,206,0.00, ,0.00, ,0, ,14.0, ,60.9, ,77, ,53.6, ,2.5, ,4, ,83.0,Y
47,Brentwood,San Francisco Bay,7/25/2021,0400,206,0.00, ,0.00, ,0, ,15.8, ,60.4, ,88, ,56.8, ,2.9, ,331, ,82.0,Y
47,Brentwood,San Francisco Bay,7/25/2021,0500,206,0.00, ,0.00, ,2, ,16.5, ,58.4, ,99, ,58.1, ,2.9, ,308, ,81.1,Y
47,Brentwood,San Francisco Bay,7/25/2021,0600,206,0.00, ,0.00, ,67, ,17.0, ,59.6, ,98, ,59.0, ,3.9, ,280, ,80.3,Y
47,Brentwood,San Francisco Bay,7/25/2021,0700,206,0.00, ,0.00, ,376, ,17.5, ,66.4, ,79, ,59.6, ,2.9, ,344, ,79.6,Y
47,Brentwood,San Francisco Bay,7/25/2021,0800,206,0.01, ,0.00, ,782, ,15.1, ,71.9, ,57, ,55.6, ,3.5, ,332, ,79.2,Y
47,Brentwood,San Francisco Bay,7/25/2021,0900,206,0.02, ,0.00, ,1176, ,14.2, ,76.2, ,46, ,54.0, ,3.2, ,5, ,79.3,Y
47,Brentwood,San Francisco Bay,7/25/2021,1000,206,0.02, ,0.00, ,1406, ,14.3, ,80.1, ,41, ,54.1, ,2.7, ,43, ,80.1,Y
47,Brentwood,San Francisco Bay,7/25/2021,1100,206,0.03, ,0.00, ,1708, ,15.8, ,84.3, ,39, ,56.9, ,5.8, ,317, ,81.6,Y
47,Brentwood,San Francisco Bay,7/25/2021,1200,206,0.03, ,0.00, ,1658, ,15.6, ,87.3, ,35, ,56.6, ,6.0, ,318, ,83.4,Y
47,Brentwood,San Francisco Bay,7/25/2021,1300,206,0.03, ,0.00, ,1836, ,15.8, ,92.1, ,31, ,56.9, ,5.8, ,322, ,85.2,Y
47,Brentwood,San Francisco Bay,7/25/2021,1400,206,0.03, ,0.00, ,1747, ,14.6, ,95.8, ,25, ,54.7, ,6.4, ,322, ,87.0,Y
47,Brentwood,San Francisco Bay,7/25/2021,1500,206,0.03, ,0.00, ,1456, ,11.6, ,95.1, ,21, ,48.4, ,9.4, ,305, ,88.6,Y
47,Brentwood,San Francisco Bay,7/25/2021,1600,206,0.03, ,0.00, ,1089, ,9.4, ,93.8, ,17, ,42.9, ,11.2, ,291, ,89.7,Y
47,Brentwood,San Francisco Bay,7/25/2021,1700,206,0.02, ,0.00, ,873, ,8.9, ,92.5, ,17, ,41.6, ,11.5, ,290, ,90.3,Y
47,Brentwood,San Francisco Bay,7/25/2021,1800,206,0.02, ,0.00, ,488, ,6.1, ,91.4, ,12, ,32.0, ,9.8, ,279, ,90.5,R
47,Brentwood,San Francisco Bay,7/25/2021,1900,206,0.01, ,0.00, ,173, ,6.7, ,88.6, ,15, ,34.3, ,5.9, ,255, ,90.4,R
47,Brentwood,San Francisco Bay,7/25/2021,2000,206,0.00, ,0.00, ,11, ,8.7, ,82.4, ,23, ,40.8, ,4.0, ,260, ,90.0,R
47,Brentwood,San Francisco Bay,7/25/2021,2100,206,0.00, ,0.00, ,0, ,8.7, ,76.6, ,28, ,41.0, ,3.0, ,307, ,89.2,R
47,Brentwood,San Francisco Bay,7/25/2021,2200,206,0.01, ,0.00, ,0, ,5.4, ,79.5, ,16, ,28.8, ,6.3, ,251, ,88.2,R
47,Brentwood,San Francisco Bay,7/25/2021,2300,206,0.00, ,0.00, ,0, ,6.3, ,76.9, ,20, ,32.9, ,5.5, ,266, ,87.1,R
47,Brentwood,San Francisco Bay,7/25/2021,2400,206,0.00, ,0.00, ,0, ,9.6, ,69.7, ,39, ,43.5, ,5.2, ,314, ,86.2,R
47,Brentwood,San Francisco Bay,7/26/2021,0100,207,0.00, ,0.00, ,0, ,10.9, ,66.4, ,49, ,46.8, ,2.9, ,348, ,85.3,R
47,Brentwood,San Francisco Bay,7/26/2021,0200,207,0.00, ,0.00, ,0, ,11.7, ,65.2, ,55, ,48.8, ,3.3, ,4, ,84.4,R
47,Brentwood,San Francisco Bay,7/26/2021,0300,207,0.00, ,0.00, ,0, ,12.9, ,61.4, ,69, ,51.3, ,2.2, ,35, ,83.5,R
47,Brentwood,San Francisco Bay,7/26/2021,0400,207,0.00, ,0.00, ,0, ,13.6, ,60.0, ,77, ,52.7, ,4.1, ,310, ,82.7,R
47,Brentwood,San Francisco Bay,7/26/2021,0500,207,0.00, ,0.00, ,1, ,15.0, ,60.0, ,85, ,55.5, ,4.2, ,310, ,81.9,Y
47,Brentwood,San Francisco Bay,7/26/2021,0600,207,0.00, ,0.00, ,34, ,17.3, ,60.6, ,96, ,59.4, ,3.6, ,276, ,81.2,Y
47,Brentwood,San Francisco Bay,7/26/2021,0700,207,0.00, ,0.00, ,288, ,17.3, ,63.6, ,86, ,59.5, ,4.0, ,28, ,80.5,Y
47,Brentwood,San Francisco Bay,7/26/2021,0800,207,0.00, ,0.00, ,378, ,17.5, ,66.8, ,78, ,59.6, ,3.5, ,326, ,80.0,Y
47,Brentwood,San Francisco Bay,7/26/2021,0900,207,0.01, ,0.00, ,452, ,14.4, ,69.1, ,59, ,54.3, ,2.5, ,358, ,79.8,Y
47,Brentwood,San Francisco Bay,7/26/2021,1000,207,0.01, ,0.00, ,651, ,14.1, ,72.3, ,52, ,53.7, ,2.3, ,353, ,79.9,Y
47,Brentwood,San Francisco Bay,7/26/2021,1100,207,0.02, ,0.00, ,1132, ,15.4, ,75.1, ,52, ,56.2, ,3.7, ,28, ,80.3,Y
47,Brentwood,San Francisco Bay,7/26/2021,1200,207,0.01, ,0.00, ,978, ,15.6, ,76.4, ,50, ,56.5, ,5.4, ,18, ,81.0,Y
47,Brentwood,San Francisco Bay,7/26/2021,1300,207,0.03, ,0.00, ,1852, ,16.2, ,81.8, ,44, ,57.6, ,6.0, ,333, ,82.0, 
47,Brentwood,San Francisco Bay,7/26/2021,1400,207,0.03, ,0.00, ,1745, ,16.4, ,83.9, ,41, ,57.9, ,7.2, ,318, ,83.2, 
47,Brentwood,San Francisco Bay,7/26/2021,1500,207,0.03, ,0.00, ,1545, ,16.1, ,85.4, ,39, ,57.3, ,7.2, ,334, ,84.6, 
47,Brentwood,San Francisco Bay,7/26/2021,1600,207,0.02, ,0.00, ,1265, ,15.9, ,85.2, ,38, ,57.1, ,7.3, ,332, ,85.8,Y
47,Brentwood,San Francisco Bay,7/26/2021,1700,207,0.02, ,0.00, ,900, ,15.5, ,82.5, ,41, ,56.3, ,7.9, ,314, ,86.7,Y
47,Brentwood,San Francisco Bay,7/26/2021,1800,207,0.01, ,0.00, ,504, ,15.2, ,78.1, ,46, ,55.7, ,7.9, ,311, ,87.1,Y
47,Brentwood,San Francisco Bay,7/26/2021,1900,207,0.00, ,0.00, ,161, ,14.3, ,72.5, ,53, ,54.2, ,8.2, ,321, ,87.2,Y
47,Brentwood,San Francisco Bay,7/26/2021,2000,207,0.00, ,0.00, ,7, ,14.4, ,67.0, ,64, ,54.3, ,6.3, ,318, ,86.8,Y
47,Brentwood,San Francisco Bay,7/26/2021,2100,207,0.00, ,0.00, ,0, ,14.3, ,65.8, ,66, ,54.2, ,4.6, ,328, ,86.3,Y
47,Brentwood,San Francisco Bay,7/26/2021,2200,207,0.00, ,0.00, ,0, ,14.2, ,64.5, ,69, ,54.0, ,5.3, ,327, ,85.4,Y
47,Brentwood,San Francisco Bay,7/26/2021,2300,207,0.00, ,0.00, ,0, ,14.0, ,63.6, ,70, ,53.5, ,3.6, ,315, ,84.5,Y
47,Brentwood,San Francisco Bay,7/26/2021,2400,207,0.00, ,0.00, ,0, ,14.3, ,62.7, ,73, ,54.1, ,4.2, ,299, ,83.5,Y
47,Brentwood,San Francisco Bay,7/27/2021,0100,208,0.00, ,0.00, ,0, ,14.2, ,62.5, ,74, ,54.0, ,5.5, ,305, ,82.7,Y
47,Brentwood,San Francisco Bay,7/27/2021,0200,208,0.00, ,0.00, ,0, ,14.6, ,62.3, ,76, ,54.6, ,2.8, ,22, ,81.9,Y
47,Brentwood,San Francisco Bay,7/27/2021,0300,208,0.00, ,0.00, ,0, ,14.6, ,62.3, ,76, ,54.7, ,3.3, ,143, ,81.1,Y
47,Brentwood,San Francisco Bay,7/27/2021,0400,208,0.00, ,0.00, ,0, ,17.4, ,60.9, ,95, ,59.5, ,2.3, ,245, ,80.4,Y
47,Brentwood,San Francisco Bay,7/27/2021,0500,208,0.00, ,0.00, ,2, ,17.8, ,60.5, ,99, ,60.2, ,2.2, ,307, ,79.7,Y
47,Brentwood,San Francisco Bay,7/27/2021,0600,208,0.00, ,0.00, ,27, ,18.5, ,61.8, ,98, ,61.3, ,2.4, ,327, ,79.0,Y
47,Brentwood,San Francisco Bay,7/27/2021,0700,208,0.00, ,0.00, ,110, ,18.1, ,64.8, ,87, ,60.7, ,3.3, ,345, ,78.5,Y
47,Brentwood,San Francisco Bay,7/27/2021,0800,208,0.00, ,0.00, ,355, ,17.5, ,67.5, ,76, ,59.8, ,2.4, ,258, ,78.1,Y
47,Brentwood,San Francisco Bay,7/27/2021,0900,208,0.01, ,0.00, ,782, ,17.0, ,71.2, ,65, ,58.9, ,3.5, ,279, ,78.0,Y
47,Brentwood,San Francisco Bay,7/27/2021,1000,208,0.02, ,0.00, ,1137, ,13.3, ,77.6, ,41, ,52.2, ,3.5, ,288, ,78.3,Y
47,Brentwood,San Francisco Bay,7/27/2021,1100,208,0.03, ,0.00, ,1581, ,11.9, ,83.6, ,30, ,49.2, ,6.1, ,305, ,79.3,Y
47,Brentwood,San Francisco Bay,7/27/2021,1200,208,0.03, ,0.00, ,1854, ,9.7, ,87.6, ,22, ,43.8, ,7.4, ,310, ,80.7,Y
47,Brentwood,San Francisco Bay,7/27/2021,1300,208,0.03, ,0.00, ,1887, ,11.8, ,90.9, ,24, ,49.0, ,7.8, ,327, ,82.3,Y
47,Brentwood,San Francisco Bay,7/27/2021,1400,208,0.03, ,0.00, ,1728, ,12.6, ,92.2, ,24, ,50.7, ,8.4, ,330, ,83.9,Y
47,Brentwood,San Francisco Bay,7/27/2021,1500,208,0.03, ,0.00, ,1693, ,12.8, ,93.7, ,24, ,51.2, ,8.5, ,332, ,85.4,Y
47,Brentwood,San Francisco Bay,7/27/2021,1600,208,0.03, ,0.00, ,1358, ,12.9, ,93.5, ,24, ,51.4, ,8.8, ,333, ,86.7,Y
47,Brentwood,San Francisco Bay,7/27/2021,1700,208,0.02, ,0.00, ,998, ,10.9, ,93.2, ,20, ,46.7, ,9.8, ,338, ,87.3,Y
47,Brentwood,San Francisco Bay,7/27/2021,1800,208,0.01, ,0.00, ,586, ,12.2, ,91.0, ,25, ,49.9, ,8.4, ,332, ,87.6,Y
47,Brentwood,San Francisco Bay,7/27/2021,1900,208,0.01, ,0.00, ,204, ,13.5, ,86.9, ,31, ,52.5, ,6.8, ,327, ,87.7,Y
47,Brentwood,San Francisco Bay,7/27/2021,2000,208,0.00, ,0.00, ,9, ,14.2, ,81.2, ,39, ,53.8, ,5.4, ,307, ,87.6,Y
47,Brentwood,San Francisco Bay,7/27/2021,2100,208,0.00, ,0.00, ,0, ,13.7, ,79.9, ,39, ,53.0, ,5.2, ,318, ,87.2,Y
47,Brentwood,San Francisco Bay,7/27/2021,2200,208,0.00, ,0.00, ,0, ,14.1, ,74.8, ,48, ,53.7, ,3.5, ,307, ,86.4,R
47,Brentwood,San Francisco Bay,7/27/2021,2300,208,0.00, ,0.00, ,0, ,14.2, ,72.5, ,52, ,54.0, ,3.9, ,263, ,85.5,Y
47,Brentwood,San Francisco Bay,7/27/2021,2400,208,0.00, ,0.00, ,0, ,13.2, ,73.3, ,47, ,51.9, ,3.7, ,239, ,84.5,Y
47,Brentwood,San Francisco Bay,7/28/2021,0100,209,0.00, ,0.00, ,0, ,14.4, ,68.3, ,61, ,54.3, ,2.7, ,304, ,83.6,Y
47,Brentwood,San Francisco Bay,7/28/2021,0200,209,0.00, ,0.00, ,0, ,15.9, ,65.4, ,74, ,57.1, ,3.8, ,293, ,82.8,Y
47,Brentwood,San Francisco Bay,7/28/2021,0300,209,0.00, ,0.00, ,0, ,16.1, ,64.9, ,77, ,57.4, ,4.3, ,292, ,82.0,Y
47,Brentwood,San Francisco Bay,7/28/2021,0400,209,0.00, ,0.00, ,0, ,17.4, ,63.6, ,87, ,59.6, ,4.4, ,296, ,81.2,Y
47,Brentwood,San Francisco Bay,7/28/2021,0500,209,0.00, ,0.00, ,1, ,18.2, ,62.9, ,93, ,60.8, ,4.3, ,297, ,80.6,Y
47,Brentwood,San Francisco Bay,7/28/2021,0600,209,0.00, ,0.00, ,78, ,19.4, ,63.1, ,98, ,62.6, ,3.7, ,310, ,80.0,Y
47,Brentwood,San Francisco Bay,7/28/2021,0700,209,0.00, ,0.00, ,374, ,20.3, ,68.5, ,86, ,64.0, ,5.1, ,309, ,79.4,Y
47,Brentwood,San Francisco Bay,7/28/2021,0800,209,0.01, ,0.00, ,725, ,20.1, ,73.4, ,72, ,63.7, ,4.1, ,311, ,79.1,Y
47,Brentwood,San Francisco Bay,7/28/2021,0900,209,0.01, ,0.00, ,882, ,20.2, ,79.2, ,59, ,63.8, ,3.0, ,312, ,79.3,Y
47,Brentwood,San Francisco Bay,7/28/2021,1000,209,0.02, ,0.00, ,1217, ,17.5, ,83.0, ,45, ,59.7, ,3.5, ,310, ,80.0,Y
47,Brentwood,San Francisco Bay,7/28/2021,1100,209,0.03, ,0.00, ,1726, ,15.9, ,89.3, ,34, ,57.0, ,5.0, ,306, ,81.2,Y
47,Brentwood,San Francisco Bay,7/28/2021,1200,209,0.03, ,0.00, ,1799, ,15.7, ,91.5, ,31, ,56.7, ,7.1, ,300, ,82.8,Y
47,Brentwood,San Francisco Bay,7/28/2021,1300,209,0.03, ,0.00, ,1739, ,16.3, ,94.6, ,29, ,57.8, ,6.0, ,309, ,84.6,Y
47,Brentwood,San Francisco Bay,7/28/2021,1400,209,0.03, ,0.00, ,1799, ,15.8, ,96.8, ,27, ,56.8, ,6.8, ,307, ,86.4,Y
47,Brentwood,San Francisco Bay,7/28/2021,1500,209,0.03, ,0.00, ,1584, ,15.6, ,97.6, ,26, ,56.5, ,8.0, ,316, ,88.0,Y
47,Brentwood,San Francisco Bay,7/28/2021,1600,209,0.03, ,0.00, ,1307, ,15.1, ,97.9, ,25, ,55.6, ,9.3, ,310, ,89.1,Y
47,Brentwood,San Francisco Bay,7/28/2021,1700,209,0.02, ,0.00, ,957, ,12.4, ,98.1, ,20, ,50.3, ,10.3, ,285, ,89.9,Y
47,Brentwood,San Francisco Bay,7/28/2021,1800,209,0.02, ,0.00, ,556, ,11.7, ,95.6, ,20, ,48.7, ,9.9, ,272, ,90.2,R
47,Brentwood,San Francisco Bay,7/28/2021,1900,209,0.01, ,0.00, ,99, ,11.9, ,90.4, ,24, ,49.2, ,8.0, ,274, ,90.2,R
47,Brentwood,San Francisco Bay,7/28/2021,2000,209,0.00, ,0.00, ,9, ,12.2, ,86.1, ,29, ,49.8, ,6.2, ,257, ,89.9,R
47,Brentwood,San Francisco Bay,7/28/2021,2100,209,0.00, ,0.00, ,0, ,12.2, ,83.4, ,31, ,49.8, ,4.9, ,244, ,89.2,R
47,Brentwood,San Francisco Bay,7/28/2021,2200,209,0.00,Y,0.00, ,0, ,12.1, ,81.0,Y,33,Y,49.5,Y,4.0, ,262, ,88.3,R
47,Brentwood,San Francisco Bay,7/28/2021,2300,209,0.00, ,0.00, ,0, ,13.2, ,76.8, ,42, ,52.0, ,2.7, ,258, ,87.4,R
47,Brentwood,San Francisco Bay,7/28/2021,2400,209,0.00,Y,0.00, ,0, ,12.1, ,77.5,Y,38,Y,49.7,Y,3.4, ,237, ,86.4,R
47,Brentwood,San Francisco Bay,7/29/2021,0100,210,0.00, ,0.00, ,0, ,15.0, ,71.2, ,57, ,55.3, ,2.9, ,33, ,85.5,R
47,Brentwood,San Francisco Bay,7/29/2021,0200,210,0.00, ,0.00, ,0, ,16.4, ,68.1, ,70, ,57.9, ,2.7, ,56, ,84.6,R
47,Brentwood,San Francisco Bay,7/29/2021,0300,210,0.00, ,0.00, ,0, ,15.9, ,67.4, ,69, ,57.0, ,2.2, ,140, ,83.8,R
47,Brentwood,San Francisco Bay,7/29/2021,0400,210,0.00, ,0.00, ,0, ,19.2, ,65.0, ,91, ,62.3, ,1.9, ,4, ,83.0,R
47,Brentwood,San Francisco Bay,7/29/2021,0500,210,0.00, ,0.00, ,0, ,19.7, ,64.8, ,94, ,63.1, ,2.0, ,19, ,82.3,R
47,Brentwood,San Francisco Bay,7/29/2021,0600,210,0.00, ,0.00, ,87, ,19.7, ,65.5, ,92, ,63.1, ,2.1, ,2, ,81.5,R
47,Brentwood,San Francisco Bay,7/29/2021,0700,210,0.00, ,0.00, ,348, ,18.3, ,70.3, ,72, ,60.9, ,2.8, ,321, ,80.9,Y
47,Brentwood,San Francisco Bay,7/29/2021,0800,210,0.01, ,0.00, ,700, ,16.8, ,76.3, ,54, ,58.6, ,2.8, ,335, ,80.5,Y
47,Brentwood,San Francisco Bay,7/29/2021,0900,210,0.02, ,0.00, ,1122, ,17.3, ,80.0, ,49, ,59.4, ,4.7, ,18, ,80.6,Y
47,Brentwood,San Francisco Bay,7/29/2021,1000,210,0.02, ,0.00, ,1485, ,17.6, ,82.7, ,46, ,59.9, ,4.5, ,3, ,81.4,R
47,Brentwood,San Francisco Bay,7/29/2021,1100,210,0.03, ,0.00, ,1718, ,17.9, ,87.6, ,40, ,60.4, ,3.7, ,357, ,82.8,R
47,Brentwood,San Francisco Bay,7/29/2021,1200,210,0.03, ,0.00, ,1675, ,17.7, ,92.3, ,34, ,60.1, ,4.6, ,297, ,84.7,R
47,Brentwood,San Francisco Bay,7/29/2021,1300,210,0.03, ,0.00, ,1809, ,16.4, ,95.6, ,29, ,57.9, ,7.2, ,298, ,86.8,R
47,Brentwood,San Francisco Bay,7/29/2021,1400,210,0.03, ,0.00, ,1515, ,17.1, ,96.0, ,29, ,59.0, ,7.8, ,313, ,88.5,R
47,Brentwood,San Francisco Bay,7/29/2021,1500,210,0.03, ,0.00, ,1548, ,17.3, ,99.3, ,27, ,59.4, ,8.5, ,307, ,89.9,R
47,Brentwood,San Francisco Bay,7/29/2021,1600,210,0.02, ,0.00, ,1110, ,15.8, ,98.7, ,25, ,56.8, ,9.9, ,301, ,90.8,R
47,Brentwood,San Francisco Bay,7/29/2021,1700,210,0.02, ,0.00, ,979, ,15.3, ,98.3, ,25, ,56.0, ,9.4, ,293, ,91.3,R
47,Brentwood,San Francisco Bay,7/29/2021,1800,210,0.01, ,0.00, ,573, ,13.9, ,96.6, ,24, ,53.4, ,8.4, ,279, ,91.5,R
47,Brentwood,San Francisco Bay,7/29/2021,1900,210,0.00, ,0.00, ,187, ,14.4, ,92.6, ,28, ,54.4, ,3.7, ,255, ,91.5,R
47,Brentwood,San Francisco Bay,7/29/2021,2000,210,0.00, ,0.00, ,8, ,15.0, ,84.9, ,37, ,55.4, ,4.5, ,265, ,91.0,R
47,Brentwood,San Francisco Bay,7/29/2021,2100,210,0.00, ,0.00, ,0, ,13.6, ,82.7, ,36, ,52.8, ,3.9, ,252, ,,S
47,Brentwood,San Francisco Bay,7/29/2021,2200,210,0.00,Y,0.00, ,0, ,13.1, ,81.6,Y,35,Y,51.7,Y,3.5, ,226, ,,S
47,Brentwood,San Francisco Bay,7/29/2021,2300,210,0.00,Y,0.00, ,0, ,12.6, ,79.3,Y,37,Y,50.7,Y,3.3, ,206, ,,S
47,Brentwood,San Francisco Bay,7/29/2021,2400,210,0.00,Y,0.00, ,0, ,14.2, ,75.4,Y,47,Y,54.0,Y,3.4, ,111, ,,S
47,Brentwood,San Francisco Bay,7/30/2021,0100,211,0.00, ,0.00, ,0, ,18.6, ,68.3, ,79, ,61.5, ,2.5, ,72, ,86.3,R
47,Brentwood,San Francisco Bay,7/30/2021,0200,211,0.00, ,0.00, ,0, ,20.3, ,66.8, ,90, ,64.0, ,2.2, ,72, ,85.4,R
47,Brentwood,San Francisco Bay,7/30/2021,0300,211,0.00, ,0.00, ,0, ,19.4, ,66.9, ,86, ,62.6, ,2.7, ,228, ,84.5,R
47,Brentwood,San Francisco Bay,7/30/2021,0400,211,0.00, ,0.00, ,0, ,18.9, ,65.9, ,87, ,61.9, ,3.2, ,334, ,83.7,R
47,Brentwood,San Francisco Bay,7/30/2021,0500,211,0.00, ,0.00, ,0, ,19.4, ,64.7, ,93, ,62.6, ,2.2, ,13, ,82.9,R
47,Brentwood,San Francisco Bay,7/30/2021,0600,211,0.00, ,0.00, ,48, ,19.8, ,63.7, ,98, ,63.3, ,2.6, ,320, ,82.2,R
47,Brentwood,San Francisco Bay,7/30/2021,0700,211,0.00, ,0.00, ,302, ,20.7, ,68.4, ,87, ,64.4, ,3.8, ,336, ,81.5,Y
47,Brentwood,San Francisco Bay,7/30/2021,0800,211,0.01, ,0.00, ,759, ,17.7, ,73.9, ,62, ,60.1, ,4.1, ,38, ,81.0,Y
47,Brentwood,San Francisco Bay,7/30/2021,0900,211,0.02, ,0.00, ,1137, ,17.1, ,78.5, ,51, ,59.0, ,4.3, ,29, ,81.0,R
47,Brentwood,San Francisco Bay,7/30/2021,1000,211,0.02, ,0.00, ,1442, ,18.2, ,82.5, ,48, ,60.8, ,4.6, ,49, ,81.7,R
47,Brentwood,San Francisco Bay,7/30/2021,1100,211,0.03, ,0.00, ,1675, ,18.4, ,87.0, ,42, ,61.2, ,5.8, ,10, ,83.1,R
47,Brentwood,San Francisco Bay,7/30/2021,1200,211,0.03, ,0.00, ,1797, ,18.3, ,92.8, ,35, ,61.0, ,5.4, ,356, ,84.9,R
47,Brentwood,San Francisco Bay,7/30/2021,1300,211,0.03, ,0.00, ,1811, ,18.4, ,96.5, ,31, ,61.1, ,5.7, ,328, ,86.8,R
47,Brentwood,San Francisco Bay,7/30/2021,1400,211,0.03, ,0.00, ,1739, ,18.3, ,97.6, ,30, ,61.0, ,6.7, ,312, ,88.8,R
47,Brentwood,San Francisco Bay,7/30/2021,1500,211,0.03, ,0.00, ,1567, ,18.1, ,97.9, ,30, ,60.7, ,8.5, ,310, ,90.4,R
47,Brentwood,San Francisco Bay,7/30/2021,1600,211,0.03, ,0.00, ,1290, ,17.3, ,98.3, ,28, ,59.5, ,10.3, ,309, ,91.4,R
47,Brentwood,San Francisco Bay,7/30/2021,1700,211,0.02, ,0.00, ,951, ,15.4, ,98.7, ,24, ,56.1, ,9.1, ,298, ,91.9,R
47,Brentwood,San Francisco Bay,7/30/2021,1800,211,0.01, ,0.00, ,561, ,11.8, ,96.3, ,20, ,48.8, ,8.1, ,285, ,92.2,R
47,Brentwood,San Francisco Bay,7/30/2021,1900,211,0.01, ,0.00, ,202, ,10.5, ,91.8, ,21, ,45.9, ,6.3, ,259, ,,S
47,Brentwood,San Francisco Bay,7/30/2021,2000,211,0.01, ,0.00, ,13, ,9.5, ,86.3, ,22, ,43.3, ,7.4, ,257, ,,S
47,Brentwood,San Francisco Bay,7/30/2021,2100,211,0.00,Y,0.00, ,0, ,8.6, ,84.5,Y,21,Y,40.5,Y,6.3, ,244, ,,S
47,Brentwood,San Francisco Bay,7/30/2021,2200,211,0.00, ,0.00, ,0, ,12.4, ,75.1, ,42, ,50.3, ,3.0, ,325, ,,S
47,Brentwood,San Francisco Bay,7/30/2021,2300,211,0.00, ,0.00, ,0, ,10.1, ,77.3, ,32, ,44.9, ,5.1, ,244, ,,S
47,Brentwood,San Francisco Bay,7/30/2021,2400,211,0.00,Y,0.00, ,0, ,9.7, ,78.1,Y,30,Y,43.8,Y,4.5, ,249, ,,S
47,Brentwood,San Francisco Bay,7/31/2021,0100,212,0.00, ,0.00, ,0, ,14.0, ,67.8, ,60, ,53.5, ,3.2, ,51, ,86.9,R
47,Brentwood,San Francisco Bay,7/31/2021,0200,212,0.00, ,0.00, ,0, ,19.1, ,63.8, ,94, ,62.2, ,2.8, ,18, ,85.9,R
47,Brentwood,San Francisco Bay,7/31/2021,0300,212,0.00, ,0.00, ,0, ,19.4, ,63.6, ,97, ,62.6, ,2.5, ,324, ,84.9,R
47,Brentwood,San Francisco Bay,7/31/2021,0400,212,0.00, ,0.00, ,0, ,19.1, ,62.6, ,99, ,62.3, ,3.5, ,330, ,84.0,R
47,Brentwood,San Francisco Bay,7/31/2021,0500,212,0.00, ,0.00, ,1, ,18.7, ,61.9, ,99, ,61.7, ,3.0, ,320, ,83.1,R
47,Brentwood,San Francisco Bay,7/31/2021,0600,212,0.00, ,0.00, ,89, ,19.1, ,63.2, ,97, ,62.3, ,2.8, ,352, ,82.3,R
47,Brentwood,San Francisco Bay,7/31/2021,0700,212,0.01, ,0.00, ,460, ,19.3, ,68.5, ,81, ,62.4, ,3.8, ,342, ,81.6,Y
47,Brentwood,San Francisco Bay,7/31/2021,0800,212,0.01, ,0.00, ,854, ,19.0, ,72.9, ,69, ,62.1, ,4.2, ,345, ,81.2,Y
47,Brentwood,San Francisco Bay,7/31/2021,0900,212,0.02, ,0.00, ,1200, ,18.8, ,76.0, ,61, ,61.8, ,4.0, ,328, ,81.4,R
47,Brentwood,San Francisco Bay,7/31/2021,1000,212,0.02, ,0.00, ,1464, ,16.6, ,78.4, ,50, ,58.3, ,4.8, ,15, ,82.2,R
47,Brentwood,San Francisco Bay,7/31/2021,1100,212,0.03, ,0.00, ,1689, ,17.0, ,81.4, ,46, ,59.0, ,5.9, ,353, ,83.6,R
47,Brentwood,San Francisco Bay,7/31/2021,1200,212,0.03, ,0.00, ,1813, ,17.2, ,84.6, ,42, ,59.2, ,6.6, ,324, ,85.1,R
47,Brentwood,San Francisco Bay,7/31/2021,1300,212,0.03, ,0.00, ,1720, ,16.4, ,88.0, ,36, ,57.9, ,6.4, ,332, ,86.7,R
47,Brentwood,San Francisco Bay,7/31/2021,1400,212,0.03, ,0.00, ,1722, ,16.1, ,91.3, ,32, ,57.3, ,6.1, ,315, ,88.4,R
47,Brentwood,San Francisco Bay,7/31/2021,1500,212,0.03, ,0.00, ,1566, ,15.4, ,95.1, ,27, ,56.2, ,6.0, ,309, ,90.0,R
47,Brentwood,San Francisco Bay,7/31/2021,1600,212,0.03, ,0.00, ,1331, ,13.6, ,95.1, ,24, ,52.8, ,9.6, ,289, ,91.2,R
47,Brentwood,San Francisco Bay,7/31/2021,1700,212,0.02, ,0.00, ,933, ,11.7, ,91.7, ,23, ,48.7, ,12.3, ,278, ,91.7,R
47,Brentwood,San Francisco Bay,7/31/2021,1800,212,0.01, ,0.00, ,479, ,11.1, ,87.7, ,25, ,47.2, ,10.5, ,282, ,91.9,R
47,Brentwood,San Francisco Bay,7/31/2021,1900,212,0.01, ,0.00, ,173, ,10.6, ,83.8, ,27, ,46.1, ,8.2, ,278, ,,S
47,Brentwood,San Francisco Bay,7/31/2021,2000,212,0.00, ,0.00, ,8, ,10.6, ,77.7, ,33, ,46.2, ,6.9, ,304, ,,S
47,Brentwood,San Francisco Bay,7/31/2021,2100,212,0.00, ,0.00, ,0, ,12.1, ,73.5, ,43, ,49.5, ,6.2, ,312, ,,S
47,Brentwood,San Francisco Bay,7/31/2021,2200,212,0.00, ,0.00, ,0, ,12.9, ,69.8, ,52, ,51.3, ,6.9, ,301, ,,S
47,Brentwood,San Francisco Bay,7/31/2021,2300,212,0.00, ,0.00, ,0, ,13.5, ,66.9, ,60, ,52.6, ,4.6, ,296, ,,S
47,Brentwood,San Francisco Bay,7/31/2021,2400,212,0.00, ,0.00, ,0, ,13.9, ,65.4, ,65, ,53.3, ,3.6, ,261, ,87.2,R
47,Brentwood,San Francisco Bay,8/1/2021,0100,213,0.00, ,0.00, ,0, ,14.1, ,62.6, ,73, ,53.8, ,2.4, ,44, ,86.0,R
47,Brentwood,San Francisco Bay,8/1/2021,0200,213,0.00, ,0.00, ,0, ,16.1, ,60.2, ,90, ,57.4, ,2.8, ,358, ,84.8,R
47,Brentwood,San Francisco Bay,8/1/2021,0300,213,0.00, ,0.00, ,2, ,16.9, ,59.3, ,98, ,58.7, ,1.9, ,316, ,83.7,R
47,Brentwood,San Francisco Bay,8/1/2021,0400,213,0.00, ,0.00, ,1, ,16.4, ,58.2, ,99, ,57.9, ,3.2, ,298, ,82.7,Y
47,Brentwood,San Francisco Bay,8/1/2021,0500,213,0.00, ,0.00, ,1, ,15.7, ,56.8, ,99, ,56.6, ,3.4, ,303, ,81.7,Y
47,Brentwood,San Francisco Bay,8/1/2021,0600,213,0.00, ,0.00, ,83, ,16.6, ,58.5, ,99, ,58.2, ,2.9, ,258, ,80.7,Y
47,Brentwood,San Francisco Bay,8/1/2021,0700,213,0.00, ,0.00, ,397, ,18.4, ,65.2, ,86, ,61.1, ,3.0, ,348, ,79.9,Y
47,Brentwood,San Francisco Bay,8/1/2021,0800,213,0.01, ,0.00, ,802, ,18.5, ,68.2, ,79, ,61.3, ,4.0, ,56, ,79.3,Y
47,Brentwood,San Francisco Bay,8/1/2021,0900,213,0.02, ,0.00, ,1186, ,14.8, ,74.0, ,52, ,55.0, ,3.7, ,27, ,79.4,Y
47,Brentwood,San Francisco Bay,8/1/2021,1000,213,0.02, ,0.00, ,1494, ,14.9, ,79.1, ,44, ,55.3, ,3.9, ,11, ,80.2,Y
47,Brentwood,San Francisco Bay,8/1/2021,1100,213,0.03, ,0.00, ,1718, ,16.1, ,81.2, ,44, ,57.4, ,6.4, ,323, ,81.7,Y
47,Brentwood,San Francisco Bay,8/1/2021,1200,213,0.03, ,0.00, ,1846, ,16.5, ,83.4, ,42, ,58.1, ,6.5, ,312, ,83.4,Y
47,Brentwood,San Francisco Bay,8/1/2021,1300,213,0.03, ,0.00, ,1871, ,16.5, ,86.5, ,38, ,58.1, ,7.2, ,309, ,85.2,Y
47,Brentwood,San Francisco Bay,8/1/2021,1400,213,0.03, ,0.00, ,1794, ,15.1, ,90.1, ,31, ,55.7, ,7.4, ,308, ,87.0,Y
47,Brentwood,San Francisco Bay,8/1/2021,1500,213,0.03, ,0.00, ,1613, ,15.4, ,90.7, ,31, ,56.2, ,10.0, ,306, ,88.4,Y
47,Brentwood,San Francisco Bay,8/1/2021,1600,213,0.03, ,0.00, ,1339, ,13.6, ,91.0, ,27, ,52.8, ,11.4, ,288, ,89.4,R
47,Brentwood,San Francisco Bay,8/1/2021,1700,213,0.02, ,0.00, ,981, ,13.0, ,89.4, ,28, ,51.6, ,10.5, ,284, ,90.1,R
47,Brentwood,San Francisco Bay,8/1/2021,1800,213,0.01, ,0.00, ,568, ,13.1, ,85.0, ,32, ,51.8, ,10.7, ,294, ,90.2,R
47,Brentwood,San Francisco Bay,8/1/2021,1900,213,0.01, ,0.00, ,85, ,13.4, ,77.3, ,42, ,52.3, ,8.8, ,291, ,90.1,R
47,Brentwood,San Francisco Bay,8/1/2021,2000,213,0.00, ,0.00, ,9, ,12.9, ,71.8, ,49, ,51.4, ,7.7, ,290, ,89.7,R
47,Brentwood,San Francisco Bay,8/1/2021,2100,213,0.00, ,0.00, ,0, ,12.8, ,68.6, ,54, ,51.1, ,6.2, ,295, ,89.0,R
47,Brentwood,San Francisco Bay,8/1/2021,2200,213,0.00, ,0.00, ,0, ,13.1, ,67.4, ,57, ,51.6, ,6.1, ,282, ,88.0,R
47,Brentwood,San Francisco Bay,8/1/2021,2300,213,0.00, ,0.00, ,0, ,13.2, ,64.9, ,63, ,51.9, ,4.2, ,308, ,86.9,R
47,Brentwood,San Francisco Bay,8/1/2021,2400,213,0.00, ,0.00, ,0, ,13.2, ,62.2, ,69, ,52.0, ,4.6, ,324, ,85.8,R
47,Brentwood,San Francisco Bay,8/2/2021,0100,214,0.00, ,0.00, ,0, ,14.9, ,60.2, ,84, ,55.2, ,2.3, ,73, ,84.7,R
47,Brentwood,San Francisco Bay,8/2/2021,0200,214,0.00, ,0.00, ,2, ,15.9, ,57.5, ,98, ,57.0, ,2.6, ,54, ,83.5,Y
47,Brentwood,San Francisco Bay,8/2/2021,0300,214,0.00, ,0.00, ,0, ,15.5, ,56.5, ,99, ,56.3, ,3.1, ,322, ,82.4,Y
47,Brentwood,San Francisco Bay,8/2/2021,0400,214,0.00, ,0.00, ,0, ,14.9, ,55.6, ,99, ,55.3, ,2.1, ,242, ,81.4,Y
47,Brentwood,San Francisco Bay,8/2/2021,0500,214,0.00, ,0.00, ,1, ,14.1, ,54.0, ,99, ,53.7, ,1.9, ,62, ,80.3,Y
47,Brentwood,San Francisco Bay,8/2/2021,0600,214,0.00, ,0.00, ,67, ,14.1, ,53.9, ,99, ,53.7, ,2.0, ,190, ,79.3,Y
47,Brentwood,San Francisco Bay,8/2/2021,0700,214,0.00, ,0.00, ,248, ,16.6, ,58.9, ,98, ,58.2, ,1.8, ,284, ,78.4, 
47,Brentwood,San Francisco Bay,8/2/2021,0800,214,0.01, ,0.00, ,821, ,14.7, ,65.9, ,68, ,54.8, ,2.5, ,45, ,77.6, 
47,Brentwood,San Francisco Bay,8/2/2021,0900,214,0.02, ,0.00, ,1205, ,13.6, ,71.1, ,52, ,52.7, ,2.7, ,337, ,77.5, 
47,Brentwood,San Francisco Bay,8/2/2021,1000,214,0.02, ,0.00, ,1526, ,13.4, ,73.8, ,47, ,52.4, ,3.2, ,56, ,78.3, 
47,Brentwood,San Francisco Bay,8/2/2021,1100,214,0.02, ,0.00, ,1755, ,13.7, ,77.8, ,42, ,53.0, ,3.5, ,50, ,80.0,Y
47,Brentwood,San Francisco Bay,8/2/2021,1200,214,0.03, ,0.00, ,1892, ,15.1, ,82.1, ,40, ,55.7, ,6.3, ,341, ,82.1,Y
47,Brentwood,San Francisco Bay,8/2/2021,1300,214,0.03, ,0.00, ,1923, ,14.9, ,84.1, ,37, ,55.3, ,6.5, ,306, ,84.0,Y
47,Brentwood,San Francisco Bay,8/2/2021,1400,214,0.03, ,0.00, ,1844, ,14.8, ,86.3, ,35, ,55.1, ,8.2, ,297, ,85.9,Y
47,Brentwood,San Francisco Bay,8/2/2021,1500,214,0.03, ,0.00, ,1529, ,13.4, ,87.0, ,31, ,52.4, ,8.9, ,300, ,87.4,Y
47,Brentwood,San Francisco Bay,8/2/2021,1600,214,0.02, ,0.00, ,1150, ,12.5, ,88.6, ,27, ,50.5, ,7.4, ,306, ,88.5,Y
47,Brentwood,San Francisco Bay,8/2/2021,1700,214,0.02, ,0.00, ,1037, ,11.2, ,91.3, ,22, ,47.4, ,6.8, ,299, ,89.1,Y
47,Brentwood,San Francisco Bay,8/2/2021,1800,214,0.01, ,0.00, ,601, ,10.4, ,88.9, ,22, ,45.5, ,7.9, ,299, ,89.3,R
47,Brentwood,San Francisco Bay,8/2/2021,1900,214,0.01, ,0.00, ,141, ,13.5, ,81.6, ,37, ,52.5, ,6.4, ,307, ,89.2,R
47,Brentwood,San Francisco Bay,8/2/2021,2000,214,0.00, ,0.00, ,8, ,13.4, ,74.4, ,46, ,52.4, ,4.9, ,293, ,88.9,R
47,Brentwood,San Francisco Bay,8/2/2021,2100,214,0.00, ,0.00, ,0, ,12.5, ,71.4, ,48, ,50.5, ,3.2, ,250, ,88.1,R
47,Brentwood,San Francisco Bay,8/2/2021,2200,214,0.00, ,0.00, ,0, ,12.3, ,67.1, ,54, ,50.0, ,2.8, ,300, ,87.0,R
47,Brentwood,San Francisco Bay,8/2/2021,2300,214,0.00, ,0.00, ,0, ,12.2, ,62.9, ,62, ,49.9, ,3.1, ,297, ,85.7,R
47,Brentwood,San Francisco Bay,8/2/2021,2400,214,0.00, ,0.00, ,0, ,11.5, ,61.8, ,61, ,48.3, ,4.0, ,289, ,84.4,Y
47,Brentwood,San Francisco Bay,8/3/2021,0100,215,0.00, ,0.00, ,2, ,10.5, ,59.5, ,60, ,45.7, ,1.7, ,332, ,83.2,Y
47,Brentwood,San Francisco Bay,8/3/2021,0200,215,0.00, ,0.00, ,0, ,10.3, ,56.9, ,65, ,45.4, ,2.2, ,76, ,82.0,Y
47,Brentwood,San Francisco Bay,8/3/2021,0300,215,0.00, ,0.00, ,0, ,11.5, ,54.5, ,79, ,48.2, ,2.0, ,36, ,80.8,Y
47,Brentwood,San Francisco Bay,8/3/2021,0400,215,0.00, ,0.00, ,0, ,13.9, ,53.6, ,99, ,53.4, ,2.2, ,24, ,79.7,Y
47,Brentwood,San Francisco Bay,8/3/2021,0500,215,0.00, ,0.00, ,1, ,13.8, ,53.4, ,99, ,53.1, ,2.4, ,243, ,78.6, 
47,Brentwood,San Francisco Bay,8/3/2021,0600,215,0.00, ,0.00, ,86, ,13.5, ,52.8, ,99, ,52.6, ,2.7, ,337, ,77.6, 
47,Brentwood,San Francisco Bay,8/3/2021,0700,215,0.00, ,0.00, ,410, ,16.7, ,61.2, ,91, ,58.5, ,2.0, ,354, ,76.7, 
47,Brentwood,San Francisco Bay,8/3/2021,0800,215,0.01, ,0.00, ,829, ,15.4, ,69.2, ,63, ,56.2, ,3.0, ,341, ,76.2, 
47,Brentwood,San Francisco Bay,8/3/2021,0900,215,0.02, ,0.00, ,1225, ,13.0, ,74.5, ,44, ,51.4, ,2.7, ,350, ,76.4, 
47,Brentwood,San Francisco Bay,8/3/2021,1000,215,0.02, ,0.00, ,1545, ,12.9, ,79.5, ,38, ,51.4, ,2.7, ,288, ,77.4, 
47,Brentwood,San Francisco Bay,8/3/2021,1100,215,0.03, ,0.00, ,1772, ,14.2, ,83.7, ,36, ,53.9, ,4.2, ,299, ,79.2,Y
47,Brentwood,San Francisco Bay,8/3/2021,1200,215,0.03, ,0.00, ,1902, ,14.2, ,88.7, ,31, ,53.8, ,5.8, ,294, ,81.5,Y
47,Brentwood,San Francisco Bay,8/3/2021,1300,215,0.03, ,0.00, ,1920, ,12.7, ,92.1, ,25, ,50.8, ,6.2, ,310, ,83.8,Y
47,Brentwood,San Francisco Bay,8/3/2021,1400,215,0.03, ,0.00, ,1846, ,11.7, ,94.4, ,21, ,48.8, ,7.2, ,318, ,85.8,Y
47,Brentwood,San Francisco Bay,8/3/2021,1500,215,0.03, ,0.00, ,1652, ,11.1, ,94.4, ,20, ,47.4, ,9.2, ,313, ,87.4,Y
47,Brentwood,San Francisco Bay,8/3/2021,1600,215,0.03, ,0.00, ,1378, ,12.6, ,95.8, ,22, ,50.7, ,7.9, ,322, ,88.5,Y
47,Brentwood,San Francisco Bay,8/3/2021,1700,215,0.02, ,0.00, ,1015, ,12.4, ,95.1, ,22, ,50.3, ,7.8, ,316, ,89.2,R
47,Brentwood,San Francisco Bay,8/3/2021,1800,215,0.01, ,0.00, ,600, ,12.1, ,93.5, ,23, ,49.7, ,7.8, ,304, ,89.4,R
47,Brentwood,San Francisco Bay,8/3/2021,1900,215,0.01, ,0.00, ,214, ,13.1, ,88.7, ,28, ,51.8, ,5.4, ,294, ,89.4,R
47,Brentwood,San Francisco Bay,8/3/2021,2000,215,0.00, ,0.00, ,8, ,10.6, ,80.6, ,30, ,46.1, ,3.4, ,220, ,89.0,R
47,Brentwood,San Francisco Bay,8/3/2021,2100,215,0.00, ,0.00, ,0, ,9.2, ,74.0, ,32, ,42.3, ,2.3, ,254, ,88.2,R
47,Brentwood,San Francisco Bay,8/3/2021,2200,215,0.00, ,0.00, ,0, ,8.4, ,70.1, ,34, ,40.1, ,2.7, ,165, ,87.1,R
47,Brentwood,San Francisco Bay,8/3/2021,2300,215,0.00, ,0.00, ,0, ,9.5, ,64.5, ,46, ,43.2, ,2.7, ,316, ,85.8,R
47,Brentwood,San Francisco Bay,8/3/2021,2400,215,0.00, ,0.00, ,0, ,12.2, ,61.8, ,65, ,49.8, ,3.1, ,279, ,84.5,Y
47,Brentwood,San Francisco Bay,8/4/2021,0100,216,0.00, ,0.00, ,1, ,12.7, ,60.7, ,70, ,50.9, ,2.1, ,338, ,83.2,Y
47,Brentwood,San Francisco Bay,8/4/2021,0200,216,0.00, ,0.00, ,1, ,14.4, ,58.2, ,87, ,54.4, ,2.4, ,13, ,82.0,Y
47,Brentwood,San Francisco Bay,8/4/2021,0300,216,0.00, ,0.00, ,0, ,15.7, ,57.5, ,97, ,56.7, ,1.8, ,59, ,80.9,Y
47,Brentwood,San Francisco Bay,8/4/2021,0400,216,0.00, ,0.00, ,0, ,14.9, ,56.1, ,97, ,55.2, ,1.6, ,192, ,79.9,Y
47,Brentwood,San Francisco Bay,8/4/2021,0500,216,0.00, ,0.00, ,1, ,14.6, ,54.9, ,99, ,54.7, ,1.5, ,167, ,78.9, 
47,Brentwood,San Francisco Bay,8/4/2021,0600,216,0.00, ,0.00, ,89, ,14.5, ,54.8, ,99, ,54.5, ,1.6, ,37, ,78.0, 
47,Brentwood,San Francisco Bay,8/4/2021,0700,216,0.00, ,0.00, ,399, ,17.5, ,62.5, ,90, ,59.7, ,2.7, ,295, ,77.2, 
47,Brentwood,San Francisco Bay,8/4/2021,0800,216,0.01, ,0.00, ,813, ,14.7, ,71.0, ,57, ,54.9, ,2.9, ,359, ,76.7, 
47,Brentwood,San Francisco Bay,8/4/2021,0900,216,0.02, ,0.00, ,1202, ,14.6, ,72.3, ,54, ,54.6, ,5.0, ,43, ,76.8, 
47,Brentwood,San Francisco Bay,8/4/2021,1000,216,0.02, ,0.00, ,1523, ,14.4, ,76.6, ,46, ,54.3, ,4.8, ,40, ,77.8, 
47,Brentwood,San Francisco Bay,8/4/2021,1100,216,0.03, ,0.00, ,1751, ,15.3, ,82.6, ,40, ,56.0, ,5.2, ,319, ,79.3,Y
47,Brentwood,San Francisco Bay,8/4/2021,1200,216,0.03, ,0.00, ,1877, ,15.1, ,87.1, ,34, ,55.7, ,4.7, ,346, ,81.3,Y
47,Brentwood,San Francisco Bay,8/4/2021,1300,216,0.03, ,0.00, ,1889, ,13.8, ,91.1, ,28, ,53.1, ,3.6, ,302, ,83.7,Y
47,Brentwood,San Francisco Bay,8/4/2021,1400,216,0.03, ,0.00, ,1825, ,11.2, ,93.6, ,21, ,47.6, ,6.9, ,304, ,86.1,Y
47,Brentwood,San Francisco Bay,8/4/2021,1500,216,0.03, ,0.00, ,1656, ,8.5, ,94.5, ,15, ,40.2, ,10.7, ,286, ,88.0,Y
47,Brentwood,San Francisco Bay,8/4/2021,1600,216,0.03, ,0.00, ,1389, ,9.0, ,93.7, ,17, ,41.8, ,10.9, ,291, ,89.0,R
47,Brentwood,San Francisco Bay,8/4/2021,1700,216,0.02, ,0.00, ,1015, ,10.1, ,90.8, ,20, ,44.8, ,11.9, ,275, ,89.5,R
47,Brentwood,San Francisco Bay,8/4/2021,1800,216,0.01, ,0.00, ,588, ,13.9, ,83.2, ,36, ,53.4, ,9.5, ,318, ,89.4,R
47,Brentwood,San Francisco Bay,8/4/2021,1900,216,0.00, ,0.00, ,200, ,14.4, ,76.7, ,46, ,54.3, ,7.3, ,352, ,89.1,R
47,Brentwood,San Francisco Bay,8/4/2021,2000,216,0.00, ,0.00, ,5, ,14.6, ,69.3, ,60, ,54.8, ,3.6, ,335, ,88.6,R
47,Brentwood,San Francisco Bay,8/4/2021,2100,216,0.00, ,0.00, ,0, ,14.6, ,65.6, ,68, ,54.6, ,3.8, ,315, ,87.7,R
47,Brentwood,San Francisco Bay,8/4/2021,2200,216,0.00, ,0.00, ,0, ,13.3, ,63.4, ,66, ,52.1, ,4.3, ,286, ,86.5,R
47,Brentwood,San Francisco Bay,8/4/2021,2300,216,0.00, ,0.00, ,0, ,12.9, ,62.1, ,68, ,51.2, ,2.9, ,184, ,85.3,Y
47,Brentwood,San Francisco Bay,8/4/2021,2400,216,0.00, ,0.00, ,1, ,12.2, ,62.5, ,63, ,49.8, ,5.0, ,206, ,84.0,Y
47,Brentwood,San Francisco Bay,8/5/2021,0100,217,0.00, ,0.00, ,2, ,12.3, ,62.8, ,63, ,50.1, ,6.2, ,222, ,82.9,Y
47,Brentwood,San Francisco Bay,8/5/2021,0200,217,0.00, ,0.00, ,1, ,12.5, ,61.9, ,66, ,50.5, ,3.1, ,190, ,81.9,Y
47,Brentwood,San Francisco Bay,8/5/2021,0300,217,0.00, ,0.00, ,1, ,12.6, ,60.3, ,71, ,50.8, ,2.2, ,75, ,81.0,Y
47,Brentwood,San Francisco Bay,8/5/2021,0400,217,0.00, ,0.00, ,0, ,15.1, ,55.9, ,99, ,55.6, ,3.0, ,44, ,80.0,Y
47,Brentwood,San Francisco Bay,8/5/2021,0500,217,0.00, ,0.00, ,1, ,15.6, ,56.8, ,99, ,56.6, ,2.9, ,86, ,79.1, 
47,Brentwood,San Francisco Bay,8/5/2021,0600,217,0.00, ,0.00, ,81, ,14.9, ,55.4, ,99, ,55.2, ,2.9, ,27, ,78.2, 
47,Brentwood,San Francisco Bay,8/5/2021,0700,217,0.00, ,0.00, ,395, ,18.4, ,61.6, ,98, ,61.1, ,3.9, ,343, ,77.4, 
47,Brentwood,San Francisco Bay,8/5/2021,0800,217,0.01, ,0.00, ,808, ,19.0, ,65.0, ,90, ,62.0, ,3.6, ,54, ,76.9, 
47,Brentwood,San Francisco Bay,8/5/2021,0900,217,0.01, ,0.00, ,1199, ,16.6, ,69.7, ,67, ,58.2, ,3.2, ,58, ,76.9, 
47,Brentwood,San Francisco Bay,8/5/2021,1000,217,0.02, ,0.00, ,1514, ,14.5, ,73.7, ,51, ,54.5, ,3.1, ,350, ,77.8, 
47,Brentwood,San Francisco Bay,8/5/2021,1100,217,0.02, ,0.00, ,1735, ,14.4, ,77.2, ,45, ,54.3, ,3.8, ,283, ,79.4,Y
47,Brentwood,San Francisco Bay,8/5/2021,1200,217,0.03, ,0.00, ,1869, ,15.2, ,81.5, ,41, ,55.9, ,5.3, ,335, ,81.4,Y
47,Brentwood,San Francisco Bay,8/5/2021,1300,217,0.03, ,0.00, ,1898, ,16.7, ,82.4, ,44, ,58.5, ,7.2, ,323, ,83.5,Y
47,Brentwood,San Francisco Bay,8/5/2021,1400,217,0.03, ,0.00, ,1821, ,16.4, ,84.3, ,41, ,57.8, ,6.7, ,347, ,85.2,Y
47,Brentwood,San Francisco Bay,8/5/2021,1500,217,0.03, ,0.00, ,1635, ,16.0, ,87.6, ,36, ,57.2, ,5.4, ,336, ,87.0,Y
47,Brentwood,San Francisco Bay,8/5/2021,1600,217,0.02, ,0.00, ,1350, ,15.9, ,87.8, ,35, ,57.1, ,6.6, ,334, ,88.2,Y
47,Brentwood,San Francisco Bay,8/5/2021,1700,217,0.02, ,0.00, ,993, ,13.3, ,87.9, ,30, ,52.2, ,6.9, ,306, ,88.8,Y
47,Brentwood,San Francisco Bay,8/5/2021,1800,217,0.01, ,0.00, ,587, ,8.6, ,85.6, ,20, ,40.6, ,7.8, ,253, ,89.1,R
47,Brentwood,San Francisco Bay,8/5/2021,1900,217,0.00, ,0.00, ,196, ,8.3, ,82.0, ,22, ,39.6, ,4.3, ,247, ,88.8,R
47,Brentwood,San Francisco Bay,8/5/2021,2000,217,0.00, ,0.00, ,4, ,9.8, ,74.9, ,33, ,44.0, ,4.1, ,198, ,88.2,R
47,Brentwood,San Francisco Bay,8/5/2021,2100,217,0.00, ,0.00, ,0, ,10.2, ,71.6, ,38, ,45.0, ,4.5, ,196, ,87.2,Y
47,Brentwood,San Francisco Bay,8/5/2021,2200,217,0.00, ,0.00, ,0, ,10.9, ,67.6, ,47, ,46.7, ,2.5, ,240, ,86.1,Y
47,Brentwood,San Francisco Bay,8/5/2021,2300,217,0.00, ,0.00, ,0, ,14.7, ,62.0, ,77, ,54.8, ,2.8, ,48, ,84.9,Y
47,Brentwood,San Francisco Bay,8/5/2021,2400,217,0.00, ,0.00, ,1, ,17.6, ,60.2, ,99, ,59.8, ,2.2, ,44, ,83.7,Y
47,Brentwood,San Francisco Bay,8/6/2021,0100,218,0.00, ,0.00, ,1, ,17.2, ,59.5, ,99, ,59.2, ,2.5, ,240, ,82.5,Y
47,Brentwood,San Francisco Bay,8/6/2021,0200,218,0.00, ,0.00, ,0, ,16.3, ,58.2, ,98, ,57.7, ,1.6, ,134, ,81.4,Y
47,Brentwood,San Francisco Bay,8/6/2021,0300,218,0.00, ,0.00, ,0, ,15.9, ,57.2, ,99, ,57.0, ,1.6, ,258, ,80.4,Y
47,Brentwood,San Francisco Bay,8/6/2021,0400,218,0.00, ,0.00, ,0, ,15.6, ,56.9, ,98, ,56.5, ,2.0, ,162, ,79.4, 
47,Brentwood,San Francisco Bay,8/6/2021,0500,218,0.00, ,0.00, ,0, ,15.5, ,56.6, ,99, ,56.3, ,2.1, ,189, ,78.5, 
47,Brentwood,San Francisco Bay,8/6/2021,0600,218,0.00, ,0.00, ,40, ,15.3, ,56.2, ,99, ,56.0, ,1.7, ,260, ,77.7, 
47,Brentwood,San Francisco Bay,8/6/2021,0700,218,0.00, ,0.00, ,260, ,18.4, ,61.5, ,99, ,61.2, ,1.1, ,348, ,76.9, 
47,Brentwood,San Francisco Bay,8/6/2021,0800,218,0.01, ,0.00, ,550, ,20.4, ,70.1, ,81, ,64.0, ,1.9, ,318, ,76.3, 
47,Brentwood,San Francisco Bay,8/6/2021,0900,218,0.01, ,0.00, ,935, ,20.9, ,74.9, ,71, ,64.8, ,4.5, ,297, ,76.3, 
47,Brentwood,San Francisco Bay,8/6/2021,1000,218,0.02, ,0.00, ,1275, ,18.7, ,81.2, ,52, ,61.6, ,5.2, ,294, ,77.0, 
47,Brentwood,San Francisco Bay,8/6/2021,1100,218,0.02, ,0.00, ,1476, ,15.1, ,85.6, ,36, ,55.6, ,6.6, ,297, ,78.3, 
47,Brentwood,San Francisco Bay,8/6/2021,1200,218,0.03, ,0.00, ,1631, ,14.1, ,87.8, ,31, ,53.8, ,6.9, ,320, ,79.8, 
47,Brentwood,San Francisco Bay,8/6/2021,1300,218,0.03, ,0.00, ,1536, ,14.5, ,89.4, ,31, ,54.5, ,6.9, ,331, ,81.5, 
47,Brentwood,San Francisco Bay,8/6/2021,1400,218,0.03, ,0.00, ,1463, ,12.9, ,92.6, ,25, ,51.3, ,6.5, ,350, ,83.1,Y
47,Brentwood,San Francisco Bay,8/6/2021,1500,218,0.02, ,0.00, ,1328, ,14.4, ,93.6, ,27, ,54.4, ,5.6, ,317, ,84.7,Y
47,Brentwood,San Francisco Bay,8/6/2021,1600,218,0.02, ,0.00, ,1044, ,14.8, ,94.2, ,27, ,55.1, ,5.2, ,306, ,85.9,Y
47,Brentwood,San Francisco Bay,8/6/2021,1700,218,0.01, ,0.00, ,706, ,14.5, ,93.9, ,27, ,54.4, ,4.8, ,287, ,86.8,Y
47,Brentwood,San Francisco Bay,8/6/2021,1800,218,0.01, ,0.00, ,340, ,15.7, ,92.7, ,30, ,56.7, ,2.5, ,100, ,87.4,Y
47,Brentwood,San Francisco Bay,8/6/2021,1900,218,0.00, ,0.00, ,82, ,17.0, ,87.5, ,38, ,58.9, ,2.7, ,175, ,87.5,Y
47,Brentwood,San Francisco Bay,8/6/2021,2000,218,0.00, ,0.00, ,2, ,18.0, ,80.3, ,51, ,60.5, ,2.8, ,34, ,87.3,Y
47,Brentwood,San Francisco Bay,8/6/2021,2100,218,0.00, ,0.00, ,0, ,18.2, ,73.0, ,65, ,60.8, ,2.5, ,56, ,86.7,Y
47,Brentwood,San Francisco Bay,8/6/2021,2200,218,0.00, ,0.00, ,0, ,16.4, ,71.5, ,62, ,57.9, ,2.1, ,113, ,85.8,Y
47,Brentwood,San Francisco Bay,8/6/2021,2300,218,0.00, ,0.00, ,0, ,15.5, ,69.2, ,64, ,56.4, ,1.7, ,138, ,84.8,Y
47,Brentwood,San Francisco Bay,8/6/2021,2400,218,0.00, ,0.00, ,0, ,15.1, ,65.8, ,70, ,55.6, ,1.7, ,344, ,83.8,Y
47,Brentwood,San Francisco Bay,8/7/2021,0100,219,0.00, ,0.00, ,0, ,15.0, ,64.7, ,72, ,55.4, ,2.2, ,292, ,82.8,Y
47,Brentwood,San Francisco Bay,8/7/2021,0200,219,0.00, ,0.00, ,0, ,17.3, ,62.9, ,88, ,59.4, ,2.0, ,307, ,81.8,Y
47,Brentwood,San Francisco Bay,8/7/2021,0300,219,0.00, ,0.00, ,1, ,18.6, ,61.7, ,99, ,61.4, ,2.2, ,352, ,80.9,Y
47,Brentwood,San Francisco Bay,8/7/2021,0400,219,0.00, ,0.00, ,2, ,18.1, ,60.8, ,99, ,60.6, ,2.3, ,266, ,80.0,Y
47,Brentwood,San Francisco Bay,8/7/2021,0500,219,0.00, ,0.00, ,2, ,17.6, ,60.0, ,99, ,59.8, ,1.5, ,294, ,79.2,Y
47,Brentwood,San Francisco Bay,8/7/2021,0600,219,0.00, ,0.00, ,32, ,17.0, ,59.0, ,99, ,58.8, ,2.1, ,289, ,78.5, 
47,Brentwood,San Francisco Bay,8/7/2021,0700,219,0.00, ,0.00, ,188, ,18.6, ,61.7, ,99, ,61.5, ,3.1, ,287, ,77.8, 
47,Brentwood,San Francisco Bay,8/7/2021,0800,219,0.00, ,0.00, ,455, ,21.6, ,67.0, ,96, ,65.7, ,2.7, ,294, ,77.2, 
47,Brentwood,San Francisco Bay,8/7/2021,0900,219,0.01, ,0.00, ,776, ,21.5, ,72.2, ,79, ,65.5, ,3.9, ,304, ,77.0, 
47,Brentwood,San Francisco Bay,8/7/2021,1000,219,0.01, ,0.00, ,1072, ,18.8, ,76.8, ,60, ,61.7, ,3.3, ,348, ,77.4, 
47,Brentwood,San Francisco Bay,8/7/2021,1100,219,0.02, ,0.00, ,1338, ,14.3, ,81.5, ,39, ,54.2, ,2.9, ,354, ,78.3, 
47,Brentwood,San Francisco Bay,8/7/2021,1200,219,0.02, ,0.00, ,1462, ,13.9, ,85.6, ,33, ,53.3, ,3.1, ,354, ,79.6, 
47,Brentwood,San Francisco Bay,8/7/2021,1300,219,0.02, ,0.00, ,1489, ,13.7, ,88.5, ,30, ,52.9, ,5.0, ,342, ,81.4, 
47,Brentwood,San Francisco Bay,8/7/2021,1400,219,0.03, ,0.00, ,1456, ,13.0, ,90.0, ,27, ,51.5, ,6.0, ,328, ,83.1,Y
47,Brentwood,San Francisco Bay,8/7/2021,1500,219,0.02, ,0.00, ,1313, ,15.1, ,91.7, ,30, ,55.6, ,5.9, ,333, ,84.5,Y
47,Brentwood,San Francisco Bay,8/7/2021,1600,219,0.02, ,0.00, ,1013, ,14.5, ,90.6, ,29, ,54.4, ,7.0, ,313, ,85.7,Y
47,Brentwood,San Francisco Bay,8/7/2021,1700,219,0.01, ,0.00, ,695, ,14.3, ,88.5, ,31, ,54.2, ,6.9, ,306, ,86.4,Y
47,Brentwood,San Francisco Bay,8/7/2021,1800,219,0.01, ,0.00, ,361, ,15.1, ,86.8, ,35, ,55.7, ,4.5, ,304, ,86.8,Y
47,Brentwood,San Francisco Bay,8/7/2021,1900,219,0.00, ,0.00, ,107, ,14.9, ,82.0, ,40, ,55.2, ,3.9, ,283, ,86.8,Y
47,Brentwood,San Francisco Bay,8/7/2021,2000,219,0.00, ,0.00, ,2, ,13.6, ,77.4, ,42, ,52.7, ,4.0, ,279, ,86.4,Y
47,Brentwood,San Francisco Bay,8/7/2021,2100,219,0.00, ,0.00, ,0, ,13.0, ,75.1, ,44, ,51.5, ,2.6, ,269, ,85.7,Y
47,Brentwood,San Francisco Bay,8/7/2021,2200,219,0.00, ,0.00, ,0, ,13.1, ,70.5, ,52, ,51.8, ,2.4, ,342, ,84.7,Y
47,Brentwood,San Francisco Bay,8/7/2021,2300,219,0.00, ,0.00, ,0, ,14.1, ,64.7, ,68, ,53.7, ,2.7, ,67, ,83.7,Y
47,Brentwood,San Francisco Bay,8/7/2021,2400,219,0.00, ,0.00, ,0, ,14.9, ,61.8, ,79, ,55.3, ,2.1, ,50, ,82.6,Y
47,Brentwood,San Francisco Bay,8/8/2021,0100,220,0.00, ,0.00, ,1, ,13.8, ,60.8, ,76, ,53.1, ,2.8, ,185, ,81.6,Y
47,Brentwood,San Francisco Bay,8/8/2021,0200,220,0.00, ,0.00, ,1, ,16.7, ,58.7, ,99, ,58.3, ,2.7, ,296, ,80.5, 
47,Brentwood,San Francisco Bay,8/8/2021,0300,220,0.00, ,0.00, ,0, ,16.4, ,58.1, ,99, ,57.9, ,2.5, ,311, ,79.6, 
47,Brentwood,San Francisco Bay,8/8/2021,0400,220,0.00, ,0.00, ,0, ,16.2, ,57.7, ,99, ,57.5, ,1.9, ,326, ,78.7, 
47,Brentwood,San Francisco Bay,8/8/2021,0500,220,0.00, ,0.00, ,0, ,15.8, ,57.1, ,99, ,56.9, ,1.5, ,298, ,77.9, 
47,Brentwood,San Francisco Bay,8/8/2021,0600,220,0.00, ,0.00, ,62, ,15.5, ,56.5, ,100, ,56.3, ,1.9, ,267, ,77.1, 
47,Brentwood,San Francisco Bay,8/8/2021,0700,220,0.00, ,0.00, ,377, ,19.2, ,63.0, ,98, ,62.4, ,3.4, ,291, ,76.3, 
47,Brentwood,San Francisco Bay,8/8/2021,0800,220,0.01, ,0.00, ,762, ,20.3, ,69.7, ,82, ,63.9, ,3.9, ,318, ,75.9, 
47,Brentwood,San Francisco Bay,8/8/2021,0900,220,0.02, ,0.00, ,1146, ,20.3, ,73.7, ,71, ,63.9, ,5.0, ,314, ,76.1, 
47,Brentwood,San Francisco Bay,8/8/2021,1000,220,0.02, ,0.00, ,1462, ,18.5, ,78.7, ,55, ,61.3, ,3.4, ,322, ,77.0, 
47,Brentwood,San Francisco Bay,8/8/2021,1100,220,0.03, ,0.00, ,1693, ,17.3, ,82.7, ,45, ,59.4, ,5.5, ,357, ,78.6, 
47,Brentwood,San Francisco Bay,8/8/2021,1200,220,0.03, ,0.00, ,1817, ,17.5, ,84.7, ,43, ,59.7, ,7.5, ,350, ,80.6,Y
47,Brentwood,San Francisco Bay,8/8/2021,1300,220,0.03, ,0.00, ,1832, ,17.5, ,86.5, ,40, ,59.7, ,8.2, ,323, ,82.5,Y
47,Brentwood,San Francisco Bay,8/8/2021,1400,220,0.03, ,0.00, ,1739, ,17.3, ,88.8, ,37, ,59.4, ,7.7, ,307, ,84.3,Y
47,Brentwood,San Francisco Bay,8/8/2021,1500,220,0.03, ,0.00, ,1547, ,17.2, ,88.9, ,37, ,59.2, ,9.5, ,307, ,85.9,Y
47,Brentwood,San Francisco Bay,8/8/2021,1600,220,0.02, ,0.00, ,1278, ,17.2, ,89.9, ,36, ,59.2, ,8.9, ,314, ,87.0,Y
47,Brentwood,San Francisco Bay,8/8/2021,1700,220,0.02, ,0.00, ,913, ,17.1, ,90.0, ,36, ,59.1, ,8.0, ,315, ,87.5,Y
47,Brentwood,San Francisco Bay,8/8/2021,1800,220,0.01, ,0.00, ,505, ,16.8, ,88.3, ,37, ,58.6, ,5.9, ,336, ,87.7,Y
47,Brentwood,San Francisco Bay,8/8/2021,1900,220,0.01, ,0.00, ,134, ,14.7, ,84.8, ,36, ,54.9, ,6.8, ,245, ,87.8,Y
47,Brentwood,San Francisco Bay,8/8/2021,2000,220,0.00, ,0.00, ,3, ,14.9, ,78.5, ,45, ,55.2, ,5.6, ,263, ,87.5,Y
47,Brentwood,San Francisco Bay,8/8/2021,2100,220,0.00, ,0.00, ,0, ,14.7, ,75.7, ,48, ,54.8, ,3.0, ,260, ,86.8,Y
47,Brentwood,San Francisco Bay,8/8/2021,2200,220,0.00, ,0.00, ,0, ,15.1, ,71.7, ,57, ,55.6, ,2.6, ,91, ,85.8,Y
47,Brentwood,San Francisco Bay,8/8/2021,2300,220,0.00, ,0.00, ,0, ,17.1, ,65.3, ,80, ,59.1, ,2.6, ,60, ,84.8,Y
47,Brentwood,San Francisco Bay,8/8/2021,2400,220,0.00, ,0.00, ,0, ,19.4, ,62.8, ,99, ,62.6, ,2.1, ,59, ,83.8,Y
47,Brentwood,San Francisco Bay,8/9/2021,0100,221,0.00, ,0.00, ,0, ,18.4, ,61.4, ,99, ,61.1, ,1.9, ,51, ,82.7,Y
47,Brentwood,San Francisco Bay,8/9/2021,0200,221,0.00, ,0.00, ,2, ,17.9, ,60.5, ,99, ,60.3, ,2.0, ,315, ,81.7,Y
47,Brentwood,San Francisco Bay,8/9/2021,0300,221,0.00, ,0.00, ,1, ,17.3, ,59.6, ,99, ,59.4, ,2.4, ,304, ,80.7,Y
47,Brentwood,San Francisco Bay,8/9/2021,0400,221,0.00, ,0.00, ,0, ,16.8, ,58.9, ,99, ,58.6, ,3.5, ,298, ,79.8,Y
47,Brentwood,San Francisco Bay,8/9/2021,0500,221,0.00, ,0.00, ,0, ,16.5, ,58.3, ,99, ,58.1, ,1.7, ,317, ,78.9, 
47,Brentwood,San Francisco Bay,8/9/2021,0600,221,0.00, ,0.00, ,65, ,16.6, ,58.4, ,99, ,58.2, ,2.0, ,308, ,78.1, 
47,Brentwood,San Francisco Bay,8/9/2021,0700,221,0.00, ,0.00, ,360, ,20.3, ,64.6, ,98, ,63.9, ,3.2, ,299, ,77.4, 
47,Brentwood,San Francisco Bay,8/9/2021,0800,221,0.01, ,0.00, ,759, ,20.1, ,69.9, ,81, ,63.7, ,3.9, ,315, ,76.9, 
47,Brentwood,San Francisco Bay,8/9/2021,0900,221,0.02, ,0.00, ,1146, ,19.4, ,74.4, ,67, ,62.6, ,3.8, ,335, ,77.1, 
47,Brentwood,San Francisco Bay,8/9/2021,1000,221,0.02, ,0.00, ,1470, ,17.3, ,77.3, ,54, ,59.4, ,5.1, ,326, ,77.9, 
47,Brentwood,San Francisco Bay,8/9/2021,1100,221,0.03, ,0.00, ,1702, ,15.0, ,81.3, ,41, ,55.5, ,5.2, ,329, ,79.4,Y
47,Brentwood,San Francisco Bay,8/9/2021,1200,221,0.03, ,0.00, ,1828, ,14.9, ,85.6, ,36, ,55.3, ,6.0, ,323, ,81.2,Y
47,Brentwood,San Francisco Bay,8/9/2021,1300,221,0.03, ,0.00, ,1848, ,14.9, ,88.5, ,32, ,55.2, ,5.9, ,317, ,83.2,Y
47,Brentwood,San Francisco Bay,8/9/2021,1400,221,0.03, ,0.00, ,1761, ,14.7, ,91.0, ,30, ,54.9, ,6.2, ,306, ,85.2,Y
47,Brentwood,San Francisco Bay,8/9/2021,1500,221,0.03, ,0.00, ,1575, ,13.2, ,93.6, ,24, ,51.8, ,7.2, ,309, ,87.0,Y
47,Brentwood,San Francisco Bay,8/9/2021,1600,221,0.03, ,0.00, ,1303, ,10.3, ,93.0, ,20, ,45.4, ,8.8, ,315, ,88.2,Y
47,Brentwood,San Francisco Bay,8/9/2021,1700,221,0.02, ,0.00, ,943, ,8.4, ,92.3, ,16, ,40.1, ,8.6, ,319, ,88.6,Y
47,Brentwood,San Francisco Bay,8/9/2021,1800,221,0.01, ,0.00, ,535, ,9.2, ,89.7, ,19, ,42.3, ,8.7, ,310, ,88.6,Y
47,Brentwood,San Francisco Bay,8/9/2021,1900,221,0.01, ,0.00, ,166, ,9.0, ,84.4, ,22, ,41.7, ,6.7, ,305, ,88.4,Y
47,Brentwood,San Francisco Bay,8/9/2021,2000,221,0.00, ,0.00, ,2, ,7.4, ,79.3, ,22, ,36.6, ,7.6, ,286, ,88.1,R
47,Brentwood,San Francisco Bay,8/9/2021,2100,221,0.00, ,0.00, ,0, ,8.9, ,74.4, ,31, ,41.5, ,4.2, ,278, ,87.3,R
47,Brentwood,San Francisco Bay,8/9/2021,2200,221,0.00, ,0.00, ,0, ,9.3, ,71.8, ,35, ,42.7, ,2.2, ,231, ,86.3,Y
47,Brentwood,San Francisco Bay,8/9/2021,2300,221,0.00, ,0.00, ,0, ,9.6, ,69.7, ,39, ,43.5, ,2.0, ,277, ,85.1,Y
47,Brentwood,San Francisco Bay,8/9/2021,2400,221,0.00, ,0.00, ,0, ,12.2, ,64.3, ,59, ,49.8, ,3.6, ,315, ,83.9,Y
47,Brentwood,San Francisco Bay,8/10/2021,0100,222,0.00, ,0.00, ,0, ,13.3, ,62.5, ,69, ,52.2, ,3.3, ,277, ,82.8,Y
47,Brentwood,San Francisco Bay,8/10/2021,0200,222,0.00, ,0.00, ,0, ,16.8, ,61.0, ,92, ,58.6, ,2.9, ,328, ,81.8,Y
47,Brentwood,San Francisco Bay,8/10/2021,0300,222,0.00, ,0.00, ,2, ,17.8, ,60.5, ,99, ,60.2, ,2.9, ,320, ,80.8,Y
47,Brentwood,San Francisco Bay,8/10/2021,0400,222,0.00, ,0.00, ,1, ,17.3, ,59.7, ,99, ,59.5, ,3.6, ,277, ,80.0,Y
47,Brentwood,San Francisco Bay,8/10/2021,0500,222,0.00, ,0.00, ,1, ,16.7, ,58.6, ,99, ,58.4, ,2.8, ,281, ,79.2, 
47,Brentwood,San Francisco Bay,8/10/2021,0600,222,0.00, ,0.00, ,45, ,16.3, ,58.0, ,99, ,57.8, ,3.1, ,290, ,78.5, 
47,Brentwood,San Francisco Bay,8/10/2021,0700,222,0.00, ,0.00, ,332, ,19.2, ,64.0, ,94, ,62.3, ,4.1, ,313, ,77.8, 
47,Brentwood,San Francisco Bay,8/10/2021,0800,222,0.01, ,0.00, ,733, ,16.4, ,70.6, ,64, ,57.9, ,4.0, ,328, ,77.4, 
47,Brentwood,San Francisco Bay,8/10/2021,0900,222,0.02, ,0.00, ,1122, ,15.7, ,75.0, ,53, ,56.7, ,3.7, ,332, ,77.5, 
47,Brentwood,San Francisco Bay,8/10/2021,1000,222,0.02, ,0.00, ,1440, ,15.3, ,78.7, ,46, ,56.0, ,2.6, ,277, ,78.2, 
47,Brentwood,San Francisco Bay,8/10/2021,1100,222,0.03, ,0.00, ,1664, ,14.5, ,84.6, ,36, ,54.4, ,3.1, ,276, ,79.8,Y
47,Brentwood,San Francisco Bay,8/10/2021,1200,222,0.03, ,0.00, ,1797, ,14.1, ,91.6, ,28, ,53.8, ,4.8, ,342, ,82.0,Y
47,Brentwood,San Francisco Bay,8/10/2021,1300,222,0.03, ,0.00, ,1832, ,11.8, ,93.5, ,22, ,49.0, ,6.1, ,322, ,84.2,Y
47,Brentwood,San Francisco Bay,8/10/2021,1400,222,0.03, ,0.00, ,1735, ,10.8, ,96.7, ,18, ,46.6, ,6.1, ,328, ,86.3,Y
47,Brentwood,San Francisco Bay,8/10/2021,1500,222,0.03, ,0.00, ,1549, ,10.4, ,98.6, ,16, ,45.5, ,6.3, ,320, ,88.0,Y
47,Brentwood,San Francisco Bay,8/10/2021,1600,222,0.02, ,0.00, ,1272, ,9.6, ,99.3, ,15, ,43.5, ,6.1, ,316, ,89.3,R
47,Brentwood,San Francisco Bay,8/10/2021,1700,222,0.02, ,0.00, ,911, ,9.9, ,98.0, ,16, ,44.3, ,7.0, ,312, ,89.9,R
47,Brentwood,San Francisco Bay,8/10/2021,1800,222,0.01, ,0.00, ,495, ,9.3, ,94.9, ,17, ,42.5, ,8.0, ,314, ,89.9,R
47,Brentwood,San Francisco Bay,8/10/2021,1900,222,0.01, ,0.00, ,148, ,11.1, ,89.0, ,24, ,47.2, ,5.5, ,300, ,89.8,R
47,Brentwood,San Francisco Bay,8/10/2021,2000,222,0.00, ,0.00, ,2, ,11.0, ,81.9, ,30, ,47.1, ,4.6, ,293, ,89.4,R
47,Brentwood,San Francisco Bay,8/10/2021,2100,222,0.00, ,0.00, ,0, ,9.9, ,78.4, ,30, ,44.2, ,3.6, ,291, ,88.6,R
47,Brentwood,San Francisco Bay,8/10/2021,2200,222,0.00, ,0.00, ,0, ,10.6, ,74.8, ,36, ,46.2, ,5.6, ,288, ,87.5,R
47,Brentwood,San Francisco Bay,8/10/2021,2300,222,0.00, ,0.00, ,0, ,10.4, ,72.2, ,39, ,45.6, ,4.1, ,263, ,86.5,R
47,Brentwood,San Francisco Bay,8/10/2021,2400,222,0.00, ,0.00, ,0, ,9.2, ,70.6, ,36, ,42.5, ,4.3, ,263, ,85.4,R
47,Brentwood,San Francisco Bay,8/11/2021,0100,223,0.00, ,0.00, ,0, ,9.6, ,69.2, ,40, ,43.5, ,3.9, ,255, ,84.4,Y
47,Brentwood,San Francisco Bay,8/11/2021,0200,223,0.00, ,0.00, ,0, ,10.1, ,68.6, ,42, ,44.8, ,2.7, ,277, ,83.4,Y
47,Brentwood,San Francisco Bay,8/11/2021,0300,223,0.00, ,0.00, ,0, ,11.3, ,66.0, ,52, ,47.7, ,3.5, ,296, ,82.5,Y
47,Brentwood,San Francisco Bay,8/11/2021,0400,223,0.00, ,0.00, ,0, ,11.7, ,64.4, ,57, ,48.7, ,2.2, ,144, ,81.7,Y
47,Brentwood,San Francisco Bay,8/11/2021,0500,223,0.00, ,0.00, ,1, ,11.7, ,62.3, ,61, ,48.6, ,2.0, ,335, ,80.9,Y
47,Brentwood,San Francisco Bay,8/11/2021,0600,223,0.00, ,0.00, ,41, ,12.6, ,61.5, ,67, ,50.6, ,2.4, ,273, ,80.1,Y
47,Brentwood,San Francisco Bay,8/11/2021,0700,223,0.00, ,0.00, ,312, ,15.2, ,67.8, ,65, ,55.8, ,3.3, ,289, ,79.4,Y
47,Brentwood,San Francisco Bay,8/11/2021,0800,223,0.01, ,0.00, ,715, ,15.1, ,76.1, ,49, ,55.6, ,3.6, ,290, ,78.9,Y
47,Brentwood,San Francisco Bay,8/11/2021,0900,223,0.02,Y,0.00, ,1100, ,13.8, ,84.1,Y,35,Y,53.2,Y,4.2, ,300, ,79.0,Y
47,Brentwood,San Francisco Bay,8/11/2021,1000,223,0.02,Y,0.00, ,1419, ,13.8, ,89.3,Y,29,Y,53.1,Y,5.8, ,303, ,79.9,Y
47,Brentwood,San Francisco Bay,8/11/2021,1100,223,0.03,Y,0.00, ,1651, ,13.5, ,92.4,Y,26,Y,52.5,Y,7.5, ,301, ,81.4,Y
47,Brentwood,San Francisco Bay,8/11/2021,1200,223,0.03, ,0.00, ,1766, ,12.6, ,94.4, ,23, ,50.7, ,8.7, ,310, ,83.1,Y
47,Brentwood,San Francisco Bay,8/11/2021,1300,223,0.03, ,0.00, ,1782, ,11.8, ,96.7, ,20, ,48.9, ,8.8, ,303, ,84.8,Y
47,Brentwood,San Francisco Bay,8/11/2021,1400,223,0.03, ,0.00, ,1697, ,11.2, ,100.2, ,17, ,47.5, ,9.2, ,295, ,86.5,Y
47,Brentwood,San Francisco Bay,8/11/2021,1500,223,0.03, ,0.00, ,1502, ,10.1, ,101.3, ,15, ,44.8, ,11.9, ,286, ,87.9,Y
47,Brentwood,San Francisco Bay,8/11/2021,1600,223,0.03, ,0.00, ,1204, ,9.7, ,99.8, ,15, ,43.8, ,11.0, ,286, ,89.0,R
47,Brentwood,San Francisco Bay,8/11/2021,1700,223,0.02, ,0.00, ,845, ,9.4, ,97.5, ,15, ,42.9, ,9.4, ,273, ,89.7,R
47,Brentwood,San Francisco Bay,8/11/2021,1800,223,0.01, ,0.00, ,459, ,8.8, ,94.2, ,16, ,41.3, ,8.8, ,244, ,90.0,R
47,Brentwood,San Francisco Bay,8/11/2021,1900,223,0.01, ,0.00, ,131, ,8.2, ,89.5, ,17, ,39.5, ,7.0, ,245, ,90.0,R
47,Brentwood,San Francisco Bay,8/11/2021,2000,223,0.00, ,0.00, ,2, ,8.3, ,84.5, ,21, ,39.8, ,6.3, ,256, ,89.5,R
47,Brentwood,San Francisco Bay,8/11/2021,2100,223,0.00, ,0.00, ,0, ,8.7, ,81.8, ,23, ,40.9, ,6.3, ,261, ,88.8,R
47,Brentwood,San Francisco Bay,8/11/2021,2200,223,0.00,Y,0.00, ,0, ,8.8, ,81.1,Y,24,Y,41.2,Y,6.2, ,258, ,88.0,R
47,Brentwood,San Francisco Bay,8/11/2021,2300,223,0.00, ,0.00, ,0, ,11.0, ,76.0, ,36, ,47.1, ,4.9, ,44, ,87.1,R
47,Brentwood,San Francisco Bay,8/11/2021,2400,223,0.00, ,0.00, ,0, ,13.5, ,68.4, ,57, ,52.6, ,3.3, ,45, ,86.1,R
47,Brentwood,San Francisco Bay,8/12/2021,0100,224,0.00, ,0.00, ,0, ,14.1, ,66.5, ,63, ,53.6, ,2.3, ,70, ,85.2,R
47,Brentwood,San Francisco Bay,8/12/2021,0200,224,0.00, ,0.00, ,0, ,13.8, ,65.9, ,63, ,53.1, ,2.5, ,215, ,84.3,Y
47,Brentwood,San Francisco Bay,8/12/2021,0300,224,0.00, ,0.00, ,0, ,13.6, ,66.2, ,62, ,52.7, ,2.7, ,249, ,83.4,Y
47,Brentwood,San Francisco Bay,8/12/2021,0400,224,0.00, ,0.00, ,0, ,14.1, ,64.3, ,69, ,53.8, ,3.3, ,42, ,82.6,Y
47,Brentwood,San Francisco Bay,8/12/2021,0500,224,0.00, ,0.00, ,0, ,15.2, ,62.9, ,78, ,55.8, ,2.1, ,37, ,81.8,Y
47,Brentwood,San Francisco Bay,8/12/2021,0600,224,0.00, ,0.00, ,51, ,16.0, ,63.4, ,80, ,57.2, ,2.1, ,72, ,81.1,Y
47,Brentwood,San Francisco Bay,8/12/2021,0700,224,0.00, ,0.00, ,253, ,15.1, ,68.2, ,64, ,55.5, ,2.6, ,324, ,80.4,Y
47,Brentwood,San Francisco Bay,8/12/2021,0800,224,0.01, ,0.00, ,599, ,14.0, ,73.9, ,49, ,53.5, ,3.0, ,293, ,80.0,Y
47,Brentwood,San Francisco Bay,8/12/2021,0900,224,0.02, ,0.00, ,1054, ,12.7, ,80.4, ,36, ,51.0, ,2.3, ,116, ,79.9,Y
47,Brentwood,San Francisco Bay,8/12/2021,1000,224,0.02, ,0.00, ,1395, ,13.9, ,84.3, ,35, ,53.4, ,4.7, ,16, ,80.6,Y
47,Brentwood,San Francisco Bay,8/12/2021,1100,224,0.03, ,0.00, ,1568, ,14.4, ,88.2, ,32, ,54.4, ,6.5, ,333, ,81.9,Y
47,Brentwood,San Francisco Bay,8/12/2021,1200,224,0.03, ,0.00, ,1533, ,14.5, ,89.1, ,31, ,54.5, ,5.6, ,280, ,83.6,Y
47,Brentwood,San Francisco Bay,8/12/2021,1300,224,0.03, ,0.00, ,1757, ,13.6, ,95.1, ,24, ,52.7, ,10.7, ,297, ,85.4,Y
47,Brentwood,San Francisco Bay,8/12/2021,1400,224,0.03, ,0.00, ,1635, ,13.2, ,96.5, ,22, ,52.0, ,12.3, ,306, ,86.6,Y
47,Brentwood,San Francisco Bay,8/12/2021,1500,224,0.03, ,0.00, ,1453, ,11.6, ,98.2, ,19, ,48.6, ,12.3, ,282, ,87.7,Y
47,Brentwood,San Francisco Bay,8/12/2021,1600,224,0.03, ,0.00, ,1132, ,11.1, ,97.5, ,18, ,47.4, ,11.0, ,275, ,88.8,Y
47,Brentwood,San Francisco Bay,8/12/2021,1700,224,0.02, ,0.00, ,760, ,11.7, ,95.6, ,20, ,48.8, ,8.8, ,262, ,89.5,R
47,Brentwood,San Francisco Bay,8/12/2021,1800,224,0.01, ,0.00, ,368, ,11.7, ,92.4, ,22, ,48.6, ,6.5, ,218, ,89.7,R
47,Brentwood,San Francisco Bay,8/12/2021,1900,224,0.01, ,0.00, ,83, ,11.4, ,87.4, ,26, ,48.1, ,4.7, ,219, ,89.7,R
47,Brentwood,San Francisco Bay,8/12/2021,2000,224,0.00, ,0.00, ,0, ,9.6, ,83.6, ,24, ,43.5, ,5.5, ,230, ,89.3,R
47,Brentwood,San Francisco Bay,8/12/2021,2100,224,0.00, ,0.00, ,0, ,10.9, ,77.2, ,34, ,46.8, ,3.0, ,60, ,88.6,R
47,Brentwood,San Francisco Bay,8/12/2021,2200,224,0.00, ,0.00, ,0, ,13.2, ,71.9, ,49, ,51.9, ,3.2, ,25, ,87.7,R
47,Brentwood,San Francisco Bay,8/12/2021,2300,224,0.00, ,0.00, ,0, ,13.0, ,69.4, ,53, ,51.5, ,2.4, ,7, ,86.7,R
47,Brentwood,San Francisco Bay,8/12/2021,2400,224,0.00, ,0.00, ,0, ,12.6, ,68.6, ,53, ,50.7, ,2.6, ,190, ,85.6,R
47,Brentwood,San Francisco Bay,8/13/2021,0100,225,0.00, ,0.00, ,0, ,13.3, ,66.9, ,59, ,52.2, ,3.2, ,39, ,84.6,Y
47,Brentwood,San Francisco Bay,8/13/2021,0200,225,0.00, ,0.00, ,0, ,13.6, ,65.5, ,63, ,52.7, ,2.4, ,95, ,83.7,Y
47,Brentwood,San Francisco Bay,8/13/2021,0300,225,0.00, ,0.00, ,0, ,14.5, ,63.7, ,72, ,54.4, ,3.4, ,37, ,82.8,Y
47,Brentwood,San Francisco Bay,8/13/2021,0400,225,0.00, ,0.00, ,0, ,14.0, ,64.0, ,69, ,53.6, ,2.5, ,157, ,82.0,Y
47,Brentwood,San Francisco Bay,8/13/2021,0500,225,0.00, ,0.00, ,1, ,14.0, ,62.6, ,72, ,53.6, ,2.0, ,353, ,81.2,Y
47,Brentwood,San Francisco Bay,8/13/2021,0600,225,0.00, ,0.00, ,26, ,13.9, ,61.6, ,74, ,53.4, ,2.6, ,168, ,80.5,Y
47,Brentwood,San Francisco Bay,8/13/2021,0700,225,0.00, ,0.00, ,257, ,14.8, ,65.9, ,68, ,55.0, ,1.6, ,353, ,79.8,Y
47,Brentwood,San Francisco Bay,8/13/2021,0800,225,0.01, ,0.00, ,658, ,14.4, ,73.6, ,51, ,54.3, ,3.6, ,352, ,79.3,Y
47,Brentwood,San Francisco Bay,8/13/2021,0900,225,0.02, ,0.00, ,1062, ,14.2, ,76.5, ,46, ,54.0, ,5.4, ,23, ,79.3,Y
47,Brentwood,San Francisco Bay,8/13/2021,1000,225,0.02, ,0.00, ,1379, ,14.1, ,80.0, ,40, ,53.7, ,3.4, ,46, ,79.9,Y
47,Brentwood,San Francisco Bay,8/13/2021,1100,225,0.02, ,0.00, ,1607, ,14.0, ,85.2, ,34, ,53.6, ,3.2, ,341, ,81.2,Y
47,Brentwood,San Francisco Bay,8/13/2021,1200,225,0.03, ,0.00, ,1733, ,15.7, ,87.8, ,35, ,56.8, ,7.2, ,313, ,83.1,Y
47,Brentwood,San Francisco Bay,8/13/2021,1300,225,0.03, ,0.00, ,1766, ,15.8, ,89.8, ,33, ,56.9, ,7.8, ,314, ,84.9,Y
47,Brentwood,San Francisco Bay,8/13/2021,1400,225,0.03, ,0.00, ,1681, ,15.0, ,93.6, ,28, ,55.5, ,8.3, ,299, ,86.6,Y
47,Brentwood,San Francisco Bay,8/13/2021,1500,225,0.03, ,0.00, ,1502, ,14.1, ,94.6, ,25, ,53.7, ,11.7, ,283, ,88.2,R
47,Brentwood,San Francisco Bay,8/13/2021,1600,225,0.03, ,0.00, ,1236, ,12.4, ,94.5, ,22, ,50.3, ,10.9, ,280, ,89.2,R
47,Brentwood,San Francisco Bay,8/13/2021,1700,225,0.02, ,0.00, ,913, ,11.7, ,93.9, ,22, ,48.7, ,10.0, ,274, ,89.8,R
47,Brentwood,San Francisco Bay,8/13/2021,1800,225,0.01, ,0.00, ,242, ,11.0, ,88.2, ,24, ,47.1, ,8.4, ,259, ,90.0,R
47,Brentwood,San Francisco Bay,8/13/2021,1900,225,0.01, ,0.00, ,50, ,11.7, ,85.0, ,29, ,48.8, ,6.8, ,205, ,89.9,R
47,Brentwood,San Francisco Bay,8/13/2021,2000,225,0.00, ,0.00, ,0, ,11.2, ,84.1, ,28, ,47.5, ,5.9, ,219, ,89.5,R
47,Brentwood,San Francisco Bay,8/13/2021,2100,225,0.00, ,0.00, ,0, ,11.3, ,82.4, ,30, ,47.8, ,4.3, ,207, ,88.8,R
47,Brentwood,San Francisco Bay,8/13/2021,2200,225,0.00, ,0.00, ,0, ,14.4, ,74.8, ,49, ,54.4, ,3.5, ,64, ,87.9,R
47,Brentwood,San Francisco Bay,8/13/2021,2300,225,0.00, ,0.00, ,0, ,14.9, ,72.2, ,55, ,55.3, ,2.5, ,36, ,87.0,R
47,Brentwood,San Francisco Bay,8/13/2021,2400,225,0.00, ,0.00, ,0, ,14.9, ,71.2, ,57, ,55.2, ,1.9, ,92, ,86.1,R
47,Brentwood,San Francisco Bay,8/14/2021,0100,226,0.00, ,0.00, ,0, ,15.4, ,70.5, ,60, ,56.1, ,2.5, ,340, ,85.2,R
47,Brentwood,San Francisco Bay,8/14/2021,0200,226,0.00, ,0.00, ,0, ,15.0, ,69.8, ,60, ,55.5, ,2.8, ,174, ,84.3,R
47,Brentwood,San Francisco Bay,8/14/2021,0300,226,0.00, ,0.00, ,0, ,14.3, ,67.1, ,63, ,54.2, ,2.8, ,36, ,83.6,Y
47,Brentwood,San Francisco Bay,8/14/2021,0400,226,0.00, ,0.00, ,0, ,16.3, ,64.5, ,79, ,57.8, ,3.1, ,52, ,82.9,Y
47,Brentwood,San Francisco Bay,8/14/2021,0500,226,0.00, ,0.00, ,0, ,15.7, ,64.1, ,77, ,56.7, ,2.6, ,185, ,82.1,Y
47,Brentwood,San Francisco Bay,8/14/2021,0600,226,0.00, ,0.00, ,31, ,17.4, ,62.3, ,91, ,59.6, ,1.6, ,314, ,81.4,Y
47,Brentwood,San Francisco Bay,8/14/2021,0700,226,0.00, ,0.00, ,250, ,19.2, ,67.5, ,84, ,62.4, ,2.2, ,312, ,80.7,Y
47,Brentwood,San Francisco Bay,8/14/2021,0800,226,0.01, ,0.00, ,623, ,18.4, ,74.2, ,64, ,61.2, ,3.4, ,24, ,80.1,Y
47,Brentwood,San Francisco Bay,8/14/2021,0900,226,0.01, ,0.00, ,1019, ,15.9, ,79.2, ,47, ,57.0, ,3.0, ,3, ,80.0,Y
47,Brentwood,San Francisco Bay,8/14/2021,1000,226,0.02, ,0.00, ,1350, ,15.9, ,84.7, ,39, ,57.0, ,2.9, ,291, ,80.6,Y
47,Brentwood,San Francisco Bay,8/14/2021,1100,226,0.03, ,0.00, ,1586, ,16.7, ,90.9, ,34, ,58.4, ,4.5, ,350, ,82.1,Y
47,Brentwood,San Francisco Bay,8/14/2021,1200,226,0.03, ,0.00, ,1710, ,16.7, ,93.2, ,31, ,58.4, ,5.8, ,298, ,84.0,R
47,Brentwood,San Francisco Bay,8/14/2021,1300,226,0.03, ,0.00, ,1730, ,16.8, ,96.4, ,29, ,58.6, ,7.0, ,315, ,86.1,R
47,Brentwood,San Francisco Bay,8/14/2021,1400,226,0.03, ,0.00, ,1647, ,16.9, ,99.0, ,27, ,58.7, ,7.1, ,316, ,87.9,R
47,Brentwood,San Francisco Bay,8/14/2021,1500,226,0.03, ,0.00, ,1450, ,17.2, ,100.1, ,26, ,59.2, ,6.1, ,328, ,89.5,R
47,Brentwood,San Francisco Bay,8/14/2021,1600,226,0.02, ,0.00, ,1157, ,17.8, ,100.3, ,27, ,60.2, ,6.8, ,333, ,90.7,R
47,Brentwood,San Francisco Bay,8/14/2021,1700,226,0.02, ,0.00, ,793, ,16.1, ,98.2, ,26, ,57.4, ,6.3, ,227, ,91.5,R
47,Brentwood,San Francisco Bay,8/14/2021,1800,226,0.01, ,0.00, ,395, ,13.4, ,95.4, ,23, ,52.3, ,7.8, ,199, ,91.7,R
47,Brentwood,San Francisco Bay,8/14/2021,1900,226,0.01, ,0.00, ,95, ,12.9, ,88.2, ,28, ,51.4, ,8.0, ,189, ,,S
47,Brentwood,San Francisco Bay,8/14/2021,2000,226,0.00, ,0.00, ,0, ,12.7, ,83.2, ,33, ,51.0, ,6.6, ,187, ,,S
47,Brentwood,San Francisco Bay,8/14/2021,2100,226,0.00, ,0.00, ,0, ,14.0, ,77.8, ,43, ,53.5, ,2.0, ,310, ,,S
47,Brentwood,San Francisco Bay,8/14/2021,2200,226,0.00, ,0.00, ,0, ,14.6, ,74.9, ,49, ,54.6, ,2.6, ,280, ,,S
47,Brentwood,San Francisco Bay,8/14/2021,2300,226,0.00, ,0.00, ,0, ,16.1, ,69.6, ,65, ,57.4, ,5.2, ,45, ,,S
47,Brentwood,San Francisco Bay,8/14/2021,2400,226,0.00, ,0.00, ,0, ,16.2, ,67.7, ,70, ,57.5, ,2.7, ,357, ,87.2,R
47,Brentwood,San Francisco Bay,8/15/2021,0100,227,0.00, ,0.00, ,0, ,16.1, ,66.7, ,72, ,57.4, ,2.3, ,354, ,86.2,R
47,Brentwood,San Francisco Bay,8/15/2021,0200,227,0.00, ,0.00, ,0, ,15.8, ,67.1, ,70, ,56.9, ,2.3, ,120, ,85.2,R
47,Brentwood,San Francisco Bay,8/15/2021,0300,227,0.00, ,0.00, ,0, ,15.8, ,66.0, ,72, ,56.8, ,3.4, ,349, ,84.2,R
47,Brentwood,San Francisco Bay,8/15/2021,0400,227,0.00, ,0.00, ,0, ,15.9, ,64.4, ,77, ,57.1, ,2.7, ,353, ,83.4,R
47,Brentwood,San Francisco Bay,8/15/2021,0500,227,0.00, ,0.00, ,0, ,18.5, ,63.9, ,91, ,61.2, ,2.0, ,219, ,82.7,R
47,Brentwood,San Francisco Bay,8/15/2021,0600,227,0.00, ,0.00, ,29, ,18.8, ,62.9, ,96, ,61.7, ,2.9, ,264, ,81.9,R
47,Brentwood,San Francisco Bay,8/15/2021,0700,227,0.00, ,0.00, ,218, ,20.8, ,67.4, ,91, ,64.6, ,4.0, ,303, ,81.2,Y
47,Brentwood,San Francisco Bay,8/15/2021,0800,227,0.01, ,0.00, ,557, ,21.0, ,72.9, ,76, ,64.9, ,4.4, ,342, ,80.7,Y
47,Brentwood,San Francisco Bay,8/15/2021,0900,227,0.01, ,0.00, ,923, ,21.3, ,76.7, ,68, ,65.2, ,5.2, ,311, ,80.6,Y
47,Brentwood,San Francisco Bay,8/15/2021,1000,227,0.02, ,0.00, ,1222, ,19.2, ,81.1, ,53, ,62.3, ,3.9, ,271, ,81.1,Y
47,Brentwood,San Francisco Bay,8/15/2021,1100,227,0.02, ,0.00, ,1441, ,18.1, ,89.3, ,38, ,60.7, ,3.8, ,322, ,82.2,Y
47,Brentwood,San Francisco Bay,8/15/2021,1200,227,0.03, ,0.00, ,1572, ,17.8, ,93.7, ,33, ,60.2, ,4.5, ,349, ,83.8,R
47,Brentwood,San Francisco Bay,8/15/2021,1300,227,0.03, ,0.00, ,1576, ,17.8, ,95.4, ,31, ,60.2, ,5.3, ,360, ,85.7,R
47,Brentwood,San Francisco Bay,8/15/2021,1400,227,0.03, ,0.00, ,1492, ,17.9, ,97.8, ,29, ,60.3, ,4.8, ,354, ,87.6,R
47,Brentwood,San Francisco Bay,8/15/2021,1500,227,0.02, ,0.00, ,1341, ,18.8, ,97.6, ,31, ,61.8, ,5.4, ,358, ,89.3,R
47,Brentwood,San Francisco Bay,8/15/2021,1600,227,0.02, ,0.00, ,1053, ,19.1, ,97.4, ,32, ,62.3, ,3.4, ,80, ,90.6,R
47,Brentwood,San Francisco Bay,8/15/2021,1700,227,0.01, ,0.00, ,644, ,20.0, ,96.9, ,33, ,63.4, ,4.7, ,34, ,91.3,R
47,Brentwood,San Francisco Bay,8/15/2021,1800,227,0.01, ,0.00, ,318, ,20.7, ,93.3, ,39, ,64.4, ,5.5, ,32, ,91.5,R
47,Brentwood,San Francisco Bay,8/15/2021,1900,227,0.01, ,0.00, ,76, ,16.2, ,89.8, ,34, ,57.6, ,4.8, ,146, ,,S
47,Brentwood,San Francisco Bay,8/15/2021,2000,227,0.00, ,0.00, ,0, ,15.0, ,84.4, ,37, ,55.4, ,2.9, ,156, ,,S
47,Brentwood,San Francisco Bay,8/15/2021,2100,227,0.00, ,0.00, ,0, ,17.1, ,76.7, ,55, ,59.1, ,2.3, ,49, ,,S
47,Brentwood,San Francisco Bay,8/15/2021,2200,227,0.00, ,0.00, ,0, ,17.8, ,73.4, ,64, ,60.2, ,3.4, ,45, ,,S
47,Brentwood,San Francisco Bay,8/15/2021,2300,227,0.00, ,0.00, ,0, ,17.6, ,70.9, ,68, ,59.9, ,2.3, ,48, ,,S
47,Brentwood,San Francisco Bay,8/15/2021,2400,227,0.00, ,0.00, ,0, ,17.3, ,69.7, ,70, ,59.3, ,2.2, ,48, ,87.1,R
47,Brentwood,San Francisco Bay,8/16/2021,0100,228,0.00, ,0.00, ,0, ,18.1, ,67.8, ,78, ,60.7, ,3.0, ,64, ,86.1,R
47,Brentwood,San Francisco Bay,8/16/2021,0200,228,0.00, ,0.00, ,0, ,19.9, ,66.6, ,89, ,63.4, ,2.7, ,58, ,85.1,R
47,Brentwood,San Francisco Bay,8/16/2021,0300,228,0.00, ,0.00, ,0, ,20.7, ,66.0, ,95, ,64.5, ,1.6, ,15, ,84.2,R
47,Brentwood,San Francisco Bay,8/16/2021,0400,228,0.00, ,0.00, ,0, ,20.7, ,65.0, ,98, ,64.4, ,1.5, ,38, ,83.4,R
47,Brentwood,San Francisco Bay,8/16/2021,0500,228,0.00, ,0.00, ,0, ,20.3, ,64.5, ,98, ,63.9, ,1.4, ,221, ,82.7,R
47,Brentwood,San Francisco Bay,8/16/2021,0600,228,0.00, ,0.00, ,23, ,20.1, ,64.3, ,98, ,63.7, ,2.1, ,176, ,81.9,R
47,Brentwood,San Francisco Bay,8/16/2021,0700,228,0.00, ,0.00, ,179, ,21.5, ,67.3, ,94, ,65.5, ,1.5, ,309, ,81.2,Y
47,Brentwood,San Francisco Bay,8/16/2021,0800,228,0.01, ,0.00, ,503, ,21.4, ,73.5, ,76, ,65.4, ,3.8, ,317, ,80.6,Y
47,Brentwood,San Francisco Bay,8/16/2021,0900,228,0.01, ,0.00, ,913, ,20.2, ,78.6, ,60, ,63.8, ,3.9, ,301, ,80.5,Y
47,Brentwood,San Francisco Bay,8/16/2021,1000,228,0.02, ,0.00, ,1310, ,17.4, ,85.0, ,42, ,59.6, ,4.2, ,310, ,81.0,Y
47,Brentwood,San Francisco Bay,8/16/2021,1100,228,0.03, ,0.00, ,1541, ,17.5, ,90.8, ,36, ,59.8, ,3.9, ,319, ,82.2,Y
47,Brentwood,San Francisco Bay,8/16/2021,1200,228,0.03, ,0.00, ,1691, ,17.1, ,94.5, ,31, ,59.1, ,3.3, ,320, ,84.0,R
47,Brentwood,San Francisco Bay,8/16/2021,1300,228,0.03,Y,0.00, ,1724, ,16.8, ,99.1,Y,26,Y,58.6,Y,4.8, ,323, ,86.3,R
47,Brentwood,San Francisco Bay,8/16/2021,1400,228,0.03,Y,0.00, ,1671, ,15.0, ,102.2,Y,22,Y,55.5,Y,4.1, ,327, ,88.5,R
47,Brentwood,San Francisco Bay,8/16/2021,1500,228,0.03,Y,0.00, ,1483, ,13.2, ,102.6,Y,19,Y,51.9,Y,8.0, ,263, ,90.6,R
47,Brentwood,San Francisco Bay,8/16/2021,1600,228,0.03, ,0.00, ,1226, ,12.0, ,101.1, ,18, ,49.4, ,12.5, ,259, ,,S
47,Brentwood,San Francisco Bay,8/16/2021,1700,228,0.02, ,0.00, ,854, ,11.6, ,97.3, ,19, ,48.6, ,14.2, ,257, ,,S
47,Brentwood,San Francisco Bay,8/16/2021,1800,228,0.01, ,0.00, ,467, ,11.3, ,94.9, ,20, ,47.7, ,9.0, ,263, ,,S
47,Brentwood,San Francisco Bay,8/16/2021,1900,228,0.01, ,0.00, ,121, ,11.3, ,90.5, ,23, ,47.8, ,9.2, ,230, ,,S
47,Brentwood,San Francisco Bay,8/16/2021,2000,228,0.00, ,0.00, ,1, ,11.7, ,83.4, ,30, ,48.8, ,6.3, ,161, ,,S
47,Brentwood,San Francisco Bay,8/16/2021,2100,228,0.00, ,0.00, ,0, ,12.2, ,78.2, ,37, ,49.8, ,7.9, ,172, ,,S
47,Brentwood,San Francisco Bay,8/16/2021,2200,228,0.00, ,0.00, ,0, ,12.5, ,75.5, ,42, ,50.5, ,11.2, ,191, ,,S
47,Brentwood,San Francisco Bay,8/16/2021,2300,228,0.00, ,0.00, ,0, ,12.1, ,74.2, ,42, ,49.6, ,6.8, ,185, ,,S
47,Brentwood,San Francisco Bay,8/16/2021,2400,228,0.00, ,0.00, ,0, ,11.7, ,74.5, ,40, ,48.7, ,7.0, ,207, ,,S
47,Brentwood,San Francisco Bay,8/17/2021,0100,229,0.00,Y,0.00, ,0, ,11.5, ,75.1,Y,38,Y,48.1,Y,5.1, ,216, ,,S
47,Brentwood,San Francisco Bay,8/17/2021,0200,229,0.00,Y,0.00, ,0, ,11.7, ,76.2,Y,38,Y,48.7,Y,6.7, ,232, ,86.0,R
47,Brentwood,San Francisco Bay,8/17/2021,0300,229,0.00,Y,0.00, ,0, ,12.2, ,73.0,Y,44,Y,49.7,Y,6.1, ,209, ,85.1,R
47,Brentwood,San Francisco Bay,8/17/2021,0400,229,0.00,Y,0.00, ,0, ,12.5, ,68.6,Y,52,Y,50.4,Y,2.5, ,173, ,84.3,R
47,Brentwood,San Francisco Bay,8/17/2021,0500,229,0.00, ,0.00, ,0, ,12.9, ,66.2, ,59, ,51.4, ,3.7, ,167, ,83.5,R
47,Brentwood,San Francisco Bay,8/17/2021,0600,229,0.00, ,0.00, ,44, ,13.4, ,65.6, ,62, ,52.3, ,2.5, ,212, ,82.6,R
47,Brentwood,San Francisco Bay,8/17/2021,0700,229,0.00,Y,0.00, ,280, ,14.4, ,70.1,Y,57,Y,54.3,Y,2.1, ,333, ,81.8,R
47,Brentwood,San Francisco Bay,8/17/2021,0800,229,0.01, ,0.00, ,616, ,14.3, ,75.5, ,48, ,54.2, ,3.4, ,355, ,81.1,R
47,Brentwood,San Francisco Bay,8/17/2021,0900,229,0.01, ,0.00, ,889, ,13.8, ,77.6, ,43, ,53.2, ,3.0, ,155, ,81.0,R
47,Brentwood,San Francisco Bay,8/17/2021,1000,229,0.01, ,0.00, ,932, ,13.9, ,79.6, ,40, ,53.4, ,4.4, ,286, ,81.6,R
47,Brentwood,San Francisco Bay,8/17/2021,1100,229,0.02, ,0.00, ,1231, ,13.7, ,81.1, ,38, ,52.9, ,3.4, ,293, ,82.6,R
47,Brentwood,San Francisco Bay,8/17/2021,1200,229,0.02, ,0.00, ,1486, ,14.0, ,84.0, ,35, ,53.5, ,4.0, ,273, ,83.7,R
47,Brentwood,San Francisco Bay,8/17/2021,1300,229,0.03, ,0.00, ,1640, ,13.7, ,85.6, ,33, ,53.0, ,5.4, ,235, ,85.1,R
47,Brentwood,San Francisco Bay,8/17/2021,1400,229,0.03, ,0.00, ,1660, ,13.6, ,87.9, ,30, ,52.7, ,5.6, ,234, ,86.7,R
47,Brentwood,San Francisco Bay,8/17/2021,1500,229,0.03, ,0.00, ,1529, ,13.2, ,89.9, ,27, ,51.8, ,5.0, ,234, ,88.3,R
47,Brentwood,San Francisco Bay,8/17/2021,1600,229,0.02, ,0.00, ,1240, ,12.6, ,89.4, ,27, ,50.7, ,9.8, ,189, ,89.6,R
47,Brentwood,San Francisco Bay,8/17/2021,1700,229,0.02, ,0.00, ,868, ,12.3, ,85.5, ,29, ,50.0, ,12.5, ,180, ,90.0,R
47,Brentwood,San Francisco Bay,8/17/2021,1800,229,0.01, ,0.00, ,447, ,11.3, ,81.3, ,31, ,47.7, ,11.9, ,181, ,89.9,R
47,Brentwood,San Francisco Bay,8/17/2021,1900,229,0.01, ,0.00, ,95, ,10.5, ,74.5, ,36, ,45.8, ,10.0, ,183, ,89.5,R
47,Brentwood,San Francisco Bay,8/17/2021,2000,229,0.00, ,0.00, ,0, ,10.8, ,70.1, ,43, ,46.6, ,6.3, ,200, ,88.9,R
47,Brentwood,San Francisco Bay,8/17/2021,2100,229,0.00, ,0.00, ,0, ,11.4, ,66.7, ,51, ,48.1, ,3.3, ,288, ,87.9,R
47,Brentwood,San Francisco Bay,8/17/2021,2200,229,0.00, ,0.00, ,0, ,11.3, ,65.8, ,52, ,47.7, ,2.7, ,25, ,86.7,R
47,Brentwood,San Francisco Bay,8/17/2021,2300,229,0.00, ,0.00, ,0, ,13.0, ,63.5, ,65, ,51.5, ,2.6, ,45, ,85.4,R
47,Brentwood,San Francisco Bay,8/17/2021,2400,229,0.00, ,0.00, ,1, ,13.1, ,62.3, ,68, ,51.7, ,2.0, ,186, ,84.2,Y
47,Brentwood,San Francisco Bay,8/18/2021,0100,230,0.00, ,0.00, ,1, ,13.2, ,61.3, ,71, ,51.9, ,1.5, ,299, ,83.1,Y
47,Brentwood,San Francisco Bay,8/18/2021,0200,230,0.00, ,0.00, ,0, ,13.2, ,61.4, ,71, ,52.0, ,2.0, ,245, ,82.1,Y
47,Brentwood,San Francisco Bay,8/18/2021,0300,230,0.00, ,0.00, ,0, ,12.3, ,60.1, ,69, ,50.0, ,2.6, ,184, ,81.2,Y
47,Brentwood,San Francisco Bay,8/18/2021,0400,230,0.00, ,0.00, ,0, ,15.0, ,59.6, ,86, ,55.5, ,2.7, ,237, ,80.3,Y
47,Brentwood,San Francisco Bay,8/18/2021,0500,230,0.00, ,0.00, ,0, ,11.9, ,63.9, ,59, ,49.2, ,5.9, ,279, ,79.6,Y
47,Brentwood,San Francisco Bay,8/18/2021,0600,230,0.00, ,0.00, ,20, ,11.1, ,65.5, ,52, ,47.4, ,6.8, ,283, ,79.0,Y
47,Brentwood,San Francisco Bay,8/18/2021,0700,230,0.00, ,0.00, ,166, ,14.0, ,63.1, ,71, ,53.6, ,5.7, ,291, ,78.5,Y
47,Brentwood,San Francisco Bay,8/18/2021,0800,230,0.01, ,0.00, ,412, ,14.0, ,65.8, ,65, ,53.6, ,5.2, ,290, ,78.1,Y
47,Brentwood,San Francisco Bay,8/18/2021,0900,230,0.01, ,0.00, ,707, ,12.8, ,69.9, ,51, ,51.2, ,5.8, ,289, ,77.9,Y
47,Brentwood,San Francisco Bay,8/18/2021,1000,230,0.02, ,0.00, ,999, ,11.2, ,73.9, ,39, ,47.5, ,7.3, ,296, ,78.2,Y
47,Brentwood,San Francisco Bay,8/18/2021,1100,230,0.02, ,0.00, ,1238, ,11.3, ,76.5, ,36, ,47.7, ,9.0, ,294, ,78.8,Y
47,Brentwood,San Francisco Bay,8/18/2021,1200,230,0.02, ,0.00, ,1440, ,11.2, ,78.9, ,33, ,47.5, ,9.7, ,286, ,79.7, 
47,Brentwood,San Francisco Bay,8/18/2021,1300,230,0.03, ,0.00, ,1522, ,11.1, ,81.2, ,30, ,47.2, ,8.6, ,285, ,80.8, 
47,Brentwood,San Francisco Bay,8/18/2021,1400,230,0.02, ,0.00, ,1427, ,11.0, ,82.9, ,29, ,46.9, ,7.1, ,293, ,81.9, 
47,Brentwood,San Francisco Bay,8/18/2021,1500,230,0.02, ,0.00, ,1161, ,10.9, ,84.7, ,27, ,46.7, ,5.1, ,297, ,83.2, 
47,Brentwood,San Francisco Bay,8/18/2021,1600,230,0.01, ,0.00, ,629, ,10.8, ,83.6, ,28, ,46.6, ,4.3, ,300, ,84.3,Y
47,Brentwood,San Francisco Bay,8/18/2021,1700,230,0.01, ,0.00, ,396, ,12.2, ,82.1, ,33, ,49.8, ,5.2, ,322, ,85.0,Y
47,Brentwood,San Francisco Bay,8/18/2021,1800,230,0.01, ,0.00, ,197, ,11.4, ,80.0, ,33, ,48.0, ,8.2, ,287, ,85.2,Y
47,Brentwood,San Francisco Bay,8/18/2021,1900,230,0.01, ,0.00, ,48, ,11.9, ,77.0, ,38, ,49.2, ,9.5, ,273, ,85.2,Y
47,Brentwood,San Francisco Bay,8/18/2021,2000,230,0.00, ,0.00, ,0, ,12.2, ,73.3, ,44, ,49.9, ,6.1, ,256, ,84.8,Y
47,Brentwood,San Francisco Bay,8/18/2021,2100,230,0.00, ,0.00, ,0, ,12.1, ,69.9, ,48, ,49.6, ,3.5, ,255, ,84.2,Y
47,Brentwood,San Francisco Bay,8/18/2021,2200,230,0.00, ,0.00, ,0, ,10.4, ,70.4, ,41, ,45.7, ,3.6, ,219, ,83.3,Y
47,Brentwood,San Francisco Bay,8/18/2021,2300,230,0.00, ,0.00, ,0, ,9.7, ,69.2, ,40, ,43.7, ,3.1, ,231, ,82.4,Y
47,Brentwood,San Francisco Bay,8/18/2021,2400,230,0.00, ,0.00, ,0, ,9.9, ,68.0, ,42, ,44.2, ,3.3, ,238, ,81.4,Y
47,Brentwood,San Francisco Bay,8/19/2021,0100,231,0.00, ,0.00, ,0, ,10.1, ,64.3, ,49, ,44.9, ,2.8, ,95, ,80.5,Y
47,Brentwood,San Francisco Bay,8/19/2021,0200,231,0.00, ,0.00, ,1, ,11.7, ,62.8, ,60, ,48.7, ,2.8, ,24, ,79.7, 
47,Brentwood,San Francisco Bay,8/19/2021,0300,231,0.00, ,0.00, ,0, ,12.1, ,61.1, ,66, ,49.6, ,2.1, ,45, ,79.0, 
47,Brentwood,San Francisco Bay,8/19/2021,0400,231,0.00, ,0.00, ,0, ,12.0, ,59.5, ,69, ,49.4, ,1.9, ,46, ,78.3, 
47,Brentwood,San Francisco Bay,8/19/2021,0500,231,0.00, ,0.00, ,0, ,14.7, ,57.6, ,90, ,54.8, ,2.0, ,335, ,77.6, 
47,Brentwood,San Francisco Bay,8/19/2021,0600,231,0.00, ,0.00, ,21, ,15.3, ,57.9, ,93, ,56.0, ,3.3, ,211, ,76.9, 
47,Brentwood,San Francisco Bay,8/19/2021,0700,231,0.00, ,0.00, ,236, ,16.5, ,61.7, ,88, ,58.0, ,1.9, ,301, ,76.3, 
47,Brentwood,San Francisco Bay,8/19/2021,0800,231,0.01, ,0.00, ,601, ,17.4, ,68.7, ,73, ,59.5, ,3.7, ,286, ,75.8, 
47,Brentwood,San Francisco Bay,8/19/2021,0900,231,0.01, ,0.00, ,923, ,14.1, ,74.1, ,49, ,53.7, ,5.2, ,278, ,75.8, 
47,Brentwood,San Francisco Bay,8/19/2021,1000,231,0.02, ,0.00, ,1124, ,13.0, ,77.4, ,40, ,51.5, ,8.5, ,284, ,76.5, 
47,Brentwood,San Francisco Bay,8/19/2021,1100,231,0.02, ,0.00, ,1366, ,13.2, ,81.3, ,36, ,52.0, ,6.0, ,306, ,77.6, 
47,Brentwood,San Francisco Bay,8/19/2021,1200,231,0.03, ,0.00, ,1533, ,14.2, ,83.5, ,36, ,54.0, ,6.4, ,304, ,78.9, 
47,Brentwood,San Francisco Bay,8/19/2021,1300,231,0.03, ,0.00, ,1590, ,13.1, ,86.1, ,31, ,51.7, ,6.6, ,301, ,80.4, 
47,Brentwood,San Francisco Bay,8/19/2021,1400,231,0.02, ,0.00, ,1406, ,14.2, ,88.1, ,31, ,54.0, ,6.7, ,311, ,82.0, 
47,Brentwood,San Francisco Bay,8/19/2021,1500,231,0.02, ,0.00, ,1228, ,14.0, ,88.5, ,31, ,53.6, ,7.7, ,301, ,83.5,Y
47,Brentwood,San Francisco Bay,8/19/2021,1600,231,0.02, ,0.00, ,942, ,14.2, ,86.8, ,32, ,53.9, ,9.4, ,298, ,84.6,Y
47,Brentwood,San Francisco Bay,8/19/2021,1700,231,0.01, ,0.00, ,555, ,13.3, ,84.4, ,33, ,52.1, ,10.3, ,289, ,85.3,Y
47,Brentwood,San Francisco Bay,8/19/2021,1800,231,0.01, ,0.00, ,195, ,13.1, ,80.8, ,36, ,51.7, ,6.6, ,298, ,85.5,Y
47,Brentwood,San Francisco Bay,8/19/2021,1900,231,0.00, ,0.00, ,43, ,13.9, ,75.7, ,46, ,53.4, ,3.1, ,283, ,85.4,Y
47,Brentwood,San Francisco Bay,8/19/2021,2000,231,0.00, ,0.00, ,0, ,13.5, ,71.7, ,51, ,52.6, ,1.7, ,52, ,84.9,Y
47,Brentwood,San Francisco Bay,8/19/2021,2100,231,0.00, ,0.00, ,0, ,13.2, ,68.2, ,56, ,52.0, ,2.4, ,279, ,84.1,Y
47,Brentwood,San Francisco Bay,8/19/2021,2200,231,0.00, ,0.00, ,0, ,13.1, ,66.4, ,59, ,51.7, ,1.9, ,10, ,83.1,Y
47,Brentwood,San Francisco Bay,8/19/2021,2300,231,0.00, ,0.00, ,0, ,13.1, ,63.8, ,65, ,51.6, ,2.4, ,22, ,82.1,Y
47,Brentwood,San Francisco Bay,8/19/2021,2400,231,0.00, ,0.00, ,2, ,15.7, ,62.3, ,82, ,56.8, ,3.0, ,25, ,81.1,Y
47,Brentwood,San Francisco Bay,8/20/2021,0100,232,0.00, ,0.00, ,1, ,16.7, ,59.7, ,96, ,58.5, ,2.2, ,53, ,80.2, 
47,Brentwood,San Francisco Bay,8/20/2021,0200,232,0.00, ,0.00, ,0, ,16.8, ,58.9, ,99, ,58.6, ,1.8, ,302, ,79.4, 
47,Brentwood,San Francisco Bay,8/20/2021,0300,232,0.00, ,0.00, ,0, ,16.5, ,58.3, ,99, ,58.0, ,1.8, ,287, ,78.6, 
47,Brentwood,San Francisco Bay,8/20/2021,0400,232,0.00, ,0.00, ,0, ,16.3, ,57.9, ,99, ,57.7, ,1.5, ,243, ,77.8, 
47,Brentwood,San Francisco Bay,8/20/2021,0500,232,0.00, ,0.00, ,0, ,16.0, ,57.4, ,99, ,57.2, ,1.5, ,210, ,77.0, 
47,Brentwood,San Francisco Bay,8/20/2021,0600,232,0.00, ,0.00, ,15, ,15.3, ,56.2, ,99, ,56.1, ,1.3, ,227, ,76.3, 
47,Brentwood,San Francisco Bay,8/20/2021,0700,232,0.00, ,0.00, ,157, ,16.6, ,58.4, ,99, ,58.2, ,1.5, ,255, ,75.6, 
47,Brentwood,San Francisco Bay,8/20/2021,0800,232,0.00, ,0.00, ,424, ,20.1, ,64.2, ,98, ,63.6, ,2.4, ,327, ,75.1, 
47,Brentwood,San Francisco Bay,8/20/2021,0900,232,0.01, ,0.00, ,749, ,20.2, ,68.4, ,85, ,63.8, ,2.0, ,329, ,74.9, 
47,Brentwood,San Francisco Bay,8/20/2021,1000,232,0.01, ,0.00, ,1046, ,20.0, ,72.2, ,74, ,63.5, ,3.4, ,324, ,75.2, 
47,Brentwood,San Francisco Bay,8/20/2021,1100,232,0.02, ,0.00, ,1317, ,19.2, ,75.9, ,63, ,62.4, ,4.3, ,339, ,76.2, 
47,Brentwood,San Francisco Bay,8/20/2021,1200,232,0.02, ,0.00, ,1424, ,16.8, ,79.1, ,49, ,58.6, ,3.7, ,348, ,77.6, 
47,Brentwood,San Francisco Bay,8/20/2021,1300,232,0.02, ,0.00, ,1486, ,16.2, ,82.4, ,43, ,57.5, ,4.5, ,338, ,79.4, 
47,Brentwood,San Francisco Bay,8/20/2021,1400,232,0.02, ,0.00, ,1404, ,16.4, ,83.8, ,41, ,57.9, ,6.4, ,326, ,81.1, 
47,Brentwood,San Francisco Bay,8/20/2021,1500,232,0.02, ,0.00, ,1144, ,16.4, ,82.2, ,44, ,58.0, ,8.0, ,304, ,82.6, 
47,Brentwood,San Francisco Bay,8/20/2021,1600,232,0.02, ,0.00, ,932, ,15.8, ,82.3, ,42, ,56.8, ,7.7, ,309, ,83.7, 
47,Brentwood,San Francisco Bay,8/20/2021,1700,232,0.01, ,0.00, ,608, ,14.8, ,82.6, ,39, ,55.0, ,6.5, ,318, ,84.3,Y
47,Brentwood,San Francisco Bay,8/20/2021,1800,232,0.01, ,0.00, ,281, ,14.1, ,80.0, ,40, ,53.8, ,5.5, ,306, ,84.5,Y
47,Brentwood,San Francisco Bay,8/20/2021,1900,232,0.00, ,0.00, ,63, ,13.9, ,73.7, ,49, ,53.3, ,8.5, ,295, ,84.5,Y
47,Brentwood,San Francisco Bay,8/20/2021,2000,232,0.00, ,0.00, ,0, ,14.8, ,69.3, ,60, ,55.0, ,5.7, ,286, ,84.2,Y
47,Brentwood,San Francisco Bay,8/20/2021,2100,232,0.00, ,0.00, ,0, ,14.5, ,66.2, ,66, ,54.5, ,3.1, ,42, ,83.5,Y
47,Brentwood,San Francisco Bay,8/20/2021,2200,232,0.00, ,0.00, ,0, ,15.0, ,63.3, ,75, ,55.4, ,3.7, ,339, ,82.6,Y
47,Brentwood,San Francisco Bay,8/20/2021,2300,232,0.00, ,0.00, ,1, ,17.9, ,61.8, ,95, ,60.3, ,4.9, ,319, ,81.7,Y
47,Brentwood,San Francisco Bay,8/20/2021,2400,232,0.00, ,0.00, ,1, ,17.7, ,60.7, ,98, ,60.1, ,2.8, ,4, ,80.7, 
47,Brentwood,San Francisco Bay,8/21/2021,0100,233,0.00, ,0.00, ,0, ,17.2, ,59.5, ,99, ,59.3, ,3.2, ,20, ,79.8, 
47,Brentwood,San Francisco Bay,8/21/2021,0200,233,0.00, ,0.00, ,0, ,16.9, ,59.0, ,99, ,58.8, ,3.1, ,24, ,78.9, 
47,Brentwood,San Francisco Bay,8/21/2021,0300,233,0.00, ,0.00, ,0, ,16.0, ,57.5, ,99, ,57.3, ,2.8, ,24, ,78.1, 
47,Brentwood,San Francisco Bay,8/21/2021,0400,233,0.00, ,0.00, ,0, ,15.7, ,56.9, ,99, ,56.7, ,2.9, ,11, ,77.3, 
47,Brentwood,San Francisco Bay,8/21/2021,0500,233,0.00, ,0.00, ,0, ,15.0, ,55.6, ,99, ,55.3, ,2.7, ,245, ,76.6, 
47,Brentwood,San Francisco Bay,8/21/2021,0600,233,0.00, ,0.00, ,20, ,14.9, ,55.5, ,99, ,55.3, ,3.2, ,247, ,75.9, 
47,Brentwood,San Francisco Bay,8/21/2021,0700,233,0.00, ,0.00, ,198, ,16.9, ,58.9, ,99, ,58.7, ,3.2, ,6, ,75.2, 
47,Brentwood,San Francisco Bay,8/21/2021,0800,233,0.00, ,0.00, ,462, ,19.1, ,64.4, ,93, ,62.2, ,5.0, ,269, ,74.8, 
47,Brentwood,San Francisco Bay,8/21/2021,0900,233,0.01, ,0.00, ,960, ,18.5, ,67.0, ,82, ,61.3, ,7.0, ,251, ,74.6, 
47,Brentwood,San Francisco Bay,8/21/2021,1000,233,0.02, ,0.00, ,1366, ,17.4, ,70.8, ,68, ,59.5, ,5.7, ,209, ,75.1, 
47,Brentwood,San Francisco Bay,8/21/2021,1100,233,0.02, ,0.00, ,1603, ,17.4, ,72.5, ,64, ,59.6, ,7.9, ,252, ,76.2, 
47,Brentwood,San Francisco Bay,8/21/2021,1200,233,0.03, ,0.00, ,1755, ,15.3, ,74.3, ,53, ,56.0, ,6.0, ,252, ,77.9, 
47,Brentwood,San Francisco Bay,8/21/2021,1300,233,0.03, ,0.00, ,1778, ,14.5, ,77.3, ,45, ,54.5, ,7.0, ,247, ,79.8, 
47,Brentwood,San Francisco Bay,8/21/2021,1400,233,0.03, ,0.00, ,1679, ,14.8, ,79.4, ,43, ,55.1, ,7.3, ,275, ,81.8, 
47,Brentwood,San Francisco Bay,8/21/2021,1500,233,0.02, ,0.00, ,1482, ,16.3, ,78.7, ,49, ,57.8, ,12.0, ,309, ,83.2,Y
47,Brentwood,San Francisco Bay,8/21/2021,1600,233,0.02, ,0.00, ,1173, ,15.7, ,78.4, ,47, ,56.6, ,12.2, ,309, ,83.9,Y
47,Brentwood,San Francisco Bay,8/21/2021,1700,233,0.01, ,0.00, ,759, ,14.6, ,78.4, ,44, ,54.7, ,9.8, ,250, ,84.5,Y
47,Brentwood,San Francisco Bay,8/21/2021,1800,233,0.01, ,0.00, ,332, ,14.8, ,73.6, ,52, ,55.0, ,9.8, ,305, ,84.6,Y
47,Brentwood,San Francisco Bay,8/21/2021,1900,233,0.00, ,0.00, ,57, ,14.3, ,69.1, ,59, ,54.1, ,7.4, ,313, ,84.3,Y
47,Brentwood,San Francisco Bay,8/21/2021,2000,233,0.00, ,0.00, ,0, ,13.9, ,65.0, ,66, ,53.3, ,5.5, ,320, ,83.9,Y
47,Brentwood,San Francisco Bay,8/21/2021,2100,233,0.00, ,0.00, ,1, ,13.7, ,62.0, ,72, ,52.9, ,4.1, ,328, ,83.1,Y
47,Brentwood,San Francisco Bay,8/21/2021,2200,233,0.00, ,0.00, ,1, ,13.8, ,60.0, ,78, ,53.2, ,3.2, ,8, ,82.1,Y
47,Brentwood,San Francisco Bay,8/21/2021,2300,233,0.00, ,0.00, ,0, ,15.2, ,57.8, ,93, ,55.8, ,2.2, ,27, ,81.0, 
47,Brentwood,San Francisco Bay,8/21/2021,2400,233,0.00, ,0.00, ,0, ,15.7, ,56.9, ,99, ,56.6, ,2.6, ,358, ,79.9, 
47,Brentwood,San Francisco Bay,8/22/2021,0100,234,0.00, ,0.00, ,0, ,15.0, ,55.6, ,99, ,55.4, ,1.3, ,315, ,78.9, 
47,Brentwood,San Francisco Bay,8/22/2021,0200,234,0.00, ,0.00, ,0, ,14.6, ,55.0, ,99, ,54.7, ,1.4, ,44, ,77.8, 
47,Brentwood,San Francisco Bay,8/22/2021,0300,234,0.00, ,0.00, ,0, ,14.2, ,54.2, ,99, ,54.0, ,1.5, ,155, ,76.9, 
47,Brentwood,San Francisco Bay,8/22/2021,0400,234,0.00, ,0.00, ,0, ,13.5, ,52.8, ,99, ,52.6, ,2.4, ,187, ,76.0, 
47,Brentwood,San Francisco Bay,8/22/2021,0500,234,0.00, ,0.00, ,0, ,13.2, ,52.1, ,99, ,51.9, ,1.3, ,210, ,75.1, 
47,Brentwood,San Francisco Bay,8/22/2021,0600,234,0.00, ,0.00, ,27, ,12.9, ,51.5, ,99, ,51.3, ,2.2, ,175, ,74.4, 
47,Brentwood,San Francisco Bay,8/22/2021,0700,234,0.00, ,0.00, ,278, ,15.6, ,56.9, ,99, ,56.6, ,1.5, ,152, ,73.6, 
47,Brentwood,San Francisco Bay,8/22/2021,0800,234,0.01, ,0.00, ,671, ,18.1, ,65.9, ,83, ,60.7, ,2.4, ,325, ,73.1, 
47,Brentwood,San Francisco Bay,8/22/2021,0900,234,0.01, ,0.00, ,1073, ,18.3, ,68.8, ,76, ,60.9, ,2.7, ,337, ,73.1, 
47,Brentwood,San Francisco Bay,8/22/2021,1000,234,0.02, ,0.00, ,1403, ,18.4, ,72.7, ,67, ,61.1, ,3.2, ,334, ,74.0, 
47,Brentwood,San Francisco Bay,8/22/2021,1100,234,0.02, ,0.00, ,1645, ,18.9, ,76.2, ,61, ,61.9, ,4.4, ,352, ,75.6, 
47,Brentwood,San Francisco Bay,8/22/2021,1200,234,0.03, ,0.00, ,1768, ,18.8, ,78.1, ,57, ,61.7, ,4.4, ,325, ,77.6, 
47,Brentwood,San Francisco Bay,8/22/2021,1300,234,0.03, ,0.00, ,1797, ,16.2, ,80.6, ,45, ,57.5, ,7.5, ,346, ,79.8, 
47,Brentwood,San Francisco Bay,8/22/2021,1400,234,0.03, ,0.00, ,1714, ,16.2, ,82.3, ,43, ,57.6, ,7.6, ,326, ,81.6, 
47,Brentwood,San Francisco Bay,8/22/2021,1500,234,0.02, ,0.00, ,1517, ,16.1, ,83.3, ,41, ,57.4, ,8.3, ,311, ,83.2,Y
47,Brentwood,San Francisco Bay,8/22/2021,1600,234,0.02, ,0.00, ,1226, ,14.8, ,85.2, ,36, ,55.0, ,7.3, ,319, ,84.4,Y
47,Brentwood,San Francisco Bay,8/22/2021,1700,234,0.01, ,0.00, ,851, ,10.6, ,86.1, ,25, ,46.1, ,5.3, ,276, ,85.0,Y
47,Brentwood,San Francisco Bay,8/22/2021,1800,234,0.01, ,0.00, ,432, ,6.5, ,83.4, ,17, ,33.6, ,6.8, ,224, ,85.1,Y
47,Brentwood,San Francisco Bay,8/22/2021,1900,234,0.00, ,0.00, ,79, ,12.3, ,76.3, ,40, ,50.0, ,6.4, ,294, ,84.9,Y
47,Brentwood,San Francisco Bay,8/22/2021,2000,234,0.00, ,0.00, ,0, ,14.0, ,69.9, ,56, ,53.5, ,6.0, ,292, ,84.4,Y
47,Brentwood,San Francisco Bay,8/22/2021,2100,234,0.00, ,0.00, ,0, ,13.5, ,67.2, ,59, ,52.5, ,5.7, ,283, ,83.7,Y
47,Brentwood,San Francisco Bay,8/22/2021,2200,234,0.00, ,0.00, ,0, ,12.7, ,64.3, ,61, ,50.8, ,2.3, ,8, ,82.7,Y
47,Brentwood,San Francisco Bay,8/22/2021,2300,234,0.00, ,0.00, ,1, ,12.6, ,59.9, ,72, ,50.8, ,2.1, ,306, ,81.7,Y
47,Brentwood,San Francisco Bay,8/22/2021,2400,234,0.00, ,0.00, ,0, ,13.8, ,58.4, ,83, ,53.2, ,1.6, ,262, ,80.5, 
47,Brentwood,San Francisco Bay,8/23/2021,0100,235,0.00, ,0.00, ,0, ,14.9, ,56.2, ,96, ,55.2, ,1.7, ,339, ,79.3, 
47,Brentwood,San Francisco Bay,8/23/2021,0200,235,0.00, ,0.00, ,0, ,14.9, ,55.6, ,99, ,55.3, ,2.2, ,359, ,78.2, 
47,Brentwood,San Francisco Bay,8/23/2021,0300,235,0.00, ,0.00, ,0, ,14.5, ,54.7, ,99, ,54.5, ,2.1, ,77, ,77.1, 
47,Brentwood,San Francisco Bay,8/23/2021,0400,235,0.00, ,0.00, ,0, ,13.9, ,53.6, ,99, ,53.4, ,2.0, ,25, ,76.2, 
47,Brentwood,San Francisco Bay,8/23/2021,0500,235,0.00, ,0.00, ,0, ,13.3, ,52.4, ,99, ,52.2, ,1.9, ,286, ,75.3, 
47,Brentwood,San Francisco Bay,8/23/2021,0600,235,0.00, ,0.00, ,28, ,13.7, ,53.2, ,99, ,53.0, ,2.6, ,298, ,74.5, 
47,Brentwood,San Francisco Bay,8/23/2021,0700,235,0.00, ,0.00, ,269, ,16.7, ,58.8, ,98, ,58.4, ,1.2, ,324, ,73.7, 
47,Brentwood,San Francisco Bay,8/23/2021,0800,235,0.01, ,0.00, ,650, ,17.7, ,65.4, ,83, ,60.1, ,2.6, ,329, ,73.1, 
47,Brentwood,San Francisco Bay,8/23/2021,0900,235,0.01, ,0.00, ,1049, ,16.9, ,68.2, ,72, ,58.7, ,3.0, ,47, ,73.1, 
47,Brentwood,San Francisco Bay,8/23/2021,1000,235,0.02, ,0.00, ,1381, ,14.4, ,72.9, ,52, ,54.3, ,3.8, ,21, ,73.9, 
47,Brentwood,San Francisco Bay,8/23/2021,1100,235,0.02, ,0.00, ,1616, ,15.6, ,76.4, ,50, ,56.5, ,5.2, ,0, ,75.4, 
47,Brentwood,San Francisco Bay,8/23/2021,1200,235,0.03, ,0.00, ,1768, ,15.6, ,78.4, ,47, ,56.6, ,5.8, ,328, ,77.3, 
47,Brentwood,San Francisco Bay,8/23/2021,1300,235,0.03, ,0.00, ,1792, ,15.8, ,80.3, ,45, ,56.8, ,7.5, ,329, ,79.3, 
47,Brentwood,San Francisco Bay,8/23/2021,1400,235,0.03, ,0.00, ,1704, ,15.3, ,83.1, ,39, ,56.0, ,6.6, ,315, ,81.2, 
47,Brentwood,San Francisco Bay,8/23/2021,1500,235,0.03, ,0.00, ,1479, ,15.4, ,84.2, ,38, ,56.1, ,8.5, ,315, ,82.9,Y
47,Brentwood,San Francisco Bay,8/23/2021,1600,235,0.02, ,0.00, ,1180, ,13.7, ,84.7, ,34, ,53.0, ,9.8, ,314, ,84.1,Y
47,Brentwood,San Francisco Bay,8/23/2021,1700,235,0.02, ,0.00, ,783, ,10.3, ,83.5, ,26, ,45.4, ,10.9, ,302, ,84.6,Y
47,Brentwood,San Francisco Bay,8/23/2021,1800,235,0.01, ,0.00, ,374, ,10.4, ,79.7, ,30, ,45.6, ,8.9, ,307, ,84.6,Y
47,Brentwood,San Francisco Bay,8/23/2021,1900,235,0.00, ,0.00, ,60, ,11.6, ,73.7, ,41, ,48.6, ,7.0, ,294, ,84.5,Y
47,Brentwood,San Francisco Bay,8/23/2021,2000,235,0.00, ,0.00, ,0, ,12.4, ,69.1, ,51, ,50.2, ,5.5, ,278, ,84.1,Y
47,Brentwood,San Francisco Bay,8/23/2021,2100,235,0.00, ,0.00, ,0, ,12.6, ,65.7, ,58, ,50.7, ,3.3, ,302, ,83.2,Y
47,Brentwood,San Francisco Bay,8/23/2021,2200,235,0.00, ,0.00, ,1, ,13.0, ,61.6, ,69, ,51.5, ,4.4, ,295, ,82.2,Y
47,Brentwood,San Francisco Bay,8/23/2021,2300,235,0.00, ,0.00, ,0, ,12.9, ,59.5, ,75, ,51.4, ,4.6, ,307, ,81.2, 
47,Brentwood,San Francisco Bay,8/23/2021,2400,235,0.00, ,0.00, ,0, ,13.4, ,58.4, ,81, ,52.4, ,2.9, ,330, ,80.2, 
47,Brentwood,San Francisco Bay,8/24/2021,0100,236,0.00, ,0.00, ,0, ,15.0, ,56.4, ,96, ,55.4, ,3.0, ,20, ,79.2, 
47,Brentwood,San Francisco Bay,8/24/2021,0200,236,0.00, ,0.00, ,0, ,14.8, ,55.3, ,99, ,55.1, ,2.8, ,329, ,78.2, 
47,Brentwood,San Francisco Bay,8/24/2021,0300,236,0.00, ,0.00, ,0, ,14.4, ,54.6, ,99, ,54.4, ,1.8, ,180, ,77.2, 
47,Brentwood,San Francisco Bay,8/24/2021,0400,236,0.00, ,0.00, ,0, ,13.4, ,52.7, ,99, ,52.4, ,1.7, ,9, ,76.3, 
47,Brentwood,San Francisco Bay,8/24/2021,0500,236,0.00, ,0.00, ,0, ,13.6, ,52.9, ,99, ,52.7, ,2.0, ,125, ,75.4, 
47,Brentwood,San Francisco Bay,8/24/2021,0600,236,0.00, ,0.00, ,22, ,13.0, ,51.8, ,99, ,51.6, ,2.0, ,236, ,74.6, 
47,Brentwood,San Francisco Bay,8/24/2021,0700,236,0.00, ,0.00, ,262, ,15.4, ,56.6, ,99, ,56.2, ,1.3, ,7, ,73.8, 
47,Brentwood,San Francisco Bay,8/24/2021,0800,236,0.01, ,0.00, ,636, ,17.6, ,64.5, ,85, ,59.9, ,3.5, ,308, ,73.2, 
47,Brentwood,San Francisco Bay,8/24/2021,0900,236,0.01, ,0.00, ,1035, ,16.5, ,68.9, ,68, ,58.0, ,3.0, ,306, ,73.1, 
47,Brentwood,San Francisco Bay,8/24/2021,1000,236,0.02, ,0.00, ,1370, ,14.3, ,72.3, ,53, ,54.1, ,3.3, ,316, ,73.8, 
47,Brentwood,San Francisco Bay,8/24/2021,1100,236,0.02, ,0.00, ,1612, ,14.7, ,75.4, ,49, ,54.8, ,4.6, ,291, ,75.3, 
47,Brentwood,San Francisco Bay,8/24/2021,1200,236,0.03, ,0.00, ,1726, ,15.2, ,77.7, ,47, ,55.8, ,7.9, ,305, ,77.3, 
47,Brentwood,San Francisco Bay,8/24/2021,1300,236,0.03, ,0.00, ,1749, ,15.3, ,80.0, ,44, ,55.9, ,8.1, ,332, ,79.3, 
47,Brentwood,San Francisco Bay,8/24/2021,1400,236,0.03, ,0.00, ,1654, ,15.4, ,82.8, ,40, ,56.2, ,8.0, ,313, ,81.0, 
47,Brentwood,San Francisco Bay,8/24/2021,1500,236,0.03, ,0.00, ,1457, ,15.2, ,83.0, ,39, ,55.8, ,10.3, ,304, ,82.6, 
47,Brentwood,San Francisco Bay,8/24/2021,1600,236,0.02, ,0.00, ,1154, ,14.0, ,84.0, ,35, ,53.6, ,10.0, ,309, ,83.7,Y
47,Brentwood,San Francisco Bay,8/24/2021,1700,236,0.02, ,0.00, ,765, ,13.1, ,84.1, ,33, ,51.7, ,9.2, ,308, ,84.2,Y
47,Brentwood,San Francisco Bay,8/24/2021,1800,236,0.01, ,0.00, ,357, ,13.3, ,81.1, ,37, ,52.1, ,9.7, ,273, ,84.4,Y
47,Brentwood,San Francisco Bay,8/24/2021,1900,236,0.00, ,0.00, ,58, ,12.8, ,74.5, ,44, ,51.1, ,10.1, ,290, ,84.3,Y
47,Brentwood,San Francisco Bay,8/24/2021,2000,236,0.00, ,0.00, ,0, ,11.4, ,70.5, ,45, ,47.9, ,9.7, ,280, ,84.0,Y
47,Brentwood,San Francisco Bay,8/24/2021,2100,236,0.00, ,0.00, ,0, ,11.3, ,67.7, ,49, ,47.7, ,6.2, ,282, ,83.4,Y
47,Brentwood,San Francisco Bay,8/24/2021,2200,236,0.00, ,0.00, ,0, ,11.5, ,63.7, ,57, ,48.3, ,4.5, ,312, ,82.5,Y
47,Brentwood,San Francisco Bay,8/24/2021,2300,236,0.00, ,0.00, ,0, ,12.3, ,62.0, ,65, ,50.1, ,5.8, ,296, ,81.5,Y
47,Brentwood,San Francisco Bay,8/24/2021,2400,236,0.00, ,0.00, ,1, ,12.5, ,59.9, ,71, ,50.4, ,3.2, ,304, ,80.5, 
47,Brentwood,San Francisco Bay,8/25/2021,0100,237,0.00, ,0.00, ,0, ,13.1, ,58.1, ,79, ,51.7, ,2.6, ,28, ,79.4, 
47,Brentwood,San Francisco Bay,8/25/2021,0200,237,0.00, ,0.00, ,0, ,15.1, ,56.2, ,98, ,55.6, ,2.6, ,38, ,78.5, 
47,Brentwood,San Francisco Bay,8/25/2021,0300,237,0.00, ,0.00, ,0, ,14.6, ,54.9, ,99, ,54.6, ,2.2, ,56, ,77.5, 
47,Brentwood,San Francisco Bay,8/25/2021,0400,237,0.00, ,0.00, ,0, ,14.3, ,54.3, ,99, ,54.1, ,2.3, ,82, ,76.6, 
47,Brentwood,San Francisco Bay,8/25/2021,0500,237,0.00, ,0.00, ,0, ,14.4, ,54.5, ,99, ,54.3, ,2.1, ,107, ,75.7, 
47,Brentwood,San Francisco Bay,8/25/2021,0600,237,0.00, ,0.00, ,25, ,13.5, ,52.8, ,99, ,52.6, ,2.1, ,273, ,74.8, 
47,Brentwood,San Francisco Bay,8/25/2021,0700,237,0.00, ,0.00, ,260, ,16.4, ,58.9, ,97, ,57.9, ,1.5, ,304, ,74.1, 
47,Brentwood,San Francisco Bay,8/25/2021,0800,237,0.01, ,0.00, ,663, ,17.5, ,65.8, ,81, ,59.6, ,2.2, ,335, ,73.5, 
47,Brentwood,San Francisco Bay,8/25/2021,0900,237,0.01, ,0.00, ,1071, ,17.3, ,69.4, ,70, ,59.3, ,2.4, ,26, ,73.4, 
47,Brentwood,San Francisco Bay,8/25/2021,1000,237,0.02, ,0.00, ,1399, ,14.9, ,72.7, ,54, ,55.2, ,4.2, ,18, ,74.2, 
47,Brentwood,San Francisco Bay,8/25/2021,1100,237,0.02, ,0.00, ,1640, ,15.3, ,75.9, ,50, ,55.9, ,6.0, ,355, ,75.7, 
47,Brentwood,San Francisco Bay,8/25/2021,1200,237,0.03, ,0.00, ,1768, ,15.3, ,77.7, ,47, ,56.0, ,7.6, ,335, ,77.5, 
47,Brentwood,San Francisco Bay,8/25/2021,1300,237,0.03, ,0.00, ,1784, ,15.0, ,80.5, ,42, ,55.5, ,7.2, ,310, ,79.4, 
47,Brentwood,San Francisco Bay,8/25/2021,1400,237,0.03, ,0.00, ,1687, ,14.3, ,83.5, ,37, ,54.1, ,8.3, ,309, ,81.3, 
47,Brentwood,San Francisco Bay,8/25/2021,1500,237,0.03, ,0.00, ,1492, ,12.9, ,85.6, ,31, ,51.4, ,8.4, ,318, ,83.0,Y
47,Brentwood,San Francisco Bay,8/25/2021,1600,237,0.02, ,0.00, ,1194, ,11.9, ,86.0, ,28, ,49.2, ,9.0, ,317, ,84.1,Y
47,Brentwood,San Francisco Bay,8/25/2021,1700,237,0.02, ,0.00, ,815, ,10.4, ,85.4, ,25, ,45.5, ,8.8, ,318, ,84.6,Y
47,Brentwood,San Francisco Bay,8/25/2021,1800,237,0.01, ,0.00, ,395, ,12.2, ,82.2, ,33, ,49.9, ,6.7, ,320, ,84.6,Y
47,Brentwood,San Francisco Bay,8/25/2021,1900,237,0.00, ,0.00, ,75, ,13.3, ,75.5, ,44, ,52.1, ,5.7, ,318, ,84.4,Y
47,Brentwood,San Francisco Bay,8/25/2021,2000,237,0.00, ,0.00, ,0, ,13.3, ,69.2, ,54, ,52.1, ,3.5, ,294, ,84.0,Y
47,Brentwood,San Francisco Bay,8/25/2021,2100,237,0.00, ,0.00, ,0, ,10.1, ,67.3, ,44, ,44.7, ,4.0, ,169, ,83.1,Y
47,Brentwood,San Francisco Bay,8/25/2021,2200,237,0.00, ,0.00, ,0, ,8.5, ,65.5, ,40, ,40.3, ,3.6, ,165, ,81.9,Y
47,Brentwood,San Francisco Bay,8/25/2021,2300,237,0.00, ,0.00, ,1, ,10.3, ,58.9, ,61, ,45.4, ,2.6, ,346, ,80.7, 
47,Brentwood,San Francisco Bay,8/25/2021,2400,237,0.00, ,0.00, ,0, ,12.1, ,57.5, ,75, ,49.5, ,2.0, ,264, ,79.5, 
47,Brentwood,San Francisco Bay,8/26/2021,0100,238,0.00, ,0.00, ,0, ,13.9, ,56.4, ,89, ,53.3, ,2.2, ,272, ,78.3, 
47,Brentwood,San Francisco Bay,8/26/2021,0200,238,0.00, ,0.00, ,0, ,14.6, ,55.1, ,98, ,54.6, ,2.1, ,310, ,77.2, 
47,Brentwood,San Francisco Bay,8/26/2021,0300,238,0.00, ,0.00, ,0, ,12.9, ,53.5, ,93, ,51.4, ,2.4, ,159, ,76.2, 
47,Brentwood,San Francisco Bay,8/26/2021,0400,238,0.00, ,0.00, ,0, ,12.9, ,52.1, ,97, ,51.3, ,2.6, ,174, ,75.3, 
47,Brentwood,San Francisco Bay,8/26/2021,0500,238,0.00, ,0.00, ,0, ,12.7, ,51.2, ,98, ,50.8, ,2.3, ,225, ,74.5, 
47,Brentwood,San Francisco Bay,8/26/2021,0600,238,0.00, ,0.00, ,29, ,12.9, ,51.5, ,99, ,51.3, ,2.4, ,227, ,73.7, 
47,Brentwood,San Francisco Bay,8/26/2021,0700,238,0.00, ,0.00, ,278, ,15.5, ,58.4, ,92, ,56.3, ,2.1, ,246, ,72.9, 
47,Brentwood,San Francisco Bay,8/26/2021,0800,238,0.01, ,0.00, ,676, ,17.3, ,66.9, ,77, ,59.4, ,4.7, ,322, ,72.4, 
47,Brentwood,San Francisco Bay,8/26/2021,0900,238,0.01, ,0.00, ,1077, ,17.1, ,72.3, ,63, ,59.1, ,5.3, ,314, ,72.5, 
47,Brentwood,San Francisco Bay,8/26/2021,1000,238,0.02, ,0.00, ,1416, ,15.0, ,77.1, ,47, ,55.4, ,6.1, ,303, ,73.3, 
47,Brentwood,San Francisco Bay,8/26/2021,1100,238,0.03, ,0.00, ,1651, ,13.4, ,80.7, ,37, ,52.4, ,7.3, ,309, ,74.8, 
47,Brentwood,San Francisco Bay,8/26/2021,1200,238,0.03, ,0.00, ,1761, ,12.9, ,83.9, ,33, ,51.3, ,6.5, ,311, ,76.6, 
47,Brentwood,San Francisco Bay,8/26/2021,1300,238,0.03, ,0.00, ,1784, ,12.2, ,87.9, ,27, ,49.7, ,7.4, ,318, ,78.7, 
47,Brentwood,San Francisco Bay,8/26/2021,1400,238,0.03, ,0.00, ,1695, ,12.1, ,90.6, ,25, ,49.6, ,8.0, ,317, ,80.8, 
47,Brentwood,San Francisco Bay,8/26/2021,1500,238,0.03, ,0.00, ,1500, ,10.7, ,93.0, ,20, ,46.3, ,7.0, ,315, ,82.7,Y
47,Brentwood,San Francisco Bay,8/26/2021,1600,238,0.02, ,0.00, ,1209, ,9.2, ,94.2, ,17, ,42.3, ,7.0, ,312, ,84.3,Y
47,Brentwood,San Francisco Bay,8/26/2021,1700,238,0.02, ,0.00, ,813, ,10.3, ,93.9, ,19, ,45.4, ,6.3, ,307, ,85.0,Y
47,Brentwood,San Francisco Bay,8/26/2021,1800,238,0.01, ,0.00, ,384, ,10.1, ,90.8, ,21, ,44.9, ,7.3, ,299, ,85.1,Y
47,Brentwood,San Francisco Bay,8/26/2021,1900,238,0.01, ,0.00, ,64, ,10.9, ,85.2, ,26, ,46.9, ,6.0, ,284, ,85.0,Y
47,Brentwood,San Francisco Bay,8/26/2021,2000,238,0.00, ,0.00, ,0, ,11.8, ,79.0, ,35, ,49.0, ,4.7, ,277, ,84.6,Y
47,Brentwood,San Francisco Bay,8/26/2021,2100,238,0.00, ,0.00, ,0, ,11.2, ,74.7, ,38, ,47.6, ,3.5, ,201, ,83.9,Y
47,Brentwood,San Francisco Bay,8/26/2021,2200,238,0.00, ,0.00, ,0, ,11.0, ,71.7, ,41, ,46.9, ,4.0, ,197, ,82.9,Y
47,Brentwood,San Francisco Bay,8/26/2021,2300,238,0.00, ,0.00, ,0, ,9.9, ,68.8, ,41, ,44.2, ,3.9, ,175, ,81.9,Y
47,Brentwood,San Francisco Bay,8/26/2021,2400,238,0.00, ,0.00, ,0, ,10.5, ,68.0, ,45, ,45.9, ,3.4, ,246, ,80.9,Y
47,Brentwood,San Francisco Bay,8/27/2021,0100,239,0.00, ,0.00, ,0, ,11.9, ,65.0, ,56, ,49.2, ,2.7, ,260, ,79.9,Y
47,Brentwood,San Francisco Bay,8/27/2021,0200,239,0.00, ,0.00, ,1, ,12.3, ,62.7, ,63, ,50.1, ,2.0, ,349, ,79.0, 
47,Brentwood,San Francisco Bay,8/27/2021,0300,239,0.00, ,0.00, ,1, ,11.7, ,60.2, ,66, ,48.7, ,2.7, ,137, ,78.1, 
47,Brentwood,San Francisco Bay,8/27/2021,0400,239,0.00, ,0.00, ,0, ,11.2, ,59.2, ,65, ,47.5, ,3.4, ,171, ,77.2, 
47,Brentwood,San Francisco Bay,8/27/2021,0500,239,0.00, ,0.00, ,0, ,12.5, ,57.5, ,77, ,50.4, ,2.4, ,230, ,76.4, 
47,Brentwood,San Francisco Bay,8/27/2021,0600,239,0.00, ,0.00, ,28, ,15.6, ,57.3, ,97, ,56.5, ,3.0, ,255, ,75.7, 
47,Brentwood,San Francisco Bay,8/27/2021,0700,239,0.00, ,0.00, ,268, ,16.3, ,62.8, ,83, ,57.7, ,3.1, ,275, ,75.0, 
47,Brentwood,San Francisco Bay,8/27/2021,0800,239,0.01, ,0.00, ,642, ,14.4, ,74.1, ,50, ,54.2, ,4.2, ,293, ,74.4, 
47,Brentwood,San Francisco Bay,8/27/2021,0900,239,0.02, ,0.00, ,999, ,12.2, ,81.6, ,33, ,49.9, ,7.5, ,312, ,74.5, 
47,Brentwood,San Francisco Bay,8/27/2021,1000,239,0.02, ,0.00, ,1274, ,11.6, ,84.8, ,28, ,48.5, ,9.5, ,319, ,75.3, 
47,Brentwood,San Francisco Bay,8/27/2021,1100,239,0.03, ,0.00, ,1527, ,11.7, ,87.7, ,26, ,48.8, ,9.3, ,330, ,76.3, 
47,Brentwood,San Francisco Bay,8/27/2021,1200,239,0.03, ,0.00, ,1611, ,12.3, ,91.0, ,25, ,50.1, ,6.9, ,329, ,77.7, 
47,Brentwood,San Francisco Bay,8/27/2021,1300,239,0.03, ,0.00, ,1632, ,12.0, ,94.2, ,22, ,49.4, ,6.2, ,317, ,79.5, 
47,Brentwood,San Francisco Bay,8/27/2021,1400,239,0.03, ,0.00, ,1532, ,12.1, ,95.7, ,21, ,49.6, ,6.0, ,318, ,81.6,Y
47,Brentwood,San Francisco Bay,8/27/2021,1500,239,0.02, ,0.00, ,1337, ,12.1, ,97.3, ,20, ,49.6, ,5.3, ,324, ,83.6,Y
47,Brentwood,San Francisco Bay,8/27/2021,1600,239,0.02, ,0.00, ,1085, ,11.8, ,98.4, ,19, ,48.9, ,6.0, ,353, ,85.2,Y
47,Brentwood,San Francisco Bay,8/27/2021,1700,239,0.01, ,0.00, ,704, ,11.9, ,97.5, ,20, ,49.2, ,5.7, ,11, ,86.0,Y
47,Brentwood,San Francisco Bay,8/27/2021,1800,239,0.01, ,0.00, ,310, ,12.1, ,94.6, ,22, ,49.5, ,4.4, ,8, ,86.3,Y
47,Brentwood,San Francisco Bay,8/27/2021,1900,239,0.00, ,0.00, ,46, ,13.4, ,87.5, ,30, ,52.3, ,2.8, ,163, ,86.2,Y
47,Brentwood,San Francisco Bay,8/27/2021,2000,239,0.00, ,0.00, ,0, ,13.9, ,78.8, ,41, ,53.3, ,2.0, ,298, ,85.8,Y
47,Brentwood,San Francisco Bay,8/27/2021,2100,239,0.00, ,0.00, ,0, ,13.6, ,74.8, ,46, ,52.7, ,2.4, ,287, ,85.0,Y
47,Brentwood,San Francisco Bay,8/27/2021,2200,239,0.00, ,0.00, ,0, ,12.4, ,74.1, ,43, ,50.2, ,3.7, ,206, ,84.0,Y
47,Brentwood,San Francisco Bay,8/27/2021,2300,239,0.00, ,0.00, ,0, ,11.2, ,72.9, ,40, ,47.5, ,3.8, ,217, ,82.9,Y
47,Brentwood,San Francisco Bay,8/27/2021,2400,239,0.00, ,0.00, ,0, ,10.8, ,72.7, ,39, ,46.7, ,4.0, ,213, ,81.9,Y
47,Brentwood,San Francisco Bay,8/28/2021,0100,240,0.00, ,0.00, ,0, ,10.6, ,68.2, ,45, ,46.0, ,2.9, ,87, ,80.9,Y
47,Brentwood,San Francisco Bay,8/28/2021,0200,240,0.00, ,0.00, ,0, ,11.9, ,65.3, ,56, ,49.1, ,2.8, ,125, ,80.0,Y
47,Brentwood,San Francisco Bay,8/28/2021,0300,240,0.00, ,0.00, ,0, ,10.8, ,62.9, ,55, ,46.5, ,2.9, ,177, ,79.2,Y
47,Brentwood,San Francisco Bay,8/28/2021,0400,240,0.00, ,0.00, ,1, ,12.0, ,61.4, ,64, ,49.3, ,2.2, ,259, ,78.4,Y
47,Brentwood,San Francisco Bay,8/28/2021,0500,240,0.00, ,0.00, ,0, ,11.8, ,60.6, ,65, ,49.0, ,2.8, ,259, ,77.5, 
47,Brentwood,San Francisco Bay,8/28/2021,0600,240,0.00, ,0.00, ,20, ,11.3, ,60.5, ,63, ,47.8, ,2.9, ,207, ,76.8, 
47,Brentwood,San Francisco Bay,8/28/2021,0700,240,0.00, ,0.00, ,230, ,11.7, ,64.9, ,56, ,48.7, ,2.3, ,241, ,76.0, 
47,Brentwood,San Francisco Bay,8/28/2021,0800,240,0.01, ,0.00, ,595, ,13.1, ,75.6, ,43, ,51.7, ,2.1, ,322, ,75.5, 
47,Brentwood,San Francisco Bay,8/28/2021,0900,240,0.01,Y,0.00, ,988, ,12.5, ,83.9,Y,32,Y,50.5,Y,2.5, ,314, ,75.4, 
47,Brentwood,San Francisco Bay,8/28/2021,1000,240,0.02,Y,0.00, ,1322, ,12.4, ,87.9,Y,27,Y,50.2,Y,3.7, ,309, ,76.1, 
47,Brentwood,San Francisco Bay,8/28/2021,1100,240,0.03, ,0.00, ,1562, ,12.5, ,90.9, ,25, ,50.4, ,6.6, ,319, ,77.6,Y
47,Brentwood,San Francisco Bay,8/28/2021,1200,240,0.03, ,0.00, ,1693, ,12.3, ,94.2, ,22, ,50.1, ,5.7, ,325, ,79.5,Y
47,Brentwood,San Francisco Bay,8/28/2021,1300,240,0.03, ,0.00, ,1720, ,12.3, ,96.5, ,21, ,50.1, ,5.5, ,333, ,81.6,Y
47,Brentwood,San Francisco Bay,8/28/2021,1400,240,0.03, ,0.00, ,1621, ,12.6, ,99.5, ,20, ,50.7, ,5.2, ,319, ,83.9,Y
47,Brentwood,San Francisco Bay,8/28/2021,1500,240,0.03, ,0.00, ,1394, ,13.0, ,100.6, ,19, ,51.4, ,5.6, ,312, ,85.9,Y
47,Brentwood,San Francisco Bay,8/28/2021,1600,240,0.02, ,0.00, ,1069, ,13.2, ,101.2, ,19, ,51.9, ,5.4, ,321, ,87.6,R
47,Brentwood,San Francisco Bay,8/28/2021,1700,240,0.01, ,0.00, ,668, ,13.9, ,98.9, ,22, ,53.3, ,5.5, ,18, ,88.3,R
47,Brentwood,San Francisco Bay,8/28/2021,1800,240,0.01, ,0.00, ,292, ,14.4, ,94.5, ,26, ,54.2, ,5.0, ,35, ,88.4,R
47,Brentwood,San Francisco Bay,8/28/2021,1900,240,0.00, ,0.00, ,34, ,15.0, ,89.3, ,32, ,55.4, ,1.8, ,350, ,88.3,R
47,Brentwood,San Francisco Bay,8/28/2021,2000,240,0.00, ,0.00, ,0, ,13.8, ,80.5, ,39, ,53.2, ,4.1, ,311, ,87.7,R
47,Brentwood,San Francisco Bay,8/28/2021,2100,240,0.00, ,0.00, ,0, ,13.1, ,76.5, ,42, ,51.7, ,3.8, ,281, ,86.8,R
47,Brentwood,San Francisco Bay,8/28/2021,2200,240,0.00, ,0.00, ,0, ,12.5, ,75.4, ,41, ,50.4, ,3.7, ,268, ,85.7,R
47,Brentwood,San Francisco Bay,8/28/2021,2300,240,0.00, ,0.00, ,0, ,11.6, ,73.8, ,41, ,48.4, ,2.1, ,114, ,84.6,R
47,Brentwood,San Francisco Bay,8/28/2021,2400,240,0.00, ,0.00, ,0, ,11.6, ,69.4, ,47, ,48.4, ,1.7, ,247, ,83.5,Y
47,Brentwood,San Francisco Bay,8/29/2021,0100,241,0.00, ,0.00, ,0, ,11.9, ,65.0, ,56, ,49.2, ,2.4, ,286, ,82.4,Y
47,Brentwood,San Francisco Bay,8/29/2021,0200,241,0.00, ,0.00, ,0, ,12.4, ,66.2, ,56, ,50.2, ,3.7, ,252, ,81.3,Y
47,Brentwood,San Francisco Bay,8/29/2021,0300,241,0.00, ,0.00, ,0, ,12.9, ,66.8, ,57, ,51.3, ,2.8, ,244, ,80.2,Y
47,Brentwood,San Francisco Bay,8/29/2021,0400,241,0.00, ,0.00, ,1, ,12.4, ,61.1, ,67, ,50.2, ,2.4, ,292, ,79.3,Y
47,Brentwood,San Francisco Bay,8/29/2021,0500,241,0.00, ,0.00, ,0, ,16.0, ,60.7, ,88, ,57.2, ,3.1, ,279, ,78.5,Y
47,Brentwood,San Francisco Bay,8/29/2021,0600,241,0.00, ,0.00, ,18, ,16.8, ,59.8, ,95, ,58.5, ,2.0, ,97, ,77.7,Y
47,Brentwood,San Francisco Bay,8/29/2021,0700,241,0.00, ,0.00, ,234, ,15.2, ,62.4, ,79, ,55.8, ,2.6, ,183, ,76.9,Y
47,Brentwood,San Francisco Bay,8/29/2021,0800,241,0.01, ,0.00, ,622, ,16.3, ,72.6, ,60, ,57.8, ,3.2, ,309, ,76.3, 
47,Brentwood,San Francisco Bay,8/29/2021,0900,241,0.01, ,0.00, ,1014, ,15.7, ,79.7, ,45, ,56.7, ,4.2, ,305, ,76.2, 
47,Brentwood,San Francisco Bay,8/29/2021,1000,241,0.02, ,0.00, ,1344, ,15.7, ,85.8, ,37, ,56.8, ,4.8, ,303, ,76.9,Y
47,Brentwood,San Francisco Bay,8/29/2021,1100,241,0.03, ,0.00, ,1579, ,15.0, ,90.6, ,31, ,55.5, ,6.2, ,304, ,78.3,Y
47,Brentwood,San Francisco Bay,8/29/2021,1200,241,0.03, ,0.00, ,1718, ,14.0, ,94.0, ,26, ,53.6, ,6.9, ,312, ,80.2,Y
47,Brentwood,San Francisco Bay,8/29/2021,1300,241,0.03,Y,0.00, ,1745, ,12.6, ,97.4,Y,21,Y,50.8,Y,6.5, ,315, ,82.3,Y
47,Brentwood,San Francisco Bay,8/29/2021,1400,241,0.03,Y,0.00, ,1641, ,12.0, ,100.0,Y,18,Y,49.3,Y,7.3, ,312, ,84.4,Y
47,Brentwood,San Francisco Bay,8/29/2021,1500,241,0.03, ,0.00, ,1413, ,11.6, ,101.2, ,17, ,48.4, ,8.3, ,310, ,86.2,R
47,Brentwood,San Francisco Bay,8/29/2021,1600,241,0.02, ,0.00, ,1104, ,11.4, ,100.9, ,17, ,48.1, ,9.1, ,299, ,87.7,R
47,Brentwood,San Francisco Bay,8/29/2021,1700,241,0.02, ,0.00, ,725, ,12.3, ,99.0, ,19, ,49.9, ,9.1, ,297, ,88.3,R
47,Brentwood,San Francisco Bay,8/29/2021,1800,241,0.01, ,0.00, ,323, ,12.7, ,95.8, ,22, ,51.0, ,7.7, ,293, ,88.4,R
47,Brentwood,San Francisco Bay,8/29/2021,1900,241,0.00, ,0.00, ,40, ,13.4, ,87.1, ,30, ,52.3, ,5.2, ,309, ,88.3,R
47,Brentwood,San Francisco Bay,8/29/2021,2000,241,0.00, ,0.00, ,0, ,12.7, ,82.1, ,34, ,51.0, ,6.2, ,280, ,87.8,R
47,Brentwood,San Francisco Bay,8/29/2021,2100,241,0.00,Y,0.00, ,0, ,10.2, ,82.9,Y,27,Y,45.1,Y,5.4, ,227, ,87.0,R
47,Brentwood,San Francisco Bay,8/29/2021,2200,241,0.00, ,0.00, ,0, ,12.1, ,74.8, ,41, ,49.7, ,2.8, ,42, ,86.0,R
47,Brentwood,San Francisco Bay,8/29/2021,2300,241,0.00, ,0.00, ,0, ,14.2, ,69.3, ,58, ,53.9, ,2.5, ,36, ,85.0,R
47,Brentwood,San Francisco Bay,8/29/2021,2400,241,0.00, ,0.00, ,0, ,14.0, ,66.8, ,62, ,53.5, ,2.1, ,347, ,83.9,R
47,Brentwood,San Francisco Bay,8/30/2021,0100,242,0.00, ,0.00, ,0, ,14.7, ,64.1, ,72, ,54.8, ,2.3, ,3, ,82.8,R
47,Brentwood,San Francisco Bay,8/30/2021,0200,242,0.00, ,0.00, ,0, ,15.1, ,63.2, ,76, ,55.6, ,2.1, ,17, ,81.8,Y
47,Brentwood,San Francisco Bay,8/30/2021,0300,242,0.00, ,0.00, ,1, ,17.9, ,61.5, ,96, ,60.4, ,3.6, ,313, ,80.7,Y
47,Brentwood,San Francisco Bay,8/30/2021,0400,242,0.00, ,0.00, ,1, ,17.8, ,60.7, ,98, ,60.2, ,2.6, ,342, ,79.8,Y
47,Brentwood,San Francisco Bay,8/30/2021,0500,242,0.00, ,0.00, ,1, ,17.3, ,59.6, ,99, ,59.4, ,3.1, ,322, ,78.9,Y
47,Brentwood,San Francisco Bay,8/30/2021,0600,242,0.00, ,0.00, ,17, ,16.5, ,58.2, ,99, ,58.0, ,2.6, ,322, ,78.1,Y
47,Brentwood,San Francisco Bay,8/30/2021,0700,242,0.00, ,0.00, ,230, ,18.8, ,61.9, ,99, ,61.7, ,2.8, ,307, ,77.3,Y
47,Brentwood,San Francisco Bay,8/30/2021,0800,242,0.01, ,0.00, ,632, ,20.6, ,69.6, ,83, ,64.3, ,4.4, ,316, ,76.7,Y
47,Brentwood,San Francisco Bay,8/30/2021,0900,242,0.01, ,0.00, ,1056, ,19.3, ,76.5, ,62, ,62.5, ,3.3, ,346, ,76.6,Y
47,Brentwood,San Francisco Bay,8/30/2021,1000,242,0.02, ,0.00, ,1385, ,19.3, ,80.1, ,55, ,62.4, ,4.1, ,350, ,77.2,Y
47,Brentwood,San Francisco Bay,8/30/2021,1100,242,0.02, ,0.00, ,1625, ,16.1, ,83.9, ,41, ,57.4, ,4.2, ,351, ,78.6,Y
47,Brentwood,San Francisco Bay,8/30/2021,1200,242,0.03, ,0.00, ,1755, ,17.1, ,87.8, ,38, ,59.1, ,5.1, ,334, ,80.6,Y
47,Brentwood,San Francisco Bay,8/30/2021,1300,242,0.03, ,0.00, ,1774, ,16.2, ,92.0, ,32, ,57.6, ,5.6, ,354, ,82.9,Y
47,Brentwood,San Francisco Bay,8/30/2021,1400,242,0.03, ,0.00, ,1679, ,14.3, ,95.6, ,25, ,54.1, ,5.6, ,359, ,85.1,R
47,Brentwood,San Francisco Bay,8/30/2021,1500,242,0.03, ,0.00, ,1469, ,15.2, ,97.4, ,25, ,55.8, ,5.9, ,350, ,87.2,R
47,Brentwood,San Francisco Bay,8/30/2021,1600,242,0.02, ,0.00, ,1157, ,16.0, ,97.8, ,26, ,57.2, ,6.2, ,321, ,88.7,R
47,Brentwood,San Francisco Bay,8/30/2021,1700,242,0.01, ,0.00, ,765, ,14.2, ,99.3, ,22, ,54.0, ,4.2, ,335, ,89.3,R
47,Brentwood,San Francisco Bay,8/30/2021,1800,242,0.01, ,0.00, ,362, ,15.2, ,93.5, ,28, ,55.8, ,5.0, ,332, ,89.2,R
47,Brentwood,San Francisco Bay,8/30/2021,1900,242,0.00, ,0.00, ,56, ,14.4, ,84.3, ,36, ,54.4, ,3.0, ,292, ,89.0,R
47,Brentwood,San Francisco Bay,8/30/2021,2000,242,0.00, ,0.00, ,0, ,14.8, ,75.2, ,50, ,55.1, ,2.6, ,321, ,88.3,R
47,Brentwood,San Francisco Bay,8/30/2021,2100,242,0.00, ,0.00, ,0, ,13.7, ,71.2, ,53, ,53.0, ,2.2, ,59, ,87.2,R
47,Brentwood,San Francisco Bay,8/30/2021,2200,242,0.00, ,0.00, ,0, ,12.5, ,67.4, ,55, ,50.6, ,3.7, ,325, ,85.9,R
47,Brentwood,San Francisco Bay,8/30/2021,2300,242,0.00, ,0.00, ,0, ,12.5, ,63.3, ,63, ,50.4, ,3.0, ,313, ,84.5,R
47,Brentwood,San Francisco Bay,8/30/2021,2400,242,0.00, ,0.00, ,1, ,13.1, ,61.5, ,70, ,51.8, ,2.8, ,8, ,83.2,Y
47,Brentwood,San Francisco Bay,8/31/2021,0100,243,0.00, ,0.00, ,0, ,12.1, ,58.6, ,72, ,49.5, ,2.7, ,181, ,81.9,Y
47,Brentwood,San Francisco Bay,8/31/2021,0200,243,0.00, ,0.00, ,0, ,14.6, ,56.3, ,94, ,54.7, ,2.3, ,279, ,80.7,Y
47,Brentwood,San Francisco Bay,8/31/2021,0300,243,0.00, ,0.00, ,0, ,14.6, ,55.9, ,96, ,54.7, ,2.7, ,162, ,79.5,Y
47,Brentwood,San Francisco Bay,8/31/2021,0400,243,0.00, ,0.00, ,0, ,13.9, ,54.1, ,97, ,53.3, ,2.2, ,252, ,78.4,Y
47,Brentwood,San Francisco Bay,8/31/2021,0500,243,0.00, ,0.00, ,0, ,13.6, ,53.0, ,99, ,52.8, ,1.8, ,186, ,77.5,Y
47,Brentwood,San Francisco Bay,8/31/2021,0600,243,0.00, ,0.00, ,25, ,13.3, ,52.9, ,97, ,52.2, ,2.4, ,206, ,76.5, 
47,Brentwood,San Francisco Bay,8/31/2021,0700,243,0.00, ,0.00, ,279, ,16.1, ,59.3, ,93, ,57.4, ,2.1, ,180, ,75.7, 
47,Brentwood,San Francisco Bay,8/31/2021,0800,243,0.01, ,0.00, ,687, ,16.3, ,71.4, ,62, ,57.7, ,3.2, ,315, ,75.0, 
47,Brentwood,San Francisco Bay,8/31/2021,0900,243,0.01, ,0.00, ,1091, ,13.8, ,78.7, ,41, ,53.1, ,2.9, ,324, ,74.9, 
47,Brentwood,San Francisco Bay,8/31/2021,1000,243,0.02, ,0.00, ,1416, ,13.5, ,83.2, ,35, ,52.6, ,4.4, ,322, ,75.7, 
47,Brentwood,San Francisco Bay,8/31/2021,1100,243,0.03, ,0.00, ,1649, ,12.9, ,84.4, ,32, ,51.3, ,4.6, ,292, ,77.5,Y
47,Brentwood,San Francisco Bay,8/31/2021,1200,243,0.03, ,0.00, ,1774, ,13.3, ,86.7, ,31, ,52.1, ,6.4, ,305, ,79.7,Y
47,Brentwood,San Francisco Bay,8/31/2021,1300,243,0.03, ,0.00, ,1782, ,13.9, ,89.2, ,30, ,53.3, ,6.9, ,323, ,81.9,Y
47,Brentwood,San Francisco Bay,8/31/2021,1400,243,0.03, ,0.00, ,1677, ,13.6, ,91.9, ,27, ,52.7, ,6.6, ,318, ,84.1,Y
47,Brentwood,San Francisco Bay,8/31/2021,1500,243,0.02, ,0.00, ,1486, ,11.9, ,93.0, ,22, ,49.1, ,5.1, ,349, ,86.2,R
47,Brentwood,San Francisco Bay,8/31/2021,1600,243,0.02, ,0.00, ,1187, ,8.5, ,91.1, ,17, ,40.4, ,9.3, ,219, ,87.9,R
47,Brentwood,San Francisco Bay,8/31/2021,1700,243,0.02, ,0.00, ,793, ,8.2, ,87.9, ,18, ,39.4, ,10.2, ,213, ,88.4,R
47,Brentwood,San Francisco Bay,8/31/2021,1800,243,0.01, ,0.00, ,369, ,7.3, ,83.3, ,19, ,36.6, ,12.0, ,217, ,88.3,R
47,Brentwood,San Francisco Bay,8/31/2021,1900,243,0.01, ,0.00, ,51, ,7.5, ,78.0, ,23, ,37.0, ,9.0, ,222, ,87.8,R
47,Brentwood,San Francisco Bay,8/31/2021,2000,243,0.00, ,0.00, ,0, ,7.8, ,72.5, ,28, ,38.0, ,5.6, ,224, ,87.0,R
47,Brentwood,San Francisco Bay,8/31/2021,2100,243,0.00, ,0.00, ,0, ,8.0, ,66.5, ,36, ,38.7, ,2.4, ,357, ,85.9,R
47,Brentwood,San Francisco Bay,8/31/2021,2200,243,0.00, ,0.00, ,0, ,8.3, ,65.5, ,38, ,39.6, ,3.1, ,44, ,84.5,Y
47,Brentwood,San Francisco Bay,8/31/2021,2300,243,0.00, ,0.00, ,1, ,10.1, ,59.5, ,58, ,44.9, ,3.5, ,58, ,83.1,Y
47,Brentwood,San Francisco Bay,8/31/2021,2400,243,0.00, ,0.00, ,0, ,11.0, ,57.7, ,68, ,47.1, ,3.4, ,62, ,81.7,Y
47,Brentwood,San Francisco Bay,9/1/2021,0100,244,0.00, ,0.00, ,0, ,12.9, ,55.5, ,86, ,51.3, ,2.7, ,11, ,80.5,Y
47,Brentwood,San Francisco Bay,9/1/2021,0200,244,0.00, ,0.00, ,0, ,14.1, ,54.1, ,99, ,53.8, ,2.1, ,226, ,79.3,Y
47,Brentwood,San Francisco Bay,9/1/2021,0300,244,0.00, ,0.00, ,0, ,13.5, ,52.9, ,99, ,52.6, ,1.9, ,181, ,78.2,Y
47,Brentwood,San Francisco Bay,9/1/2021,0400,244,0.00, ,0.00, ,0, ,12.6, ,51.1, ,99, ,50.7, ,2.0, ,181, ,77.1, 
47,Brentwood,San Francisco Bay,9/1/2021,0500,244,0.00, ,0.00, ,0, ,12.0, ,49.9, ,98, ,49.4, ,1.4, ,122, ,76.0, 
47,Brentwood,San Francisco Bay,9/1/2021,0600,244,0.00, ,0.00, ,21, ,12.3, ,50.3, ,99, ,50.1, ,2.0, ,189, ,75.1, 
47,Brentwood,San Francisco Bay,9/1/2021,0700,244,0.00, ,0.00, ,273, ,15.2, ,55.9, ,100, ,55.8, ,2.0, ,183, ,74.1, 
47,Brentwood,San Francisco Bay,9/1/2021,0800,244,0.01, ,0.00, ,668, ,17.9, ,63.3, ,90, ,60.3, ,3.9, ,32, ,73.4, 
47,Brentwood,San Francisco Bay,9/1/2021,0900,244,0.01, ,0.00, ,1073, ,17.1, ,67.5, ,74, ,59.0, ,4.8, ,31, ,73.4, 
47,Brentwood,San Francisco Bay,9/1/2021,1000,244,0.02, ,0.00, ,1402, ,13.9, ,72.4, ,51, ,53.3, ,3.6, ,3, ,74.2, 
47,Brentwood,San Francisco Bay,9/1/2021,1100,244,0.02, ,0.00, ,1628, ,13.8, ,75.2, ,46, ,53.1, ,6.1, ,3, ,75.8, 
47,Brentwood,San Francisco Bay,9/1/2021,1200,244,0.03, ,0.00, ,1759, ,13.7, ,78.0, ,42, ,52.9, ,6.5, ,359, ,77.8, 
47,Brentwood,San Francisco Bay,9/1/2021,1300,244,0.03, ,0.00, ,1766, ,14.0, ,80.3, ,40, ,53.5, ,6.4, ,6, ,80.0,Y
47,Brentwood,San Francisco Bay,9/1/2021,1400,244,0.03, ,0.00, ,1656, ,14.1, ,82.0, ,38, ,53.7, ,5.4, ,9, ,82.1,Y
47,Brentwood,San Francisco Bay,9/1/2021,1500,244,0.02, ,0.00, ,1476, ,10.7, ,83.0, ,28, ,46.4, ,7.7, ,235, ,84.2,Y
47,Brentwood,San Francisco Bay,9/1/2021,1600,244,0.02, ,0.00, ,1168, ,9.7, ,82.5, ,25, ,43.6, ,9.5, ,236, ,85.7,Y
47,Brentwood,San Francisco Bay,9/1/2021,1700,244,0.02, ,0.00, ,781, ,10.3, ,81.1, ,28, ,45.4, ,9.5, ,258, ,86.1,Y
47,Brentwood,San Francisco Bay,9/1/2021,1800,244,0.01, ,0.00, ,345, ,13.2, ,72.8, ,48, ,51.9, ,11.8, ,312, ,85.7,Y
47,Brentwood,San Francisco Bay,9/1/2021,1900,244,0.00, ,0.00, ,43, ,12.1, ,68.2, ,51, ,49.6, ,7.1, ,315, ,85.4,Y
47,Brentwood,San Francisco Bay,9/1/2021,2000,244,0.00, ,0.00, ,0, ,12.1, ,63.1, ,61, ,49.6, ,6.9, ,316, ,84.8,Y
47,Brentwood,San Francisco Bay,9/1/2021,2100,244,0.00, ,0.00, ,1, ,12.0, ,60.2, ,68, ,49.4, ,6.0, ,313, ,83.8,Y
47,Brentwood,San Francisco Bay,9/1/2021,2200,244,0.00, ,0.00, ,0, ,11.9, ,58.7, ,71, ,49.2, ,4.3, ,318, ,82.6,Y
47,Brentwood,San Francisco Bay,9/1/2021,2300,244,0.00, ,0.00, ,0, ,12.7, ,56.8, ,81, ,50.9, ,3.9, ,313, ,81.4,Y
47,Brentwood,San Francisco Bay,9/1/2021,2400,244,0.00, ,0.00, ,0, ,14.6, ,55.0, ,99, ,54.7, ,3.1, ,1, ,80.1,Y
47,Brentwood,San Francisco Bay,9/2/2021,0100,245,0.00, ,0.00, ,0, ,14.0, ,53.8, ,99, ,53.5, ,2.1, ,32, ,78.9,Y
47,Brentwood,San Francisco Bay,9/2/2021,0200,245,0.00, ,0.00, ,0, ,13.4, ,52.6, ,99, ,52.3, ,2.2, ,170, ,77.7, 
47,Brentwood,San Francisco Bay,9/2/2021,0300,245,0.00, ,0.00, ,0, ,12.9, ,51.5, ,99, ,51.2, ,1.5, ,61, ,76.6, 
47,Brentwood,San Francisco Bay,9/2/2021,0400,245,0.00, ,0.00, ,0, ,12.0, ,49.7, ,99, ,49.5, ,2.5, ,189, ,75.5, 
47,Brentwood,San Francisco Bay,9/2/2021,0500,245,0.00, ,0.00, ,0, ,11.8, ,49.2, ,99, ,49.0, ,2.4, ,219, ,74.5, 
47,Brentwood,San Francisco Bay,9/2/2021,0600,245,0.00, ,0.00, ,20, ,11.5, ,48.5, ,99, ,48.3, ,1.9, ,196, ,73.7, 
47,Brentwood,San Francisco Bay,9/2/2021,0700,245,0.00, ,0.00, ,254, ,13.7, ,53.1, ,99, ,53.0, ,1.6, ,227, ,72.8, 
47,Brentwood,San Francisco Bay,9/2/2021,0800,245,0.01, ,0.00, ,622, ,15.3, ,60.9, ,84, ,56.0, ,2.6, ,209, ,72.2, 
47,Brentwood,San Francisco Bay,9/2/2021,0900,245,0.01, ,0.00, ,981, ,14.6, ,65.0, ,69, ,54.6, ,2.8, ,189, ,72.1, 
47,Brentwood,San Francisco Bay,9/2/2021,1000,245,0.02, ,0.00, ,1307, ,12.8, ,68.2, ,54, ,51.0, ,4.0, ,256, ,72.9, 
47,Brentwood,San Francisco Bay,9/2/2021,1100,245,0.02, ,0.00, ,1529, ,11.9, ,71.6, ,45, ,49.1, ,3.3, ,106, ,74.4, 
47,Brentwood,San Francisco Bay,9/2/2021,1200,245,0.02, ,0.00, ,1671, ,11.7, ,74.8, ,40, ,48.8, ,3.5, ,292, ,76.3, 
47,Brentwood,San Francisco Bay,9/2/2021,1300,245,0.02, ,0.00, ,1679, ,12.5, ,77.7, ,39, ,50.5, ,3.9, ,319, ,78.6, 
47,Brentwood,San Francisco Bay,9/2/2021,1400,245,0.02, ,0.00, ,1578, ,12.7, ,80.4, ,36, ,50.9, ,6.6, ,332, ,80.8,Y
47,Brentwood,San Francisco Bay,9/2/2021,1500,245,0.02, ,0.00, ,1334, ,12.7, ,80.5, ,36, ,50.8, ,7.3, ,302, ,82.6,Y
47,Brentwood,San Francisco Bay,9/2/2021,1600,245,0.02, ,0.00, ,1018, ,12.7, ,81.0, ,35, ,51.0, ,7.8, ,310, ,83.8,Y
47,Brentwood,San Francisco Bay,9/2/2021,1700,245,0.01, ,0.00, ,641, ,12.6, ,80.8, ,35, ,50.6, ,7.4, ,315, ,84.3,Y
47,Brentwood,San Francisco Bay,9/2/2021,1800,245,0.01, ,0.00, ,256, ,13.7, ,76.2, ,44, ,53.0, ,7.6, ,322, ,84.2,Y
47,Brentwood,San Francisco Bay,9/2/2021,1900,245,0.00, ,0.00, ,25, ,12.6, ,70.8, ,49, ,50.7, ,7.0, ,307, ,83.9,Y
47,Brentwood,San Francisco Bay,9/2/2021,2000,245,0.00, ,0.00, ,0, ,12.1, ,66.9, ,54, ,49.5, ,6.0, ,288, ,83.3,Y
47,Brentwood,San Francisco Bay,9/2/2021,2100,245,0.00, ,0.00, ,0, ,12.1, ,64.2, ,59, ,49.5, ,4.2, ,278, ,82.4,Y
47,Brentwood,San Francisco Bay,9/2/2021,2200,245,0.00, ,0.00, ,1, ,12.1, ,61.4, ,65, ,49.6, ,1.8, ,157, ,81.3,Y
47,Brentwood,San Francisco Bay,9/2/2021,2300,245,0.00, ,0.00, ,0, ,11.2, ,57.8, ,68, ,47.5, ,3.6, ,190, ,80.1,Y
47,Brentwood,San Francisco Bay,9/2/2021,2400,245,0.00, ,0.00, ,0, ,11.4, ,56.9, ,72, ,48.0, ,3.4, ,284, ,78.9, 
47,Brentwood,San Francisco Bay,9/3/2021,0100,246,0.00, ,0.00, ,0, ,12.8, ,56.1, ,83, ,51.2, ,2.3, ,295, ,77.8, 
47,Brentwood,San Francisco Bay,9/3/2021,0200,246,0.00, ,0.00, ,0, ,14.0, ,53.7, ,99, ,53.5, ,1.8, ,331, ,76.7, 
47,Brentwood,San Francisco Bay,9/3/2021,0300,246,0.00, ,0.00, ,0, ,13.2, ,52.3, ,99, ,52.0, ,2.4, ,77, ,75.7, 
47,Brentwood,San Francisco Bay,9/3/2021,0400,246,0.00, ,0.00, ,0, ,12.9, ,51.6, ,99, ,51.4, ,2.2, ,198, ,74.8, 
47,Brentwood,San Francisco Bay,9/3/2021,0500,246,0.00, ,0.00, ,0, ,12.4, ,50.4, ,99, ,50.2, ,2.3, ,262, ,73.9, 
47,Brentwood,San Francisco Bay,9/3/2021,0600,246,0.00, ,0.00, ,12, ,12.5, ,50.7, ,99, ,50.5, ,1.7, ,225, ,73.1, 
47,Brentwood,San Francisco Bay,9/3/2021,0700,246,0.00, ,0.00, ,214, ,14.3, ,54.4, ,99, ,54.0, ,1.2, ,243, ,72.3, 
47,Brentwood,San Francisco Bay,9/3/2021,0800,246,0.01, ,0.00, ,603, ,15.9, ,63.0, ,81, ,57.1, ,2.1, ,305, ,71.7, 
47,Brentwood,San Francisco Bay,9/3/2021,0900,246,0.01, ,0.00, ,1009, ,15.5, ,68.2, ,66, ,56.3, ,3.7, ,320, ,71.7, 
47,Brentwood,San Francisco Bay,9/3/2021,1000,246,0.02, ,0.00, ,1355, ,13.5, ,72.8, ,49, ,52.6, ,4.0, ,333, ,72.5, 
47,Brentwood,San Francisco Bay,9/3/2021,1100,246,0.02, ,0.00, ,1594, ,13.5, ,75.8, ,45, ,52.6, ,3.7, ,278, ,74.0, 
47,Brentwood,San Francisco Bay,9/3/2021,1200,246,0.03, ,0.00, ,1722, ,13.3, ,81.2, ,37, ,52.2, ,4.7, ,325, ,76.2, 
47,Brentwood,San Francisco Bay,9/3/2021,1300,246,0.03, ,0.00, ,1739, ,12.6, ,84.5, ,31, ,50.6, ,5.0, ,343, ,78.6, 
47,Brentwood,San Francisco Bay,9/3/2021,1400,246,0.03, ,0.00, ,1628, ,11.8, ,86.4, ,27, ,48.9, ,5.5, ,360, ,81.0,Y
47,Brentwood,San Francisco Bay,9/3/2021,1500,246,0.02, ,0.00, ,1407, ,11.0, ,88.5, ,24, ,47.1, ,4.9, ,322, ,83.1,Y
47,Brentwood,San Francisco Bay,9/3/2021,1600,246,0.02, ,0.00, ,1098, ,10.5, ,90.0, ,22, ,45.9, ,5.2, ,325, ,84.7,Y
47,Brentwood,San Francisco Bay,9/3/2021,1700,246,0.01, ,0.00, ,706, ,9.5, ,89.8, ,20, ,43.3, ,5.4, ,324, ,85.1,Y
47,Brentwood,San Francisco Bay,9/3/2021,1800,246,0.01, ,0.00, ,291, ,10.2, ,86.2, ,24, ,45.0, ,6.6, ,295, ,85.0,Y
47,Brentwood,San Francisco Bay,9/3/2021,1900,246,0.00, ,0.00, ,28, ,11.2, ,79.2, ,33, ,47.6, ,5.9, ,302, ,84.7,Y
47,Brentwood,San Francisco Bay,9/3/2021,2000,246,0.00, ,0.00, ,0, ,12.7, ,72.4, ,47, ,50.8, ,4.3, ,295, ,84.1,Y
47,Brentwood,San Francisco Bay,9/3/2021,2100,246,0.00, ,0.00, ,0, ,12.4, ,67.9, ,53, ,50.2, ,4.3, ,299, ,83.2,Y
47,Brentwood,San Francisco Bay,9/3/2021,2200,246,0.00, ,0.00, ,0, ,11.8, ,65.4, ,55, ,48.9, ,3.6, ,288, ,82.1,Y
47,Brentwood,San Francisco Bay,9/3/2021,2300,246,0.00, ,0.00, ,1, ,11.5, ,62.8, ,59, ,48.2, ,2.3, ,250, ,81.0,Y
47,Brentwood,San Francisco Bay,9/3/2021,2400,246,0.00, ,0.00, ,0, ,10.6, ,60.8, ,58, ,46.0, ,3.2, ,173, ,79.8,Y
47,Brentwood,San Francisco Bay,9/4/2021,0100,247,0.00, ,0.00, ,0, ,10.1, ,60.5, ,56, ,44.8, ,1.9, ,294, ,78.6,Y
47,Brentwood,San Francisco Bay,9/4/2021,0200,247,0.00, ,0.00, ,0, ,10.3, ,56.6, ,66, ,45.2, ,1.9, ,16, ,77.6, 
47,Brentwood,San Francisco Bay,9/4/2021,0300,247,0.00, ,0.00, ,0, ,11.3, ,55.6, ,75, ,47.8, ,2.0, ,201, ,76.5, 
47,Brentwood,San Francisco Bay,9/4/2021,0400,247,0.00, ,0.00, ,0, ,13.2, ,53.4, ,95, ,52.0, ,1.6, ,255, ,75.5, 
47,Brentwood,San Francisco Bay,9/4/2021,0500,247,0.00, ,0.00, ,0, ,13.9, ,53.6, ,99, ,53.4, ,2.3, ,234, ,74.6, 
47,Brentwood,San Francisco Bay,9/4/2021,0600,247,0.00, ,0.00, ,14, ,13.9, ,53.5, ,99, ,53.4, ,2.2, ,242, ,73.8, 
47,Brentwood,San Francisco Bay,9/4/2021,0700,247,0.00, ,0.00, ,235, ,15.6, ,57.0, ,98, ,56.6, ,2.5, ,288, ,72.9, 
47,Brentwood,San Francisco Bay,9/4/2021,0800,247,0.01, ,0.00, ,623, ,18.0, ,66.3, ,82, ,60.5, ,4.7, ,305, ,72.4, 
47,Brentwood,San Francisco Bay,9/4/2021,0900,247,0.01, ,0.00, ,1033, ,17.1, ,72.8, ,62, ,59.0, ,5.2, ,323, ,72.4, 
47,Brentwood,San Francisco Bay,9/4/2021,1000,247,0.02, ,0.00, ,1373, ,13.9, ,78.2, ,42, ,53.4, ,5.7, ,317, ,73.3, 
47,Brentwood,San Francisco Bay,9/4/2021,1100,247,0.03, ,0.00, ,1615, ,12.3, ,82.1, ,33, ,50.0, ,7.6, ,314, ,74.9, 
47,Brentwood,San Francisco Bay,9/4/2021,1200,247,0.03, ,0.00, ,1747, ,12.2, ,85.0, ,30, ,49.8, ,8.1, ,324, ,76.7, 
47,Brentwood,San Francisco Bay,9/4/2021,1300,247,0.03, ,0.00, ,1761, ,11.2, ,88.5, ,24, ,47.6, ,8.0, ,319, ,78.7,Y
47,Brentwood,San Francisco Bay,9/4/2021,1400,247,0.03, ,0.00, ,1656, ,8.3, ,92.5, ,16, ,39.7, ,7.0, ,326, ,80.8,Y
47,Brentwood,San Francisco Bay,9/4/2021,1500,247,0.03, ,0.00, ,1431, ,6.9, ,94.8, ,12, ,35.1, ,5.9, ,321, ,82.8,Y
47,Brentwood,San Francisco Bay,9/4/2021,1600,247,0.02, ,0.00, ,1120, ,6.7, ,95.6, ,12, ,34.3, ,5.9, ,316, ,84.4,Y
47,Brentwood,San Francisco Bay,9/4/2021,1700,247,0.02, ,0.00, ,733, ,6.7, ,94.1, ,12, ,34.3, ,7.4, ,296, ,85.0,Y
47,Brentwood,San Francisco Bay,9/4/2021,1800,247,0.01, ,0.00, ,311, ,6.7, ,91.6, ,13, ,34.4, ,7.4, ,303, ,85.0,Y
47,Brentwood,San Francisco Bay,9/4/2021,1900,247,0.00, ,0.00, ,32, ,7.6, ,83.7, ,19, ,37.6, ,3.5, ,307, ,84.8,Y
47,Brentwood,San Francisco Bay,9/4/2021,2000,247,0.00, ,0.00, ,0, ,10.0, ,74.0, ,35, ,44.5, ,3.3, ,280, ,84.2,Y
47,Brentwood,San Francisco Bay,9/4/2021,2100,247,0.00, ,0.00, ,0, ,11.9, ,71.0, ,46, ,49.2, ,3.9, ,283, ,83.2,Y
47,Brentwood,San Francisco Bay,9/4/2021,2200,247,0.00, ,0.00, ,0, ,12.1, ,68.0, ,52, ,49.5, ,3.7, ,254, ,82.0,Y
47,Brentwood,San Francisco Bay,9/4/2021,2300,247,0.00, ,0.00, ,0, ,10.8, ,67.1, ,48, ,46.5, ,3.6, ,201, ,80.8,Y
47,Brentwood,San Francisco Bay,9/4/2021,2400,247,0.00, ,0.00, ,0, ,9.7, ,65.4, ,46, ,43.8, ,3.9, ,194, ,79.8,Y
47,Brentwood,San Francisco Bay,9/5/2021,0100,248,0.00, ,0.00, ,1, ,9.6, ,65.0, ,46, ,43.5, ,3.8, ,189, ,78.8,Y
47,Brentwood,San Francisco Bay,9/5/2021,0200,248,0.00, ,0.00, ,0, ,9.4, ,61.2, ,51, ,42.8, ,1.9, ,345, ,77.8,Y
47,Brentwood,San Francisco Bay,9/5/2021,0300,248,0.00, ,0.00, ,0, ,10.0, ,58.9, ,59, ,44.6, ,1.9, ,217, ,76.9, 
47,Brentwood,San Francisco Bay,9/5/2021,0400,248,0.00, ,0.00, ,0, ,10.6, ,55.9, ,69, ,46.0, ,2.5, ,282, ,76.0, 
47,Brentwood,San Francisco Bay,9/5/2021,0500,248,0.00, ,0.00, ,0, ,13.7, ,54.8, ,94, ,53.0, ,2.0, ,317, ,75.1, 
47,Brentwood,San Francisco Bay,9/5/2021,0600,248,0.00, ,0.00, ,16, ,14.0, ,53.7, ,99, ,53.5, ,2.3, ,254, ,74.2, 
47,Brentwood,San Francisco Bay,9/5/2021,0700,248,0.00, ,0.00, ,252, ,16.5, ,58.3, ,99, ,58.1, ,2.2, ,269, ,73.4, 
47,Brentwood,San Francisco Bay,9/5/2021,0800,248,0.01, ,0.00, ,649, ,19.1, ,66.5, ,86, ,62.2, ,3.5, ,274, ,72.8, 
47,Brentwood,San Francisco Bay,9/5/2021,0900,248,0.01, ,0.00, ,1055, ,16.9, ,74.2, ,59, ,58.7, ,2.6, ,254, ,72.8, 
47,Brentwood,San Francisco Bay,9/5/2021,1000,248,0.02, ,0.00, ,1387, ,13.5, ,82.5, ,36, ,52.6, ,4.6, ,318, ,73.7, 
47,Brentwood,San Francisco Bay,9/5/2021,1100,248,0.03, ,0.00, ,1627, ,11.4, ,86.4, ,27, ,48.1, ,6.9, ,313, ,75.5, 
47,Brentwood,San Francisco Bay,9/5/2021,1200,248,0.03, ,0.00, ,1749, ,10.5, ,90.5, ,22, ,45.9, ,7.6, ,321, ,77.6,Y
47,Brentwood,San Francisco Bay,9/5/2021,1300,248,0.03, ,0.00, ,1745, ,9.8, ,94.3, ,18, ,44.0, ,6.7, ,323, ,79.8,Y
47,Brentwood,San Francisco Bay,9/5/2021,1400,248,0.03, ,0.00, ,1643, ,8.3, ,96.7, ,14, ,39.7, ,6.8, ,307, ,82.0,Y
47,Brentwood,San Francisco Bay,9/5/2021,1500,248,0.03, ,0.00, ,1435, ,5.9, ,99.1, ,9, ,31.1, ,7.9, ,313, ,84.0,Y
47,Brentwood,San Francisco Bay,9/5/2021,1600,248,0.02, ,0.00, ,1128, ,3.2, ,99.9, ,5, ,16.3, ,9.2, ,307, ,85.5,R
47,Brentwood,San Francisco Bay,9/5/2021,1700,248,0.02, ,0.00, ,722, ,2.8, ,98.6, ,4, ,13.2, ,9.3, ,299, ,86.0,R
47,Brentwood,San Francisco Bay,9/5/2021,1800,248,0.01, ,0.00, ,293, ,3.8, ,95.1, ,7, ,20.3, ,7.9, ,297, ,86.0,R
47,Brentwood,San Francisco Bay,9/5/2021,1900,248,0.01, ,0.00, ,30, ,8.1, ,86.7, ,19, ,39.0, ,5.9, ,278, ,85.7,R
47,Brentwood,San Francisco Bay,9/5/2021,2000,248,0.00, ,0.00, ,0, ,9.0, ,78.6, ,27, ,41.9, ,3.6, ,297, ,85.1,R
47,Brentwood,San Francisco Bay,9/5/2021,2100,248,0.00, ,0.00, ,0, ,9.6, ,74.6, ,33, ,43.3, ,2.6, ,176, ,84.1,R
47,Brentwood,San Francisco Bay,9/5/2021,2200,248,0.00, ,0.00, ,0, ,9.6, ,69.8, ,38, ,43.3, ,2.3, ,240, ,83.0,Y
47,Brentwood,San Francisco Bay,9/5/2021,2300,248,0.00, ,0.00, ,0, ,8.8, ,69.3, ,36, ,41.2, ,4.1, ,190, ,81.9,Y
47,Brentwood,San Francisco Bay,9/5/2021,2400,248,0.00, ,0.00, ,0, ,7.2, ,71.7, ,27, ,36.2, ,4.7, ,210, ,80.7,Y
47,Brentwood,San Francisco Bay,9/6/2021,0100,249,0.00, ,0.00, ,0, ,7.2, ,67.8, ,31, ,36.0, ,2.7, ,291, ,79.8,Y
47,Brentwood,San Francisco Bay,9/6/2021,0200,249,0.00, ,0.00, ,0, ,8.8, ,63.5, ,44, ,41.3, ,2.9, ,299, ,78.9,Y
47,Brentwood,San Francisco Bay,9/6/2021,0300,249,0.00, ,0.00, ,0, ,11.5, ,60.4, ,64, ,48.3, ,2.4, ,273, ,78.0,Y
47,Brentwood,San Francisco Bay,9/6/2021,0400,249,0.00, ,0.00, ,0, ,12.5, ,59.4, ,72, ,50.4, ,2.2, ,291, ,77.1,Y
47,Brentwood,San Francisco Bay,9/6/2021,0500,249,0.00, ,0.00, ,0, ,13.3, ,57.7, ,82, ,52.2, ,2.5, ,234, ,76.3, 
47,Brentwood,San Francisco Bay,9/6/2021,0600,249,0.00, ,0.00, ,14, ,10.7, ,55.5, ,71, ,46.3, ,2.2, ,175, ,75.4, 
47,Brentwood,San Francisco Bay,9/6/2021,0700,249,0.00, ,0.00, ,193, ,12.4, ,58.5, ,74, ,50.3, ,2.5, ,220, ,74.6, 
47,Brentwood,San Francisco Bay,9/6/2021,0800,249,0.01, ,0.00, ,607, ,15.2, ,69.4, ,62, ,55.7, ,3.5, ,295, ,74.0, 
47,Brentwood,San Francisco Bay,9/6/2021,0900,249,0.01, ,0.00, ,1015, ,13.7, ,77.9, ,42, ,52.9, ,4.0, ,297, ,73.9, 
47,Brentwood,San Francisco Bay,9/6/2021,1000,249,0.02, ,0.00, ,1350, ,11.0, ,84.9, ,27, ,47.2, ,6.9, ,295, ,74.8, 
47,Brentwood,San Francisco Bay,9/6/2021,1100,249,0.03, ,0.00, ,1586, ,10.0, ,88.4, ,22, ,44.5, ,8.5, ,298, ,76.4,Y
47,Brentwood,San Francisco Bay,9/6/2021,1200,249,0.03, ,0.00, ,1697, ,9.5, ,93.3, ,18, ,43.3, ,8.8, ,313, ,78.2,Y
47,Brentwood,San Francisco Bay,9/6/2021,1300,249,0.03, ,0.00, ,1708, ,9.6, ,96.6, ,16, ,43.4, ,8.1, ,320, ,80.2,Y
47,Brentwood,San Francisco Bay,9/6/2021,1400,249,0.03, ,0.00, ,1599, ,8.9, ,99.2, ,14, ,41.5, ,6.8, ,330, ,82.2,Y
47,Brentwood,San Francisco Bay,9/6/2021,1500,249,0.03, ,0.00, ,1380, ,7.9, ,100.9, ,12, ,38.3, ,5.5, ,312, ,84.3,Y
47,Brentwood,San Francisco Bay,9/6/2021,1600,249,0.02, ,0.00, ,1061, ,7.2, ,101.7, ,10, ,36.0, ,5.3, ,304, ,86.0,R
47,Brentwood,San Francisco Bay,9/6/2021,1700,249,0.01, ,0.00, ,661, ,7.1, ,101.6, ,10, ,35.9, ,5.4, ,331, ,86.6,R
47,Brentwood,San Francisco Bay,9/6/2021,1800,249,0.01, ,0.00, ,261, ,8.5, ,97.9, ,14, ,40.3, ,4.9, ,354, ,86.6,R
47,Brentwood,San Francisco Bay,9/6/2021,1900,249,0.00, ,0.00, ,18, ,8.2, ,89.5, ,17, ,39.3, ,3.5, ,317, ,86.5,R
47,Brentwood,San Francisco Bay,9/6/2021,2000,249,0.00, ,0.00, ,0, ,7.6, ,82.7, ,20, ,37.6, ,3.7, ,265, ,85.9,R
47,Brentwood,San Francisco Bay,9/6/2021,2100,249,0.00, ,0.00, ,0, ,7.9, ,79.5, ,23, ,38.5, ,2.9, ,254, ,85.1,R
47,Brentwood,San Francisco Bay,9/6/2021,2200,249,0.00, ,0.00, ,0, ,8.3, ,76.5, ,26, ,39.6, ,3.3, ,204, ,84.1,R
47,Brentwood,San Francisco Bay,9/6/2021,2300,249,0.00, ,0.00, ,0, ,8.5, ,74.4, ,29, ,40.4, ,3.4, ,232, ,83.0,R
47,Brentwood,San Francisco Bay,9/6/2021,2400,249,0.00, ,0.00, ,0, ,8.5, ,74.3, ,29, ,40.2, ,3.6, ,212, ,82.0,R
47,Brentwood,San Francisco Bay,9/7/2021,0100,250,0.00, ,0.00, ,0, ,8.5, ,72.6, ,31, ,40.5, ,2.5, ,160, ,81.1,R
47,Brentwood,San Francisco Bay,9/7/2021,0200,250,0.00, ,0.00, ,0, ,9.5, ,69.1, ,39, ,43.2, ,3.0, ,227, ,80.3,Y
47,Brentwood,San Francisco Bay,9/7/2021,0300,250,0.00, ,0.00, ,0, ,8.9, ,68.2, ,38, ,41.5, ,2.6, ,206, ,79.5,Y
47,Brentwood,San Francisco Bay,9/7/2021,0400,250,0.00, ,0.00, ,0, ,7.7, ,69.3, ,32, ,37.9, ,2.8, ,181, ,78.7,Y
47,Brentwood,San Francisco Bay,9/7/2021,0500,250,0.00, ,0.00, ,0, ,9.2, ,64.8, ,44, ,42.3, ,2.9, ,52, ,78.0,Y
47,Brentwood,San Francisco Bay,9/7/2021,0600,250,0.00, ,0.00, ,14, ,11.8, ,62.0, ,62, ,48.9, ,2.7, ,248, ,77.3,Y
47,Brentwood,San Francisco Bay,9/7/2021,0700,250,0.00, ,0.00, ,222, ,13.4, ,66.3, ,61, ,52.4, ,3.3, ,288, ,76.6,Y
47,Brentwood,San Francisco Bay,9/7/2021,0800,250,0.01,Y,0.00, ,603, ,14.0, ,76.3,Y,45,Y,53.5,Y,4.1, ,292, ,76.1,Y
47,Brentwood,San Francisco Bay,9/7/2021,0900,250,0.02,Y,0.00, ,995, ,11.0, ,84.9,Y,27,Y,47.1,Y,6.4, ,296, ,76.2,Y
47,Brentwood,San Francisco Bay,9/7/2021,1000,250,0.02,Y,0.00, ,1317, ,9.3, ,89.0,Y,20,Y,42.8,Y,9.2, ,299, ,77.1,Y
47,Brentwood,San Francisco Bay,9/7/2021,1100,250,0.03,Y,0.00, ,1543, ,9.1, ,93.1,Y,17,Y,42.0,Y,9.3, ,298, ,78.4,Y
47,Brentwood,San Francisco Bay,9/7/2021,1200,250,0.03,Y,0.00, ,1662, ,9.6, ,96.8,Y,16,Y,43.6,Y,8.8, ,303, ,80.1,Y
47,Brentwood,San Francisco Bay,9/7/2021,1300,250,0.04,Y,0.00, ,1666, ,8.3, ,100.2,Y,13,Y,39.6,Y,11.5, ,304, ,81.9,R
47,Brentwood,San Francisco Bay,9/7/2021,1400,250,0.04,Y,0.00, ,1567, ,6.5, ,101.1,Y,10,Y,33.5,Y,13.9, ,285, ,83.7,R
47,Brentwood,San Francisco Bay,9/7/2021,1500,250,0.03, ,0.00, ,1367, ,6.1, ,100.7, ,9, ,32.0, ,15.2, ,282, ,85.2,R
47,Brentwood,San Francisco Bay,9/7/2021,1600,250,0.03, ,0.00, ,1058, ,5.1, ,98.4, ,8, ,27.8, ,13.7, ,262, ,86.4,R
47,Brentwood,San Francisco Bay,9/7/2021,1700,250,0.02, ,0.00, ,675, ,5.1, ,97.3, ,8, ,27.3, ,11.9, ,259, ,86.9,R
47,Brentwood,San Francisco Bay,9/7/2021,1800,250,0.01, ,0.00, ,270, ,6.5, ,94.1, ,12, ,33.5, ,10.2, ,253, ,86.9,R
47,Brentwood,San Francisco Bay,9/7/2021,1900,250,0.01, ,0.00, ,10, ,7.7, ,89.2, ,16, ,37.7, ,6.9, ,229, ,86.7,R
47,Brentwood,San Francisco Bay,9/7/2021,2000,250,0.00,Y,0.00, ,0, ,9.0, ,85.5,Y,21,Y,41.7,Y,4.7, ,226, ,86.2,R
47,Brentwood,San Francisco Bay,9/7/2021,2100,250,0.00,Y,0.00, ,0, ,10.2, ,86.0,Y,24,Y,45.1,Y,4.7, ,274, ,85.4,R
47,Brentwood,San Francisco Bay,9/7/2021,2200,250,0.00,Y,0.00, ,0, ,11.0, ,83.5,Y,28,Y,47.0,Y,4.0, ,270, ,84.5,R
47,Brentwood,San Francisco Bay,9/7/2021,2300,250,0.00,Y,0.00, ,0, ,10.8, ,77.6,Y,34,Y,46.6,Y,2.0, ,53, ,83.7,R
47,Brentwood,San Francisco Bay,9/7/2021,2400,250,0.00, ,0.00, ,0, ,12.5, ,73.1, ,45, ,50.5, ,3.0, ,248, ,82.8,R
47,Brentwood,San Francisco Bay,9/8/2021,0100,251,0.00, ,0.00, ,0, ,13.0, ,71.9, ,49, ,51.5, ,3.8, ,260, ,82.0,R
47,Brentwood,San Francisco Bay,9/8/2021,0200,251,0.00,Y,0.00, ,0, ,12.3, ,71.9,Y,46,Y,50.1,Y,2.4, ,326, ,81.2,R
47,Brentwood,San Francisco Bay,9/8/2021,0300,251,0.00, ,0.00, ,0, ,12.1, ,68.6, ,50, ,49.5, ,2.2, ,354, ,80.4,R
47,Brentwood,San Francisco Bay,9/8/2021,0400,251,0.00, ,0.00, ,0, ,13.2, ,67.6, ,57, ,51.9, ,3.7, ,269, ,79.7,Y
47,Brentwood,San Francisco Bay,9/8/2021,0500,251,0.00, ,0.00, ,0, ,14.3, ,67.6, ,62, ,54.2, ,3.1, ,259, ,79.0,Y
47,Brentwood,San Francisco Bay,9/8/2021,0600,251,0.00, ,0.00, ,12, ,14.2, ,66.4, ,64, ,54.0, ,3.4, ,283, ,78.4,Y
47,Brentwood,San Francisco Bay,9/8/2021,0700,251,0.00,Y,0.00, ,194, ,15.0, ,70.8,Y,58,Y,55.4,Y,2.2, ,294, ,77.8,Y
47,Brentwood,San Francisco Bay,9/8/2021,0800,251,0.01,Y,0.00, ,549, ,15.9, ,78.5,Y,48,Y,57.0,Y,1.7, ,187, ,77.3,Y
47,Brentwood,San Francisco Bay,9/8/2021,0900,251,0.01,R,0.00, ,929, ,14.4, ,88.9,R,31,R,54.3,R,2.1, ,32, ,77.3,Y
47,Brentwood,San Francisco Bay,9/8/2021,1000,251,0.02,Y,0.00, ,1263, ,15.3, ,91.4,Y,30,Y,55.9,Y,4.6, ,26, ,78.2,Y
47,Brentwood,San Francisco Bay,9/8/2021,1100,251,0.02,Y,0.00, ,1486, ,15.4, ,93.7,Y,28,Y,56.1,Y,3.9, ,35, ,79.9,R
47,Brentwood,San Francisco Bay,9/8/2021,1200,251,0.03,Y,0.00, ,1622, ,14.1, ,99.0,Y,22,Y,53.7,Y,5.4, ,342, ,82.1,R
47,Brentwood,San Francisco Bay,9/8/2021,1300,251,0.03,Y,0.00, ,1641, ,11.9, ,102.4,Y,17,Y,49.1,Y,9.3, ,311, ,84.3,R
47,Brentwood,San Francisco Bay,9/8/2021,1400,251,0.03,Y,0.00, ,1550, ,10.6, ,103.3,Y,15,Y,46.0,Y,11.4, ,299, ,,S
47,Brentwood,San Francisco Bay,9/8/2021,1500,251,0.03,Y,0.00, ,1344, ,9.9, ,103.5,Y,14,Y,44.3,Y,11.9, ,282, ,,S
47,Brentwood,San Francisco Bay,9/8/2021,1600,251,0.03,Y,0.00, ,1035, ,9.7, ,103.4,Y,13,Y,43.6,Y,12.5, ,277, ,,S
47,Brentwood,San Francisco Bay,9/8/2021,1700,251,0.02,Y,0.00, ,648, ,9.4, ,102.3,Y,13,Y,43.0,Y,11.6, ,281, ,,S
47,Brentwood,San Francisco Bay,9/8/2021,1800,251,0.01,Y,0.00, ,215, ,10.6, ,98.5,Y,17,Y,46.1,Y,8.6, ,275, ,,S
47,Brentwood,San Francisco Bay,9/8/2021,1900,251,0.00, ,0.00, ,8, ,12.6, ,88.8, ,27, ,50.8, ,4.7, ,309, ,,S
47,Brentwood,San Francisco Bay,9/8/2021,2000,251,0.00, ,0.00, ,0, ,12.8, ,82.4, ,34, ,51.1, ,3.0, ,326, ,,S
47,Brentwood,San Francisco Bay,9/8/2021,2100,251,0.00, ,0.00, ,0, ,12.0, ,78.4, ,36, ,49.4, ,3.9, ,279, ,,S
47,Brentwood,San Francisco Bay,9/8/2021,2200,251,0.00, ,0.00, ,0, ,12.2, ,76.8, ,39, ,49.8, ,4.2, ,247, ,,S
47,Brentwood,San Francisco Bay,9/8/2021,2300,251,0.00,Y,0.00, ,0, ,10.4, ,79.4,Y,30,Y,45.5,Y,6.4, ,194, ,,S
47,Brentwood,San Francisco Bay,9/8/2021,2400,251,0.00, ,0.00, ,0, ,11.3, ,74.2, ,39, ,47.8, ,3.0, ,341, ,,S
47,Brentwood,San Francisco Bay,9/9/2021,0100,252,0.00, ,0.00, ,0, ,13.4, ,69.4, ,55, ,52.3, ,2.6, ,259, ,,S
47,Brentwood,San Francisco Bay,9/9/2021,0200,252,0.00, ,0.00, ,0, ,14.2, ,68.7, ,59, ,54.0, ,3.7, ,270, ,82.5,R
47,Brentwood,San Francisco Bay,9/9/2021,0300,252,0.00, ,0.00, ,0, ,14.0, ,68.4, ,59, ,53.6, ,2.5, ,22, ,81.6,R
47,Brentwood,San Francisco Bay,9/9/2021,0400,252,0.00, ,0.00, ,0, ,14.4, ,66.9, ,64, ,54.3, ,3.1, ,71, ,80.8,R
47,Brentwood,San Francisco Bay,9/9/2021,0500,252,0.00, ,0.00, ,0, ,15.1, ,66.5, ,68, ,55.7, ,2.4, ,357, ,80.1,R
47,Brentwood,San Francisco Bay,9/9/2021,0600,252,0.00, ,0.00, ,11, ,15.3, ,66.2, ,70, ,56.0, ,3.2, ,341, ,79.5,R
47,Brentwood,San Francisco Bay,9/9/2021,0700,252,0.00, ,0.00, ,116, ,15.3, ,67.4, ,67, ,56.0, ,3.0, ,32, ,79.0,Y
47,Brentwood,San Francisco Bay,9/9/2021,0800,252,0.01, ,0.00, ,571, ,16.0, ,74.6, ,55, ,57.3, ,3.1, ,351, ,78.5,Y
47,Brentwood,San Francisco Bay,9/9/2021,0900,252,0.01, ,0.00, ,964, ,15.1, ,79.1, ,45, ,55.7, ,4.1, ,78, ,78.4,Y
47,Brentwood,San Francisco Bay,9/9/2021,1000,252,0.02, ,0.00, ,1272, ,14.9, ,84.3, ,37, ,55.2, ,3.1, ,96, ,79.0,R
47,Brentwood,San Francisco Bay,9/9/2021,1100,252,0.02,Y,0.00, ,1507, ,14.2, ,91.6,Y,28,Y,54.0,Y,3.8, ,353, ,80.4,R
47,Brentwood,San Francisco Bay,9/9/2021,1200,252,0.03,Y,0.00, ,1569, ,15.0, ,94.6,Y,27,Y,55.4,Y,5.4, ,356, ,82.4,R
47,Brentwood,San Francisco Bay,9/9/2021,1300,252,0.02,Y,0.00, ,1385, ,13.1, ,97.1,Y,22,Y,51.7,Y,4.1, ,20, ,,S
47,Brentwood,San Francisco Bay,9/9/2021,1400,252,0.03,Y,0.00, ,1554, ,13.0, ,100.3,Y,20,Y,51.5,Y,7.2, ,330, ,,S
47,Brentwood,San Francisco Bay,9/9/2021,1500,252,0.02, ,0.00, ,940, ,12.4, ,98.3, ,20, ,50.3, ,8.1, ,321, ,,S
47,Brentwood,San Francisco Bay,9/9/2021,1600,252,0.02, ,0.00, ,746, ,10.6, ,95.3, ,19, ,46.0, ,6.2, ,261, ,,S
47,Brentwood,San Francisco Bay,9/9/2021,1700,252,0.01, ,0.00, ,523, ,9.8, ,93.5, ,18, ,44.0, ,7.9, ,213, ,,S
47,Brentwood,San Francisco Bay,9/9/2021,1800,252,0.00, ,0.00, ,84, ,10.2, ,88.2, ,23, ,45.1, ,3.6, ,215, ,,S
47,Brentwood,San Francisco Bay,9/9/2021,1900,252,0.00, ,0.00, ,3, ,11.7, ,83.9, ,30, ,48.8, ,3.9, ,345, ,,S
47,Brentwood,San Francisco Bay,9/9/2021,2000,252,0.01, ,0.00, ,0, ,9.0, ,80.8, ,25, ,41.7, ,8.3, ,201, ,,S
47,Brentwood,San Francisco Bay,9/9/2021,2100,252,0.00, ,0.00, ,0, ,11.0, ,78.0, ,33, ,47.0, ,4.0, ,254, ,,S
47,Brentwood,San Francisco Bay,9/9/2021,2200,252,0.00, ,0.00, ,0, ,13.2, ,74.3, ,46, ,52.0, ,3.8, ,315, ,,S
47,Brentwood,San Francisco Bay,9/9/2021,2300,252,0.00, ,0.00, ,0, ,13.6, ,71.8, ,51, ,52.7, ,3.7, ,335, ,,S
47,Brentwood,San Francisco Bay,9/9/2021,2400,252,0.00, ,0.00, ,0, ,14.0, ,70.4, ,55, ,53.5, ,4.6, ,42, ,,S
47,Brentwood,San Francisco Bay,9/10/2021,0100,253,0.00, ,0.00, ,0, ,15.0, ,69.7, ,61, ,55.5, ,4.4, ,26, ,,S
47,Brentwood,San Francisco Bay,9/10/2021,0200,253,0.00, ,0.00, ,0, ,15.2, ,68.5, ,64, ,55.8, ,3.8, ,322, ,,S
47,Brentwood,San Francisco Bay,9/10/2021,0300,253,0.00, ,0.00, ,0, ,14.6, ,68.2, ,62, ,54.6, ,3.1, ,331, ,82.6,R
47,Brentwood,San Francisco Bay,9/10/2021,0400,253,0.00, ,0.00, ,0, ,14.3, ,66.3, ,65, ,54.1, ,4.1, ,293, ,81.9,R
47,Brentwood,San Francisco Bay,9/10/2021,0500,253,0.00, ,0.00, ,0, ,14.2, ,66.0, ,65, ,53.9, ,2.5, ,30, ,81.2,R
47,Brentwood,San Francisco Bay,9/10/2021,0600,253,0.00, ,0.00, ,6, ,14.7, ,66.2, ,67, ,54.9, ,2.8, ,33, ,80.5,R
47,Brentwood,San Francisco Bay,9/10/2021,0700,253,0.00, ,0.00, ,239, ,16.8, ,68.2, ,71, ,58.6, ,2.7, ,145, ,79.9,R
47,Brentwood,San Francisco Bay,9/10/2021,0800,253,0.01, ,0.00, ,434, ,15.9, ,73.0, ,57, ,57.0, ,2.4, ,109, ,79.4,R
47,Brentwood,San Francisco Bay,9/10/2021,0900,253,0.01, ,0.00, ,564, ,15.4, ,75.7, ,51, ,56.2, ,3.2, ,342, ,79.4,R
47,Brentwood,San Francisco Bay,9/10/2021,1000,253,0.02, ,0.00, ,1170, ,16.2, ,78.6, ,48, ,57.5, ,4.0, ,346, ,79.7,R
47,Brentwood,San Francisco Bay,9/10/2021,1100,253,0.02, ,0.00, ,1549, ,15.5, ,82.9, ,40, ,56.3, ,3.8, ,273, ,80.6,R
47,Brentwood,San Francisco Bay,9/10/2021,1200,253,0.03, ,0.00, ,1664, ,15.0, ,88.0, ,33, ,55.3, ,4.6, ,336, ,82.3,R
47,Brentwood,San Francisco Bay,9/10/2021,1300,253,0.03, ,0.00, ,1679, ,13.4, ,90.1, ,28, ,52.3, ,9.5, ,299, ,84.3,R
47,Brentwood,San Francisco Bay,9/10/2021,1400,253,0.03, ,0.00, ,1577, ,12.3, ,91.2, ,25, ,50.1, ,13.1, ,284, ,,S
47,Brentwood,San Francisco Bay,9/10/2021,1500,253,0.03, ,0.00, ,1376, ,12.2, ,90.8, ,25, ,49.9, ,13.0, ,279, ,,S
47,Brentwood,San Francisco Bay,9/10/2021,1600,253,0.02, ,0.00, ,1063, ,11.9, ,90.5, ,24, ,49.1, ,12.8, ,295, ,,S
47,Brentwood,San Francisco Bay,9/10/2021,1700,253,0.02, ,0.00, ,671, ,11.8, ,88.2, ,26, ,49.0, ,12.2, ,287, ,,S
47,Brentwood,San Francisco Bay,9/10/2021,1800,253,0.01, ,0.00, ,269, ,11.9, ,84.0, ,30, ,49.1, ,9.5, ,276, ,,S
47,Brentwood,San Francisco Bay,9/10/2021,1900,253,0.00, ,0.00, ,17, ,11.7, ,78.4, ,35, ,48.8, ,6.5, ,253, ,,S
47,Brentwood,San Francisco Bay,9/10/2021,2000,253,0.00, ,0.00, ,0, ,12.1, ,74.0, ,42, ,49.5, ,4.1, ,247, ,,S
47,Brentwood,San Francisco Bay,9/10/2021,2100,253,0.00, ,0.00, ,0, ,11.9, ,72.3, ,44, ,49.1, ,4.5, ,221, ,85.8,R
47,Brentwood,San Francisco Bay,9/10/2021,2200,253,0.00, ,0.00, ,0, ,11.5, ,70.1, ,46, ,48.2, ,4.2, ,163, ,84.6,R
47,Brentwood,San Francisco Bay,9/10/2021,2300,253,0.00, ,0.00, ,0, ,11.7, ,68.9, ,48, ,48.7, ,4.9, ,202, ,83.5,R
47,Brentwood,San Francisco Bay,9/10/2021,2400,253,0.00, ,0.00, ,0, ,11.9, ,67.5, ,52, ,49.1, ,4.2, ,196, ,82.5,R
47,Brentwood,San Francisco Bay,9/11/2021,0100,254,0.00, ,0.00, ,2, ,12.2, ,62.9, ,62, ,49.8, ,3.8, ,33, ,81.6,R
47,Brentwood,San Francisco Bay,9/11/2021,0200,254,0.00, ,0.00, ,0, ,12.5, ,60.5, ,70, ,50.5, ,2.2, ,55, ,80.7,R
47,Brentwood,San Francisco Bay,9/11/2021,0300,254,0.00, ,0.00, ,0, ,13.0, ,59.3, ,75, ,51.5, ,1.9, ,74, ,79.8,Y
47,Brentwood,San Francisco Bay,9/11/2021,0400,254,0.00, ,0.00, ,0, ,15.3, ,58.1, ,92, ,55.9, ,2.3, ,267, ,78.8,Y
47,Brentwood,San Francisco Bay,9/11/2021,0500,254,0.00, ,0.00, ,0, ,15.2, ,56.8, ,96, ,55.8, ,2.3, ,178, ,77.9,Y
47,Brentwood,San Francisco Bay,9/11/2021,0600,254,0.00, ,0.00, ,10, ,14.4, ,54.5, ,99, ,54.3, ,2.5, ,271, ,77.0,Y
47,Brentwood,San Francisco Bay,9/11/2021,0700,254,0.00, ,0.00, ,224, ,17.0, ,60.0, ,96, ,58.9, ,1.6, ,96, ,76.2,Y
47,Brentwood,San Francisco Bay,9/11/2021,0800,254,0.01, ,0.00, ,614, ,17.2, ,70.7, ,67, ,59.3, ,3.0, ,356, ,75.5,Y
47,Brentwood,San Francisco Bay,9/11/2021,0900,254,0.01, ,0.00, ,1013, ,14.7, ,75.0, ,50, ,54.9, ,3.3, ,289, ,75.5,Y
47,Brentwood,San Francisco Bay,9/11/2021,1000,254,0.02, ,0.00, ,1341, ,14.6, ,80.9, ,41, ,54.8, ,5.1, ,299, ,76.3,Y
47,Brentwood,San Francisco Bay,9/11/2021,1100,254,0.03, ,0.00, ,1573, ,14.4, ,84.4, ,36, ,54.2, ,7.2, ,306, ,77.8,Y
47,Brentwood,San Francisco Bay,9/11/2021,1200,254,0.03, ,0.00, ,1702, ,13.6, ,87.1, ,31, ,52.8, ,8.3, ,324, ,79.6,Y
47,Brentwood,San Francisco Bay,9/11/2021,1300,254,0.03, ,0.00, ,1714, ,12.6, ,89.3, ,27, ,50.7, ,7.9, ,327, ,81.5,Y
47,Brentwood,San Francisco Bay,9/11/2021,1400,254,0.03, ,0.00, ,1604, ,9.8, ,92.0, ,19, ,43.9, ,8.2, ,329, ,83.3,R
47,Brentwood,San Francisco Bay,9/11/2021,1500,254,0.02, ,0.00, ,1379, ,9.3, ,93.4, ,17, ,42.6, ,7.2, ,321, ,85.1,R
47,Brentwood,San Francisco Bay,9/11/2021,1600,254,0.02, ,0.00, ,1062, ,8.9, ,93.8, ,16, ,41.6, ,8.7, ,317, ,86.3,R
47,Brentwood,San Francisco Bay,9/11/2021,1700,254,0.02, ,0.00, ,665, ,9.1, ,92.1, ,18, ,42.2, ,10.0, ,319, ,86.7,R
47,Brentwood,San Francisco Bay,9/11/2021,1800,254,0.01, ,0.00, ,249, ,13.4, ,87.8, ,30, ,52.4, ,9.6, ,307, ,86.6,R
47,Brentwood,San Francisco Bay,9/11/2021,1900,254,0.00, ,0.00, ,13, ,13.4, ,81.1, ,37, ,52.3, ,6.6, ,300, ,86.5,R
47,Brentwood,San Francisco Bay,9/11/2021,2000,254,0.00, ,0.00, ,0, ,12.7, ,75.4, ,42, ,51.0, ,3.4, ,289, ,86.0,R
47,Brentwood,San Francisco Bay,9/11/2021,2100,254,0.00, ,0.00, ,0, ,12.5, ,72.9, ,45, ,50.5, ,4.1, ,188, ,85.1,R
47,Brentwood,San Francisco Bay,9/11/2021,2200,254,0.00, ,0.00, ,0, ,11.6, ,69.0, ,48, ,48.5, ,4.0, ,190, ,84.0,R
47,Brentwood,San Francisco Bay,9/11/2021,2300,254,0.00, ,0.00, ,0, ,10.7, ,67.3, ,47, ,46.3, ,3.7, ,166, ,82.9,R
47,Brentwood,San Francisco Bay,9/11/2021,2400,254,0.00, ,0.00, ,1, ,10.7, ,65.1, ,51, ,46.4, ,3.6, ,218, ,81.8,R
47,Brentwood,San Francisco Bay,9/12/2021,0100,255,0.00, ,0.00, ,1, ,11.3, ,63.4, ,57, ,47.8, ,2.6, ,272, ,80.7,Y
47,Brentwood,San Francisco Bay,9/12/2021,0200,255,0.00, ,0.00, ,0, ,11.9, ,61.1, ,65, ,49.2, ,3.0, ,285, ,79.7,Y
47,Brentwood,San Francisco Bay,9/12/2021,0300,255,0.00, ,0.00, ,0, ,11.9, ,59.7, ,68, ,49.2, ,1.7, ,314, ,78.7,Y
47,Brentwood,San Francisco Bay,9/12/2021,0400,255,0.00, ,0.00, ,0, ,12.5, ,57.9, ,76, ,50.5, ,2.2, ,280, ,77.8,Y
47,Brentwood,San Francisco Bay,9/12/2021,0500,255,0.00, ,0.00, ,0, ,14.4, ,56.7, ,92, ,54.3, ,2.2, ,121, ,77.0,Y
47,Brentwood,San Francisco Bay,9/12/2021,0600,255,0.00, ,0.00, ,9, ,15.6, ,57.0, ,99, ,56.6, ,2.6, ,204, ,76.1,Y
47,Brentwood,San Francisco Bay,9/12/2021,0700,255,0.00, ,0.00, ,216, ,16.6, ,61.0, ,91, ,58.2, ,1.7, ,265, ,75.4, 
47,Brentwood,San Francisco Bay,9/12/2021,0800,255,0.01, ,0.00, ,610, ,19.1, ,69.5, ,78, ,62.2, ,3.0, ,309, ,74.8, 
47,Brentwood,San Francisco Bay,9/12/2021,0900,255,0.01, ,0.00, ,1014, ,14.5, ,76.9, ,46, ,54.6, ,3.6, ,319, ,74.8, 
47,Brentwood,San Francisco Bay,9/12/2021,1000,255,0.02, ,0.00, ,1343, ,14.0, ,82.7, ,37, ,53.5, ,4.6, ,321, ,75.7,Y
47,Brentwood,San Francisco Bay,9/12/2021,1100,255,0.03, ,0.00, ,1572, ,13.6, ,86.8, ,31, ,52.7, ,6.1, ,322, ,77.2,Y
47,Brentwood,San Francisco Bay,9/12/2021,1200,255,0.03, ,0.00, ,1699, ,12.2, ,90.3, ,25, ,49.9, ,6.3, ,321, ,79.2,Y
47,Brentwood,San Francisco Bay,9/12/2021,1300,255,0.03, ,0.00, ,1716, ,11.9, ,92.8, ,23, ,49.1, ,6.6, ,311, ,81.4,Y
47,Brentwood,San Francisco Bay,9/12/2021,1400,255,0.03, ,0.00, ,1610, ,10.3, ,95.4, ,18, ,45.3, ,8.4, ,313, ,83.5,R
47,Brentwood,San Francisco Bay,9/12/2021,1500,255,0.03, ,0.00, ,1391, ,9.6, ,96.9, ,16, ,43.5, ,9.2, ,323, ,85.2,R
47,Brentwood,San Francisco Bay,9/12/2021,1600,255,0.02, ,0.00, ,1068, ,9.6, ,96.7, ,16, ,43.5, ,10.0, ,308, ,86.4,R
47,Brentwood,San Francisco Bay,9/12/2021,1700,255,0.02, ,0.00, ,639, ,10.5, ,95.3, ,19, ,45.9, ,9.5, ,295, ,86.9,R
47,Brentwood,San Francisco Bay,9/12/2021,1800,255,0.01, ,0.00, ,224, ,11.7, ,91.6, ,23, ,48.6, ,8.5, ,284, ,86.9,R
47,Brentwood,San Francisco Bay,9/12/2021,1900,255,0.00, ,0.00, ,10, ,13.3, ,85.2, ,32, ,52.2, ,6.4, ,286, ,86.7,R
47,Brentwood,San Francisco Bay,9/12/2021,2000,255,0.00, ,0.00, ,0, ,12.2, ,80.9, ,34, ,49.7, ,4.4, ,247, ,86.2,R
47,Brentwood,San Francisco Bay,9/12/2021,2100,255,0.00, ,0.00, ,0, ,11.4, ,75.1, ,38, ,48.0, ,2.5, ,161, ,85.4,R
47,Brentwood,San Francisco Bay,9/12/2021,2200,255,0.00, ,0.00, ,0, ,12.4, ,70.6, ,48, ,50.2, ,2.9, ,302, ,84.3,R
47,Brentwood,San Francisco Bay,9/12/2021,2300,255,0.00, ,0.00, ,0, ,12.3, ,68.0, ,53, ,50.1, ,3.2, ,233, ,83.2,R
47,Brentwood,San Francisco Bay,9/12/2021,2400,255,0.00, ,0.00, ,0, ,11.6, ,66.8, ,52, ,48.4, ,2.5, ,118, ,82.1,R
47,Brentwood,San Francisco Bay,9/13/2021,0100,256,0.00, ,0.00, ,1, ,11.8, ,63.7, ,58, ,48.8, ,2.9, ,37, ,81.1,Y
47,Brentwood,San Francisco Bay,9/13/2021,0200,256,0.00, ,0.00, ,1, ,12.3, ,63.0, ,62, ,50.0, ,1.9, ,137, ,80.0,Y
47,Brentwood,San Francisco Bay,9/13/2021,0300,256,0.00, ,0.00, ,0, ,12.6, ,61.5, ,67, ,50.6, ,1.9, ,155, ,79.1,Y
47,Brentwood,San Francisco Bay,9/13/2021,0400,256,0.00, ,0.00, ,0, ,12.8, ,60.0, ,73, ,51.2, ,2.2, ,229, ,78.3,Y
47,Brentwood,San Francisco Bay,9/13/2021,0500,256,0.00, ,0.00, ,0, ,14.9, ,58.4, ,89, ,55.3, ,1.8, ,244, ,77.4,Y
47,Brentwood,San Francisco Bay,9/13/2021,0600,256,0.00, ,0.00, ,8, ,16.1, ,58.0, ,98, ,57.3, ,2.2, ,248, ,76.6,Y
47,Brentwood,San Francisco Bay,9/13/2021,0700,256,0.00, ,0.00, ,190, ,17.6, ,61.4, ,95, ,59.8, ,2.8, ,280, ,75.9,Y
47,Brentwood,San Francisco Bay,9/13/2021,0800,256,0.01, ,0.00, ,575, ,18.8, ,71.0, ,72, ,61.7, ,5.1, ,300, ,75.3,Y
47,Brentwood,San Francisco Bay,9/13/2021,0900,256,0.01, ,0.00, ,971, ,15.3, ,77.2, ,48, ,56.0, ,5.6, ,303, ,75.3,Y
47,Brentwood,San Francisco Bay,9/13/2021,1000,256,0.02, ,0.00, ,1304, ,13.5, ,82.8, ,35, ,52.5, ,6.7, ,305, ,76.0,Y
47,Brentwood,San Francisco Bay,9/13/2021,1100,256,0.03, ,0.00, ,1540, ,12.5, ,85.0, ,31, ,50.5, ,8.5, ,307, ,77.4,Y
47,Brentwood,San Francisco Bay,9/13/2021,1200,256,0.03, ,0.00, ,1664, ,12.7, ,89.0, ,27, ,51.0, ,6.8, ,320, ,79.0,Y
47,Brentwood,San Francisco Bay,9/13/2021,1300,256,0.03, ,0.00, ,1677, ,12.1, ,91.5, ,24, ,49.5, ,8.0, ,313, ,80.9,Y
47,Brentwood,San Francisco Bay,9/13/2021,1400,256,0.03, ,0.00, ,1576, ,11.7, ,94.2, ,21, ,48.6, ,7.4, ,313, ,82.9,R
47,Brentwood,San Francisco Bay,9/13/2021,1500,256,0.02, ,0.00, ,1352, ,11.3, ,96.1, ,19, ,47.8, ,6.8, ,303, ,84.8,R
47,Brentwood,San Francisco Bay,9/13/2021,1600,256,0.02, ,0.00, ,1023, ,11.5, ,96.2, ,20, ,48.3, ,7.5, ,313, ,86.2,R
47,Brentwood,San Francisco Bay,9/13/2021,1700,256,0.01, ,0.00, ,619, ,10.9, ,94.5, ,20, ,46.9, ,7.7, ,333, ,86.7,R
47,Brentwood,San Francisco Bay,9/13/2021,1800,256,0.01, ,0.00, ,229, ,10.3, ,91.2, ,21, ,45.2, ,5.8, ,325, ,86.7,R
47,Brentwood,San Francisco Bay,9/13/2021,1900,256,0.00, ,0.00, ,11, ,11.6, ,83.9, ,29, ,48.4, ,4.2, ,292, ,86.5,R
47,Brentwood,San Francisco Bay,9/13/2021,2000,256,0.00, ,0.00, ,0, ,12.6, ,77.6, ,39, ,50.6, ,4.4, ,284, ,85.9,R
47,Brentwood,San Francisco Bay,9/13/2021,2100,256,0.00, ,0.00, ,0, ,12.7, ,72.6, ,47, ,51.0, ,3.7, ,262, ,85.0,R
47,Brentwood,San Francisco Bay,9/13/2021,2200,256,0.00, ,0.00, ,0, ,12.1, ,70.2, ,48, ,49.7, ,2.4, ,233, ,83.9,R
47,Brentwood,San Francisco Bay,9/13/2021,2300,256,0.00, ,0.00, ,0, ,11.4, ,67.6, ,49, ,47.9, ,2.3, ,241, ,82.7,R
47,Brentwood,San Francisco Bay,9/13/2021,2400,256,0.00, ,0.00, ,1, ,10.8, ,65.5, ,51, ,46.7, ,2.1, ,252, ,81.5,R
47,Brentwood,San Francisco Bay,9/14/2021,0100,257,0.00, ,0.00, ,0, ,11.7, ,61.7, ,62, ,48.7, ,2.6, ,287, ,80.4,Y
47,Brentwood,San Francisco Bay,9/14/2021,0200,257,0.00, ,0.00, ,0, ,12.8, ,60.8, ,70, ,51.2, ,3.3, ,318, ,79.3,Y
47,Brentwood,San Francisco Bay,9/14/2021,0300,257,0.00, ,0.00, ,0, ,14.0, ,59.0, ,82, ,53.6, ,2.6, ,294, ,78.3,Y
47,Brentwood,San Francisco Bay,9/14/2021,0400,257,0.00, ,0.00, ,0, ,15.5, ,57.6, ,96, ,56.3, ,3.4, ,199, ,77.4,Y
47,Brentwood,San Francisco Bay,9/14/2021,0500,257,0.00, ,0.00, ,0, ,14.8, ,55.9, ,97, ,55.1, ,2.6, ,307, ,76.6,Y
47,Brentwood,San Francisco Bay,9/14/2021,0600,257,0.00, ,0.00, ,6, ,15.1, ,55.9, ,99, ,55.7, ,2.7, ,211, ,75.8,Y
47,Brentwood,San Francisco Bay,9/14/2021,0700,257,0.00, ,0.00, ,200, ,16.8, ,60.4, ,94, ,58.5, ,1.3, ,51, ,75.1, 
47,Brentwood,San Francisco Bay,9/14/2021,0800,257,0.01, ,0.00, ,597, ,19.2, ,69.9, ,77, ,62.3, ,2.2, ,297, ,74.4, 
47,Brentwood,San Francisco Bay,9/14/2021,0900,257,0.01, ,0.00, ,1002, ,14.7, ,77.4, ,46, ,54.9, ,2.0, ,318, ,74.4, 
47,Brentwood,San Francisco Bay,9/14/2021,1000,257,0.02,Y,0.00, ,1329, ,13.4, ,84.8,Y,33,Y,52.4,Y,3.1, ,7, ,75.2,Y
47,Brentwood,San Francisco Bay,9/14/2021,1100,257,0.02,Y,0.00, ,1560, ,12.4, ,89.0,Y,27,Y,50.3,Y,4.9, ,318, ,76.9,Y
47,Brentwood,San Francisco Bay,9/14/2021,1200,257,0.03, ,0.00, ,1673, ,11.8, ,91.8, ,23, ,48.9, ,6.1, ,337, ,79.1,Y
47,Brentwood,San Francisco Bay,9/14/2021,1300,257,0.03, ,0.00, ,1675, ,11.6, ,94.5, ,21, ,48.4, ,5.0, ,339, ,81.4,R
47,Brentwood,San Francisco Bay,9/14/2021,1400,257,0.03, ,0.00, ,1552, ,10.6, ,96.7, ,18, ,46.0, ,5.1, ,308, ,83.7,R
47,Brentwood,San Francisco Bay,9/14/2021,1500,257,0.02, ,0.00, ,1321, ,10.0, ,98.3, ,16, ,44.5, ,4.9, ,306, ,85.8,R
47,Brentwood,San Francisco Bay,9/14/2021,1600,257,0.02, ,0.00, ,998, ,9.4, ,98.8, ,15, ,42.9, ,6.1, ,322, ,,S
47,Brentwood,San Francisco Bay,9/14/2021,1700,257,0.01, ,0.00, ,606, ,10.3, ,96.7, ,17, ,45.2, ,7.7, ,312, ,,S
47,Brentwood,San Francisco Bay,9/14/2021,1800,257,0.01, ,0.00, ,215, ,11.6, ,90.1, ,24, ,48.5, ,7.4, ,307, ,,S
47,Brentwood,San Francisco Bay,9/14/2021,1900,257,0.00, ,0.00, ,7, ,10.5, ,80.5, ,30, ,45.9, ,6.9, ,301, ,,S
47,Brentwood,San Francisco Bay,9/14/2021,2000,257,0.00, ,0.00, ,0, ,10.0, ,76.3, ,32, ,44.4, ,7.3, ,297, ,,S
47,Brentwood,San Francisco Bay,9/14/2021,2100,257,0.00, ,0.00, ,0, ,11.1, ,73.6, ,39, ,47.4, ,5.6, ,286, ,,S
47,Brentwood,San Francisco Bay,9/14/2021,2200,257,0.00, ,0.00, ,0, ,10.4, ,69.0, ,43, ,45.5, ,3.7, ,196, ,84.7,R
47,Brentwood,San Francisco Bay,9/14/2021,2300,257,0.00, ,0.00, ,0, ,9.3, ,68.2, ,40, ,42.7, ,2.6, ,66, ,83.5,R
47,Brentwood,San Francisco Bay,9/14/2021,2400,257,0.00, ,0.00, ,1, ,11.6, ,63.0, ,59, ,48.4, ,2.8, ,47, ,82.3,R
47,Brentwood,San Francisco Bay,9/15/2021,0100,258,0.00, ,0.00, ,0, ,11.7, ,60.8, ,64, ,48.7, ,1.9, ,317, ,81.1,R
47,Brentwood,San Francisco Bay,9/15/2021,0200,258,0.00, ,0.00, ,0, ,12.5, ,60.1, ,71, ,50.6, ,2.7, ,350, ,79.9,Y
47,Brentwood,San Francisco Bay,9/15/2021,0300,258,0.00, ,0.00, ,0, ,15.2, ,58.6, ,90, ,55.8, ,3.6, ,312, ,78.8,Y
47,Brentwood,San Francisco Bay,9/15/2021,0400,258,0.00, ,0.00, ,0, ,15.7, ,57.1, ,99, ,56.7, ,2.4, ,285, ,77.8,Y
47,Brentwood,San Francisco Bay,9/15/2021,0500,258,0.00, ,0.00, ,0, ,15.0, ,55.6, ,99, ,55.3, ,2.5, ,309, ,76.9,Y
47,Brentwood,San Francisco Bay,9/15/2021,0600,258,0.00, ,0.00, ,4, ,14.7, ,55.1, ,99, ,54.8, ,2.8, ,278, ,76.0,Y
47,Brentwood,San Francisco Bay,9/15/2021,0700,258,0.00, ,0.00, ,141, ,15.5, ,56.6, ,99, ,56.3, ,1.9, ,238, ,75.2,Y
47,Brentwood,San Francisco Bay,9/15/2021,0800,258,0.00, ,0.00, ,470, ,17.2, ,63.8, ,85, ,59.3, ,4.1, ,326, ,74.5, 
47,Brentwood,San Francisco Bay,9/15/2021,0900,258,0.01, ,0.00, ,956, ,14.6, ,69.6, ,59, ,54.6, ,3.1, ,19, ,74.3, 
47,Brentwood,San Francisco Bay,9/15/2021,1000,258,0.02, ,0.00, ,1277, ,14.1, ,72.8, ,51, ,53.8, ,3.5, ,61, ,74.7, 
47,Brentwood,San Francisco Bay,9/15/2021,1100,258,0.02, ,0.00, ,1516, ,13.9, ,77.3, ,44, ,53.4, ,3.8, ,46, ,76.1,Y
47,Brentwood,San Francisco Bay,9/15/2021,1200,258,0.02, ,0.00, ,1644, ,14.5, ,82.2, ,39, ,54.5, ,5.1, ,340, ,78.1,Y
47,Brentwood,San Francisco Bay,9/15/2021,1300,258,0.03, ,0.00, ,1647, ,14.2, ,83.8, ,36, ,54.0, ,8.5, ,322, ,80.3,Y
47,Brentwood,San Francisco Bay,9/15/2021,1400,258,0.03, ,0.00, ,1523, ,13.7, ,84.7, ,34, ,52.9, ,9.1, ,315, ,82.2,R
47,Brentwood,San Francisco Bay,9/15/2021,1500,258,0.02, ,0.00, ,1290, ,13.5, ,85.6, ,32, ,52.5, ,9.9, ,311, ,83.7,R
47,Brentwood,San Francisco Bay,9/15/2021,1600,258,0.02, ,0.00, ,973, ,12.9, ,86.1, ,30, ,51.4, ,9.3, ,311, ,84.7,R
47,Brentwood,San Francisco Bay,9/15/2021,1700,258,0.01, ,0.00, ,605, ,12.0, ,83.9, ,30, ,49.5, ,10.1, ,307, ,85.1,R
47,Brentwood,San Francisco Bay,9/15/2021,1800,258,0.01, ,0.00, ,240, ,11.3, ,77.6, ,35, ,47.7, ,9.7, ,308, ,85.0,R
47,Brentwood,San Francisco Bay,9/15/2021,1900,258,0.00, ,0.00, ,7, ,11.0, ,71.2, ,42, ,47.0, ,7.5, ,312, ,84.8,R
47,Brentwood,San Francisco Bay,9/15/2021,2000,258,0.00, ,0.00, ,0, ,11.2, ,66.2, ,51, ,47.6, ,7.3, ,302, ,84.1,R
47,Brentwood,San Francisco Bay,9/15/2021,2100,258,0.00, ,0.00, ,2, ,11.7, ,62.0, ,61, ,48.6, ,4.5, ,331, ,83.1,R
47,Brentwood,San Francisco Bay,9/15/2021,2200,258,0.00, ,0.00, ,0, ,12.1, ,59.5, ,69, ,49.5, ,4.5, ,323, ,82.0,Y
47,Brentwood,San Francisco Bay,9/15/2021,2300,258,0.00, ,0.00, ,0, ,11.8, ,57.7, ,73, ,49.0, ,3.9, ,315, ,80.8,Y
47,Brentwood,San Francisco Bay,9/15/2021,2400,258,0.00, ,0.00, ,0, ,13.1, ,55.7, ,86, ,51.7, ,3.3, ,24, ,79.5,Y
47,Brentwood,San Francisco Bay,9/16/2021,0100,259,0.00, ,0.00, ,0, ,14.6, ,55.2, ,98, ,54.7, ,4.2, ,350, ,78.4,Y
47,Brentwood,San Francisco Bay,9/16/2021,0200,259,0.00, ,0.00, ,0, ,14.4, ,54.6, ,99, ,54.4, ,3.7, ,349, ,77.3,Y
47,Brentwood,San Francisco Bay,9/16/2021,0300,259,0.00, ,0.00, ,0, ,14.4, ,54.6, ,99, ,54.4, ,4.2, ,316, ,76.3, 
47,Brentwood,San Francisco Bay,9/16/2021,0400,259,0.00, ,0.00, ,0, ,13.7, ,53.2, ,99, ,52.9, ,3.6, ,239, ,75.5, 
47,Brentwood,San Francisco Bay,9/16/2021,0500,259,0.00, ,0.00, ,0, ,13.0, ,51.9, ,99, ,51.6, ,2.1, ,212, ,74.7, 
47,Brentwood,San Francisco Bay,9/16/2021,0600,259,0.00, ,0.00, ,5, ,13.2, ,52.1, ,99, ,51.9, ,3.1, ,253, ,73.9, 
47,Brentwood,San Francisco Bay,9/16/2021,0700,259,0.00, ,0.00, ,175, ,14.7, ,55.7, ,97, ,55.0, ,3.9, ,298, ,73.1, 
47,Brentwood,San Francisco Bay,9/16/2021,0800,259,0.01, ,0.00, ,551, ,15.7, ,61.7, ,84, ,56.7, ,5.7, ,293, ,72.6, 
47,Brentwood,San Francisco Bay,9/16/2021,0900,259,0.01, ,0.00, ,940, ,15.3, ,66.8, ,68, ,56.1, ,3.9, ,310, ,72.5, 
47,Brentwood,San Francisco Bay,9/16/2021,1000,259,0.02, ,0.00, ,1272, ,13.5, ,69.5, ,55, ,52.5, ,3.4, ,41, ,73.0, 
47,Brentwood,San Francisco Bay,9/16/2021,1100,259,0.02, ,0.00, ,1508, ,13.1, ,72.2, ,48, ,51.6, ,3.3, ,72, ,74.4, 
47,Brentwood,San Francisco Bay,9/16/2021,1200,259,0.02, ,0.00, ,1620, ,14.0, ,76.2, ,45, ,53.6, ,6.3, ,341, ,76.5,Y
47,Brentwood,San Francisco Bay,9/16/2021,1300,259,0.02, ,0.00, ,1630, ,14.2, ,78.3, ,43, ,53.9, ,6.6, ,339, ,78.5,Y
47,Brentwood,San Francisco Bay,9/16/2021,1400,259,0.02, ,0.00, ,1521, ,14.2, ,80.1, ,40, ,54.0, ,8.7, ,325, ,80.5,Y
47,Brentwood,San Francisco Bay,9/16/2021,1500,259,0.02, ,0.00, ,1302, ,14.2, ,79.2, ,42, ,53.9, ,11.5, ,312, ,82.0,Y
47,Brentwood,San Francisco Bay,9/16/2021,1600,259,0.02, ,0.00, ,981, ,13.6, ,81.6, ,37, ,52.8, ,8.9, ,315, ,83.0,Y
47,Brentwood,San Francisco Bay,9/16/2021,1700,259,0.01, ,0.00, ,589, ,13.1, ,81.4, ,36, ,51.8, ,6.7, ,283, ,83.4,Y
47,Brentwood,San Francisco Bay,9/16/2021,1800,259,0.01, ,0.00, ,190, ,12.8, ,77.3, ,40, ,51.1, ,8.7, ,257, ,83.3,Y
47,Brentwood,San Francisco Bay,9/16/2021,1900,259,0.00, ,0.00, ,5, ,13.0, ,71.8, ,49, ,51.5, ,7.3, ,281, ,83.0,Y
47,Brentwood,San Francisco Bay,9/16/2021,2000,259,0.00, ,0.00, ,0, ,12.5, ,67.0, ,55, ,50.5, ,4.8, ,306, ,82.4,Y
47,Brentwood,San Francisco Bay,9/16/2021,2100,259,0.00, ,0.00, ,0, ,12.4, ,63.4, ,62, ,50.2, ,2.6, ,356, ,81.6,Y
47,Brentwood,San Francisco Bay,9/16/2021,2200,259,0.00, ,0.00, ,0, ,12.4, ,61.2, ,67, ,50.2, ,1.7, ,6, ,80.5,Y
47,Brentwood,San Francisco Bay,9/16/2021,2300,259,0.00, ,0.00, ,0, ,13.1, ,59.0, ,77, ,51.7, ,4.2, ,319, ,79.4,Y
47,Brentwood,San Francisco Bay,9/16/2021,2400,259,0.00, ,0.00, ,0, ,14.1, ,57.7, ,87, ,53.8, ,3.2, ,307, ,78.3,Y
47,Brentwood,San Francisco Bay,9/17/2021,0100,260,0.00, ,0.00, ,0, ,15.1, ,55.9, ,99, ,55.5, ,2.4, ,318, ,77.3,Y
47,Brentwood,San Francisco Bay,9/17/2021,0200,260,0.00, ,0.00, ,0, ,14.6, ,54.9, ,99, ,54.7, ,2.1, ,18, ,76.3, 
47,Brentwood,San Francisco Bay,9/17/2021,0300,260,0.00, ,0.00, ,0, ,13.9, ,53.6, ,99, ,53.4, ,2.0, ,62, ,75.4, 
47,Brentwood,San Francisco Bay,9/17/2021,0400,260,0.00, ,0.00, ,0, ,13.4, ,52.7, ,99, ,52.4, ,2.0, ,174, ,74.5, 
47,Brentwood,San Francisco Bay,9/17/2021,0500,260,0.00, ,0.00, ,0, ,12.8, ,51.3, ,99, ,51.1, ,1.9, ,265, ,73.7, 
47,Brentwood,San Francisco Bay,9/17/2021,0600,260,0.00, ,0.00, ,4, ,12.7, ,51.1, ,99, ,50.9, ,2.1, ,208, ,72.9, 
47,Brentwood,San Francisco Bay,9/17/2021,0700,260,0.00, ,0.00, ,191, ,14.1, ,53.8, ,99, ,53.6, ,2.1, ,150, ,72.1, 
47,Brentwood,San Francisco Bay,9/17/2021,0800,260,0.01, ,0.00, ,563, ,16.7, ,61.7, ,89, ,58.5, ,2.3, ,295, ,71.5, 
47,Brentwood,San Francisco Bay,9/17/2021,0900,260,0.01, ,0.00, ,955, ,16.8, ,66.8, ,75, ,58.5, ,4.1, ,296, ,71.5, 
47,Brentwood,San Francisco Bay,9/17/2021,1000,260,0.02, ,0.00, ,1281, ,16.5, ,70.3, ,65, ,58.1, ,3.3, ,274, ,72.2, 
47,Brentwood,San Francisco Bay,9/17/2021,1100,260,0.02, ,0.00, ,1507, ,14.9, ,75.0, ,50, ,55.2, ,3.4, ,294, ,73.7, 
47,Brentwood,San Francisco Bay,9/17/2021,1200,260,0.02, ,0.00, ,1628, ,14.4, ,78.6, ,43, ,54.4, ,4.8, ,355, ,75.9,Y
47,Brentwood,San Francisco Bay,9/17/2021,1300,260,0.03, ,0.00, ,1629, ,14.4, ,79.7, ,42, ,54.4, ,7.7, ,299, ,78.2,Y
47,Brentwood,San Francisco Bay,9/17/2021,1400,260,0.02, ,0.00, ,1504, ,14.2, ,80.6, ,40, ,54.0, ,9.0, ,307, ,80.2,Y
47,Brentwood,San Francisco Bay,9/17/2021,1500,260,0.02, ,0.00, ,1274, ,13.8, ,81.3, ,38, ,53.2, ,8.3, ,316, ,81.8,Y
47,Brentwood,San Francisco Bay,9/17/2021,1600,260,0.02, ,0.00, ,959, ,13.6, ,81.3, ,37, ,52.8, ,7.5, ,311, ,82.9,Y
47,Brentwood,San Francisco Bay,9/17/2021,1700,260,0.01, ,0.00, ,559, ,14.1, ,80.9, ,39, ,53.7, ,7.5, ,319, ,83.2,Y
47,Brentwood,San Francisco Bay,9/17/2021,1800,260,0.00, ,0.00, ,169, ,13.6, ,76.7, ,43, ,52.7, ,6.1, ,337, ,83.1,Y
47,Brentwood,San Francisco Bay,9/17/2021,1900,260,0.00, ,0.00, ,4, ,13.1, ,69.7, ,53, ,51.8, ,4.3, ,352, ,82.8,Y
47,Brentwood,San Francisco Bay,9/17/2021,2000,260,0.00, ,0.00, ,0, ,12.5, ,64.7, ,60, ,50.4, ,5.2, ,319, ,82.1,Y
47,Brentwood,San Francisco Bay,9/17/2021,2100,260,0.00, ,0.00, ,1, ,12.3, ,61.2, ,67, ,50.1, ,4.4, ,323, ,81.2,Y
47,Brentwood,San Francisco Bay,9/17/2021,2200,260,0.00, ,0.00, ,0, ,12.2, ,60.2, ,68, ,49.8, ,4.2, ,272, ,80.1,Y
47,Brentwood,San Francisco Bay,9/17/2021,2300,260,0.00, ,0.00, ,0, ,12.5, ,60.4, ,70, ,50.4, ,5.5, ,245, ,79.0,Y
47,Brentwood,San Francisco Bay,9/17/2021,2400,260,0.00, ,0.00, ,0, ,12.5, ,59.5, ,72, ,50.6, ,6.4, ,264, ,77.9,Y
47,Brentwood,San Francisco Bay,9/18/2021,0100,261,0.00, ,0.00, ,0, ,12.8, ,58.7, ,76, ,51.1, ,6.9, ,267, ,77.0,Y
47,Brentwood,San Francisco Bay,9/18/2021,0200,261,0.00, ,0.00, ,0, ,13.0, ,56.6, ,83, ,51.6, ,4.0, ,336, ,76.2, 
47,Brentwood,San Francisco Bay,9/18/2021,0300,261,0.00, ,0.00, ,0, ,13.6, ,53.1, ,99, ,52.8, ,3.2, ,32, ,75.4, 
47,Brentwood,San Francisco Bay,9/18/2021,0400,261,0.00, ,0.00, ,0, ,13.2, ,52.1, ,99, ,51.8, ,2.6, ,48, ,74.6, 
47,Brentwood,San Francisco Bay,9/18/2021,0500,261,0.00, ,0.00, ,0, ,13.5, ,52.7, ,99, ,52.5, ,2.7, ,314, ,73.7, 
47,Brentwood,San Francisco Bay,9/18/2021,0600,261,0.00, ,0.00, ,4, ,12.8, ,51.3, ,99, ,51.1, ,2.9, ,170, ,72.9, 
47,Brentwood,San Francisco Bay,9/18/2021,0700,261,0.00, ,0.00, ,183, ,14.7, ,55.1, ,99, ,54.8, ,2.7, ,151, ,72.2, 
47,Brentwood,San Francisco Bay,9/18/2021,0800,261,0.01, ,0.00, ,559, ,16.6, ,62.4, ,86, ,58.2, ,2.6, ,182, ,71.6, 
47,Brentwood,San Francisco Bay,9/18/2021,0900,261,0.01, ,0.00, ,948, ,18.0, ,67.5, ,78, ,60.6, ,7.4, ,236, ,71.5, 
47,Brentwood,San Francisco Bay,9/18/2021,1000,261,0.02, ,0.00, ,1284, ,18.1, ,70.9, ,70, ,60.7, ,7.0, ,221, ,72.3, 
47,Brentwood,San Francisco Bay,9/18/2021,1100,261,0.02, ,0.00, ,1509, ,18.0, ,73.7, ,63, ,60.5, ,6.0, ,225, ,73.6, 
47,Brentwood,San Francisco Bay,9/18/2021,1200,261,0.02, ,0.00, ,1629, ,17.6, ,75.7, ,58, ,59.9, ,6.5, ,210, ,75.5, 
47,Brentwood,San Francisco Bay,9/18/2021,1300,261,0.02, ,0.00, ,1639, ,17.7, ,78.3, ,53, ,60.0, ,8.0, ,262, ,77.7,Y
47,Brentwood,San Francisco Bay,9/18/2021,1400,261,0.03, ,0.00, ,1524, ,17.2, ,78.9, ,51, ,59.3, ,13.3, ,280, ,79.6,Y
47,Brentwood,San Francisco Bay,9/18/2021,1500,261,0.02, ,0.00, ,1299, ,15.5, ,78.1, ,47, ,56.4, ,13.6, ,271, ,81.1,Y
47,Brentwood,San Francisco Bay,9/18/2021,1600,261,0.02, ,0.00, ,966, ,15.9, ,76.6, ,51, ,57.0, ,12.9, ,265, ,82.0,Y
47,Brentwood,San Francisco Bay,9/18/2021,1700,261,0.01, ,0.00, ,561, ,15.8, ,73.2, ,57, ,56.9, ,13.4, ,266, ,82.3,Y
47,Brentwood,San Francisco Bay,9/18/2021,1800,261,0.00, ,0.00, ,175, ,15.5, ,69.7, ,63, ,56.4, ,12.7, ,278, ,82.2,Y
47,Brentwood,San Francisco Bay,9/18/2021,1900,261,0.00, ,0.00, ,3, ,15.4, ,66.6, ,69, ,56.2, ,8.8, ,290, ,81.9,Y
47,Brentwood,San Francisco Bay,9/18/2021,2000,261,0.00, ,0.00, ,1, ,14.9, ,66.3, ,68, ,55.3, ,9.4, ,252, ,81.2,Y
47,Brentwood,San Francisco Bay,9/18/2021,2100,261,0.00, ,0.00, ,1, ,14.9, ,65.3, ,70, ,55.3, ,7.2, ,248, ,80.4,Y
47,Brentwood,San Francisco Bay,9/18/2021,2200,261,0.00, ,0.00, ,1, ,14.9, ,64.3, ,73, ,55.3, ,4.7, ,255, ,79.5,Y
47,Brentwood,San Francisco Bay,9/18/2021,2300,261,0.00, ,0.00, ,0, ,15.8, ,63.3, ,79, ,56.9, ,3.8, ,113, ,78.6,Y
47,Brentwood,San Francisco Bay,9/18/2021,2400,261,0.00, ,0.00, ,0, ,16.7, ,63.7, ,83, ,58.3, ,2.3, ,104, ,77.7,Y
47,Brentwood,San Francisco Bay,9/19/2021,0100,262,0.00, ,0.00, ,0, ,17.1, ,64.7, ,82, ,59.1, ,2.1, ,186, ,76.9, 
47,Brentwood,San Francisco Bay,9/19/2021,0200,262,0.00, ,0.00, ,0, ,17.0, ,66.3, ,77, ,58.8, ,5.7, ,220, ,76.3, 
47,Brentwood,San Francisco Bay,9/19/2021,0300,262,0.00, ,0.00, ,1, ,17.4, ,66.0, ,80, ,59.5, ,4.9, ,223, ,75.9, 
47,Brentwood,San Francisco Bay,9/19/2021,0400,262,0.00, ,0.00, ,2, ,18.8, ,65.7, ,87, ,61.8, ,2.9, ,235, ,75.6, 
47,Brentwood,San Francisco Bay,9/19/2021,0500,262,0.00, ,0.00, ,1, ,19.6, ,63.2, ,99, ,62.9, ,2.6, ,294, ,75.4, 
47,Brentwood,San Francisco Bay,9/19/2021,0600,262,0.00, ,0.00, ,4, ,18.2, ,62.1, ,95, ,60.8, ,4.9, ,281, ,75.1, 
47,Brentwood,San Francisco Bay,9/19/2021,0700,262,0.00, ,0.00, ,181, ,18.1, ,61.8, ,96, ,60.7, ,6.6, ,226, ,74.7, 
47,Brentwood,San Francisco Bay,9/19/2021,0800,262,0.01, ,0.00, ,560, ,15.0, ,66.2, ,68, ,55.5, ,5.4, ,249, ,74.3, 
47,Brentwood,San Francisco Bay,9/19/2021,0900,262,0.01, ,0.00, ,970, ,12.9, ,70.1, ,51, ,51.3, ,9.3, ,277, ,74.2, 
47,Brentwood,San Francisco Bay,9/19/2021,1000,262,0.02, ,0.00, ,1304, ,12.2, ,73.3, ,43, ,49.8, ,13.1, ,285, ,74.7,Y
47,Brentwood,San Francisco Bay,9/19/2021,1100,262,0.02, ,0.00, ,1532, ,11.7, ,75.2, ,39, ,48.8, ,12.2, ,280, ,75.6,Y
47,Brentwood,San Francisco Bay,9/19/2021,1200,262,0.03, ,0.00, ,1631, ,11.5, ,77.0, ,36, ,48.2, ,10.3, ,288, ,76.6,Y
47,Brentwood,San Francisco Bay,9/19/2021,1300,262,0.02, ,0.00, ,1499, ,12.1, ,78.4, ,36, ,49.6, ,7.8, ,289, ,78.0,Y
47,Brentwood,San Francisco Bay,9/19/2021,1400,262,0.02, ,0.00, ,1395, ,11.9, ,80.1, ,34, ,49.2, ,9.2, ,342, ,79.5,Y
47,Brentwood,San Francisco Bay,9/19/2021,1500,262,0.02, ,0.00, ,1315, ,11.2, ,80.0, ,32, ,47.6, ,8.5, ,290, ,80.8,Y
47,Brentwood,San Francisco Bay,9/19/2021,1600,262,0.02, ,0.00, ,976, ,10.7, ,80.9, ,30, ,46.4, ,6.5, ,307, ,81.9,Y
47,Brentwood,San Francisco Bay,9/19/2021,1700,262,0.01, ,0.00, ,568, ,10.3, ,80.9, ,29, ,45.4, ,7.9, ,318, ,82.1,Y
47,Brentwood,San Francisco Bay,9/19/2021,1800,262,0.01, ,0.00, ,174, ,11.3, ,77.9, ,35, ,47.9, ,8.6, ,299, ,82.0,Y
47,Brentwood,San Francisco Bay,9/19/2021,1900,262,0.00, ,0.00, ,3, ,13.3, ,73.1, ,48, ,52.2, ,9.0, ,275, ,81.9,Y
47,Brentwood,San Francisco Bay,9/19/2021,2000,262,0.00, ,0.00, ,0, ,13.0, ,70.0, ,52, ,51.5, ,5.7, ,264, ,81.3,Y
47,Brentwood,San Francisco Bay,9/19/2021,2100,262,0.00, ,0.00, ,0, ,12.1, ,65.8, ,56, ,49.6, ,3.5, ,265, ,80.5,Y
47,Brentwood,San Francisco Bay,9/19/2021,2200,262,0.00, ,0.00, ,1, ,11.2, ,63.9, ,55, ,47.4, ,3.9, ,269, ,79.6,Y
47,Brentwood,San Francisco Bay,9/19/2021,2300,262,0.00, ,0.00, ,0, ,10.5, ,64.0, ,52, ,45.8, ,3.9, ,279, ,78.5,Y
47,Brentwood,San Francisco Bay,9/19/2021,2400,262,0.00, ,0.00, ,0, ,10.1, ,67.0, ,44, ,44.7, ,5.7, ,263, ,77.5,Y
47,Brentwood,San Francisco Bay,9/20/2021,0100,263,0.00, ,0.00, ,1, ,9.7, ,69.2, ,40, ,43.8, ,7.8, ,280, ,76.6, 
47,Brentwood,San Francisco Bay,9/20/2021,0200,263,0.00, ,0.00, ,1, ,10.8, ,66.3, ,49, ,46.5, ,6.3, ,293, ,75.9, 
47,Brentwood,San Francisco Bay,9/20/2021,0300,263,0.00, ,0.00, ,0, ,10.9, ,65.7, ,50, ,46.8, ,6.5, ,288, ,75.4, 
47,Brentwood,San Francisco Bay,9/20/2021,0400,263,0.00, ,0.00, ,0, ,10.3, ,64.6, ,50, ,45.3, ,6.3, ,303, ,75.0, 
47,Brentwood,San Francisco Bay,9/20/2021,0500,263,0.00, ,0.00, ,0, ,9.1, ,63.4, ,46, ,42.0, ,5.6, ,303, ,74.5, 
47,Brentwood,San Francisco Bay,9/20/2021,0600,263,0.00, ,0.00, ,4, ,8.5, ,61.6, ,45, ,40.2, ,3.8, ,294, ,74.0, 
47,Brentwood,San Francisco Bay,9/20/2021,0700,263,0.00, ,0.00, ,177, ,9.0, ,61.9, ,48, ,41.8, ,2.8, ,204, ,73.4, 
47,Brentwood,San Francisco Bay,9/20/2021,0800,263,0.01, ,0.00, ,563, ,8.7, ,69.4, ,35, ,41.0, ,5.8, ,313, ,72.8, 
47,Brentwood,San Francisco Bay,9/20/2021,0900,263,0.02, ,0.00, ,965, ,8.7, ,73.7, ,31, ,40.8, ,8.6, ,334, ,72.8, 
47,Brentwood,San Francisco Bay,9/20/2021,1000,263,0.02, ,0.00, ,1293, ,8.7, ,77.2, ,27, ,40.8, ,9.6, ,336, ,73.2, 
47,Brentwood,San Francisco Bay,9/20/2021,1100,263,0.03, ,0.00, ,1533, ,8.1, ,80.7, ,23, ,39.0, ,11.2, ,322, ,74.1, 
47,Brentwood,San Francisco Bay,9/20/2021,1200,263,0.03, ,0.00, ,1650, ,8.0, ,83.1, ,21, ,38.7, ,10.5, ,324, ,75.3, 
47,Brentwood,San Francisco Bay,9/20/2021,1300,263,0.03, ,0.00, ,1646, ,8.1, ,85.8, ,19, ,39.2, ,9.5, ,326, ,76.7,Y
47,Brentwood,San Francisco Bay,9/20/2021,1400,263,0.03, ,0.00, ,1530, ,8.3, ,87.4, ,19, ,39.8, ,8.0, ,326, ,78.4,Y
47,Brentwood,San Francisco Bay,9/20/2021,1500,263,0.02, ,0.00, ,1305, ,8.3, ,88.8, ,18, ,39.7, ,6.3, ,331, ,80.2,Y
47,Brentwood,San Francisco Bay,9/20/2021,1600,263,0.02, ,0.00, ,971, ,8.6, ,88.0, ,19, ,40.6, ,5.6, ,14, ,81.7,Y
47,Brentwood,San Francisco Bay,9/20/2021,1700,263,0.01, ,0.00, ,557, ,8.9, ,86.4, ,21, ,41.4, ,5.3, ,31, ,82.3,Y
47,Brentwood,San Francisco Bay,9/20/2021,1800,263,0.00, ,0.00, ,162, ,10.0, ,82.2, ,27, ,44.6, ,3.5, ,74, ,82.3,Y
47,Brentwood,San Francisco Bay,9/20/2021,1900,263,0.00, ,0.00, ,2, ,9.4, ,76.6, ,30, ,42.9, ,3.1, ,156, ,82.0,Y
47,Brentwood,San Francisco Bay,9/20/2021,2000,263,0.00, ,0.00, ,0, ,9.3, ,71.1, ,36, ,42.7, ,4.0, ,178, ,81.4,Y
47,Brentwood,San Francisco Bay,9/20/2021,2100,263,0.00, ,0.00, ,0, ,8.6, ,68.3, ,36, ,40.6, ,4.8, ,180, ,80.4,Y
47,Brentwood,San Francisco Bay,9/20/2021,2200,263,0.00, ,0.00, ,1, ,8.5, ,67.2, ,37, ,40.3, ,3.9, ,185, ,79.4,Y
47,Brentwood,San Francisco Bay,9/20/2021,2300,263,0.00, ,0.00, ,1, ,8.6, ,65.1, ,40, ,40.5, ,2.6, ,275, ,78.4,Y
47,Brentwood,San Francisco Bay,9/20/2021,2400,263,0.00, ,0.00, ,0, ,8.9, ,62.2, ,47, ,41.6, ,3.4, ,240, ,77.5,Y
47,Brentwood,San Francisco Bay,9/21/2021,0100,264,0.00, ,0.00, ,0, ,8.8, ,61.0, ,48, ,41.2, ,2.7, ,218, ,76.5, 
47,Brentwood,San Francisco Bay,9/21/2021,0200,264,0.00, ,0.00, ,0, ,8.3, ,58.2, ,50, ,39.8, ,2.0, ,87, ,75.6, 
47,Brentwood,San Francisco Bay,9/21/2021,0300,264,0.00, ,0.00, ,0, ,8.1, ,56.4, ,52, ,39.1, ,2.6, ,196, ,74.7, 
47,Brentwood,San Francisco Bay,9/21/2021,0400,264,0.00, ,0.00, ,0, ,8.2, ,55.2, ,55, ,39.5, ,1.9, ,269, ,73.9, 
47,Brentwood,San Francisco Bay,9/21/2021,0500,264,0.00, ,0.00, ,0, ,8.5, ,55.0, ,57, ,40.2, ,1.9, ,135, ,73.1, 
47,Brentwood,San Francisco Bay,9/21/2021,0600,264,0.00, ,0.00, ,3, ,8.2, ,54.3, ,57, ,39.4, ,1.9, ,209, ,72.4, 
47,Brentwood,San Francisco Bay,9/21/2021,0700,264,0.00, ,0.00, ,113, ,9.5, ,56.5, ,61, ,43.2, ,1.2, ,341, ,71.7, 
47,Brentwood,San Francisco Bay,9/21/2021,0800,264,0.01, ,0.00, ,460, ,9.8, ,67.2, ,43, ,44.0, ,1.9, ,351, ,71.1, 
47,Brentwood,San Francisco Bay,9/21/2021,0900,264,0.01, ,0.00, ,874, ,11.2, ,74.2, ,39, ,47.5, ,4.1, ,342, ,71.0, 
47,Brentwood,San Francisco Bay,9/21/2021,1000,264,0.02, ,0.00, ,1216, ,12.6, ,80.2, ,36, ,50.7, ,4.8, ,356, ,71.6, 
47,Brentwood,San Francisco Bay,9/21/2021,1100,264,0.02, ,0.00, ,1430, ,12.0, ,84.4, ,30, ,49.3, ,4.8, ,6, ,73.1, 
47,Brentwood,San Francisco Bay,9/21/2021,1200,264,0.02, ,0.00, ,1555, ,11.8, ,87.2, ,27, ,49.0, ,4.7, ,23, ,75.2, 
47,Brentwood,San Francisco Bay,9/21/2021,1300,264,0.02, ,0.00, ,1553, ,11.6, ,89.7, ,24, ,48.5, ,4.2, ,20, ,77.6,Y
47,Brentwood,San Francisco Bay,9/21/2021,1400,264,0.02, ,0.00, ,1436, ,11.8, ,91.7, ,23, ,48.9, ,4.0, ,46, ,80.1,Y
47,Brentwood,San Francisco Bay,9/21/2021,1500,264,0.02, ,0.00, ,1210, ,11.7, ,92.6, ,22, ,48.6, ,3.9, ,45, ,82.4,R
47,Brentwood,San Francisco Bay,9/21/2021,1600,264,0.01, ,0.00, ,867, ,11.7, ,94.3, ,21, ,48.8, ,4.5, ,10, ,83.9,R
47,Brentwood,San Francisco Bay,9/21/2021,1700,264,0.01, ,0.00, ,468, ,12.2, ,92.1, ,24, ,49.7, ,3.7, ,75, ,84.5,R
47,Brentwood,San Francisco Bay,9/21/2021,1800,264,0.00, ,0.00, ,126, ,12.0, ,89.6, ,25, ,49.3, ,2.5, ,59, ,84.5,R
47,Brentwood,San Francisco Bay,9/21/2021,1900,264,0.00, ,0.00, ,2, ,12.2, ,82.8, ,32, ,49.9, ,2.2, ,291, ,84.2,R
47,Brentwood,San Francisco Bay,9/21/2021,2000,264,0.00, ,0.00, ,0, ,12.9, ,77.8, ,40, ,51.3, ,3.2, ,208, ,83.6,R
47,Brentwood,San Francisco Bay,9/21/2021,2100,264,0.00, ,0.00, ,0, ,12.4, ,74.4, ,42, ,50.2, ,4.1, ,240, ,82.6,R
47,Brentwood,San Francisco Bay,9/21/2021,2200,264,0.00, ,0.00, ,0, ,11.9, ,71.6, ,45, ,49.1, ,2.2, ,297, ,81.6,R
47,Brentwood,San Francisco Bay,9/21/2021,2300,264,0.00, ,0.00, ,0, ,12.0, ,68.8, ,50, ,49.4, ,3.6, ,200, ,80.6,Y
47,Brentwood,San Francisco Bay,9/21/2021,2400,264,0.00, ,0.00, ,0, ,11.0, ,70.6, ,43, ,46.9, ,3.8, ,214, ,79.6,Y
47,Brentwood,San Francisco Bay,9/22/2021,0100,265,0.00, ,0.00, ,0, ,11.0, ,67.0, ,49, ,47.2, ,2.0, ,240, ,78.7,Y
47,Brentwood,San Francisco Bay,9/22/2021,0200,265,0.00, ,0.00, ,1, ,10.9, ,65.5, ,51, ,46.8, ,2.5, ,229, ,77.8,Y
47,Brentwood,San Francisco Bay,9/22/2021,0300,265,0.00, ,0.00, ,0, ,11.2, ,63.3, ,57, ,47.6, ,2.2, ,279, ,76.9,Y
47,Brentwood,San Francisco Bay,9/22/2021,0400,265,0.00, ,0.00, ,0, ,11.0, ,61.8, ,58, ,47.0, ,2.2, ,187, ,76.1,Y
47,Brentwood,San Francisco Bay,9/22/2021,0500,265,0.00, ,0.00, ,0, ,10.1, ,60.0, ,57, ,44.7, ,3.7, ,176, ,75.4,Y
47,Brentwood,San Francisco Bay,9/22/2021,0600,265,0.00, ,0.00, ,4, ,10.7, ,59.2, ,62, ,46.4, ,2.8, ,207, ,74.7, 
47,Brentwood,San Francisco Bay,9/22/2021,0700,265,0.00, ,0.00, ,147, ,12.0, ,61.6, ,64, ,49.3, ,1.9, ,220, ,74.0, 
47,Brentwood,San Francisco Bay,9/22/2021,0800,265,0.01, ,0.00, ,509, ,11.7, ,71.0, ,45, ,48.8, ,4.1, ,155, ,73.4, 
47,Brentwood,San Francisco Bay,9/22/2021,0900,265,0.01,Y,0.00, ,895, ,11.9, ,79.7,Y,34,Y,49.2,Y,3.9, ,148, ,73.3, 
47,Brentwood,San Francisco Bay,9/22/2021,1000,265,0.02,Y,0.00, ,1217, ,11.2, ,86.5,Y,26,Y,47.6,Y,3.4, ,284, ,74.0, 
47,Brentwood,San Francisco Bay,9/22/2021,1100,265,0.02,Y,0.00, ,1453, ,10.8, ,89.8,Y,23,Y,46.5,Y,4.6, ,311, ,75.6,Y
47,Brentwood,San Francisco Bay,9/22/2021,1200,265,0.02, ,0.00, ,1530, ,10.2, ,91.5, ,20, ,45.1, ,3.0, ,139, ,77.8,Y
47,Brentwood,San Francisco Bay,9/22/2021,1300,265,0.03, ,0.00, ,1510, ,10.2, ,93.5, ,19, ,45.1, ,9.4, ,301, ,80.2,R
47,Brentwood,San Francisco Bay,9/22/2021,1400,265,0.03, ,0.00, ,1463, ,9.2, ,94.6, ,16, ,42.2, ,10.5, ,300, ,82.1,R
47,Brentwood,San Francisco Bay,9/22/2021,1500,265,0.03, ,0.00, ,1252, ,9.1, ,94.4, ,17, ,42.2, ,11.5, ,282, ,83.6,R
47,Brentwood,San Francisco Bay,9/22/2021,1600,265,0.02, ,0.00, ,925, ,10.3, ,92.1, ,20, ,45.2, ,12.0, ,290, ,84.6,R
47,Brentwood,San Francisco Bay,9/22/2021,1700,265,0.01, ,0.00, ,531, ,9.7, ,90.0, ,20, ,43.7, ,11.4, ,292, ,84.8,R
47,Brentwood,San Francisco Bay,9/22/2021,1800,265,0.01, ,0.00, ,144, ,9.6, ,85.3, ,23, ,43.4, ,10.8, ,288, ,84.7,R
47,Brentwood,San Francisco Bay,9/22/2021,1900,265,0.00, ,0.00, ,1, ,9.9, ,80.3, ,28, ,44.2, ,8.2, ,283, ,84.3,R
47,Brentwood,San Francisco Bay,9/22/2021,2000,265,0.00, ,0.00, ,0, ,10.7, ,74.2, ,37, ,46.4, ,4.1, ,282, ,83.6,R
47,Brentwood,San Francisco Bay,9/22/2021,2100,265,0.00, ,0.00, ,0, ,10.3, ,72.3, ,38, ,45.4, ,4.1, ,203, ,82.6,R
47,Brentwood,San Francisco Bay,9/22/2021,2200,265,0.00, ,0.03, ,0, ,9.9, ,71.5, ,37, ,44.2, ,4.8, ,200, ,81.5,R
47,Brentwood,San Francisco Bay,9/22/2021,2300,265,0.00, ,0.00, ,1, ,11.5, ,66.1, ,52, ,48.2, ,2.8, ,323, ,80.4,Y
47,Brentwood,San Francisco Bay,9/22/2021,2400,265,0.00, ,0.00, ,0, ,12.5, ,62.9, ,64, ,50.5, ,2.8, ,345, ,79.3,Y
47,Brentwood,San Francisco Bay,9/23/2021,0100,266,0.00, ,0.00, ,0, ,12.9, ,60.7, ,71, ,51.3, ,3.0, ,318, ,78.2,Y
47,Brentwood,San Francisco Bay,9/23/2021,0200,266,0.00, ,0.00, ,0, ,14.0, ,59.8, ,80, ,53.6, ,3.6, ,276, ,77.1,Y
47,Brentwood,San Francisco Bay,9/23/2021,0300,266,0.00, ,0.00, ,0, ,16.2, ,58.2, ,97, ,57.5, ,3.0, ,292, ,76.1,Y
47,Brentwood,San Francisco Bay,9/23/2021,0400,266,0.00, ,0.00, ,0, ,15.9, ,57.3, ,99, ,57.0, ,3.9, ,290, ,75.1, 
47,Brentwood,San Francisco Bay,9/23/2021,0500,266,0.00, ,0.00, ,0, ,16.4, ,58.2, ,99, ,57.9, ,3.4, ,256, ,74.2, 
47,Brentwood,San Francisco Bay,9/23/2021,0600,266,0.00, ,0.01, ,3, ,15.6, ,56.7, ,99, ,56.5, ,2.9, ,267, ,73.4, 
47,Brentwood,San Francisco Bay,9/23/2021,0700,266,0.00, ,0.00, ,157, ,15.7, ,60.2, ,88, ,56.6, ,3.6, ,282, ,72.7, 
47,Brentwood,San Francisco Bay,9/23/2021,0800,266,0.01, ,0.00, ,527, ,13.7, ,71.5, ,52, ,52.9, ,4.7, ,297, ,72.1, 
47,Brentwood,San Francisco Bay,9/23/2021,0900,266,0.01, ,0.00, ,930, ,11.9, ,76.9, ,38, ,49.0, ,7.1, ,304, ,72.1, 
47,Brentwood,San Francisco Bay,9/23/2021,1000,266,0.02, ,0.00, ,1248, ,11.2, ,81.2, ,31, ,47.5, ,7.8, ,315, ,72.6, 
47,Brentwood,San Francisco Bay,9/23/2021,1100,266,0.02, ,0.00, ,1453, ,11.5, ,84.1, ,29, ,48.2, ,5.8, ,299, ,73.5, 
47,Brentwood,San Francisco Bay,9/23/2021,1200,266,0.03, ,0.00, ,1559, ,11.0, ,88.8, ,24, ,47.1, ,7.2, ,301, ,75.0,Y
47,Brentwood,San Francisco Bay,9/23/2021,1300,266,0.03, ,0.00, ,1541, ,10.7, ,92.2, ,21, ,46.3, ,7.2, ,309, ,76.9,Y
47,Brentwood,San Francisco Bay,9/23/2021,1400,266,0.03, ,0.00, ,1453, ,10.4, ,94.8, ,19, ,45.7, ,7.8, ,317, ,78.7,Y
47,Brentwood,San Francisco Bay,9/23/2021,1500,266,0.02, ,0.00, ,1239, ,9.7, ,96.3, ,17, ,43.8, ,7.7, ,312, ,80.3,Y
47,Brentwood,San Francisco Bay,9/23/2021,1600,266,0.02, ,0.00, ,877, ,9.2, ,96.5, ,16, ,42.2, ,6.4, ,320, ,81.4,Y
47,Brentwood,San Francisco Bay,9/23/2021,1700,266,0.01, ,0.00, ,451, ,9.1, ,95.4, ,16, ,42.0, ,5.4, ,324, ,81.8,Y
47,Brentwood,San Francisco Bay,9/23/2021,1800,266,0.01, ,0.00, ,110, ,10.3, ,90.0, ,21, ,45.4, ,4.5, ,346, ,81.7,Y
47,Brentwood,San Francisco Bay,9/23/2021,1900,266,0.00, ,0.00, ,3, ,12.0, ,82.1, ,32, ,49.3, ,5.8, ,296, ,81.4,Y
47,Brentwood,San Francisco Bay,9/23/2021,2000,266,0.00, ,0.00, ,0, ,11.2, ,79.1, ,33, ,47.6, ,5.4, ,267, ,80.8,Y
47,Brentwood,San Francisco Bay,9/23/2021,2100,266,0.00, ,0.00, ,0, ,10.9, ,74.3, ,38, ,46.8, ,3.7, ,238, ,79.9,Y
47,Brentwood,San Francisco Bay,9/23/2021,2200,266,0.00, ,0.01, ,0, ,10.8, ,73.3, ,38, ,46.5, ,3.6, ,211, ,78.9,Y
47,Brentwood,San Francisco Bay,9/23/2021,2300,266,0.00, ,0.00, ,0, ,10.3, ,70.4, ,40, ,45.3, ,2.1, ,224, ,77.9,Y
47,Brentwood,San Francisco Bay,9/23/2021,2400,266,0.00, ,0.00, ,0, ,9.4, ,69.8, ,38, ,43.0, ,3.6, ,179, ,76.9,Y
47,Brentwood,San Francisco Bay,9/24/2021,0100,267,0.00, ,0.00, ,0, ,9.9, ,67.7, ,43, ,44.2, ,2.2, ,258, ,75.9, 
47,Brentwood,San Francisco Bay,9/24/2021,0200,267,0.00, ,0.00, ,1, ,10.3, ,67.2, ,45, ,45.4, ,2.2, ,220, ,74.9, 
47,Brentwood,San Francisco Bay,9/24/2021,0300,267,0.00, ,0.00, ,1, ,10.3, ,63.2, ,52, ,45.2, ,2.6, ,62, ,74.1, 
47,Brentwood,San Francisco Bay,9/24/2021,0400,267,0.00, ,0.00, ,0, ,10.7, ,60.8, ,59, ,46.4, ,2.7, ,251, ,73.3, 
47,Brentwood,San Francisco Bay,9/24/2021,0500,267,0.00, ,0.00, ,0, ,10.9, ,59.4, ,63, ,46.7, ,2.6, ,197, ,72.5, 
47,Brentwood,San Francisco Bay,9/24/2021,0600,267,0.00, ,0.01, ,3, ,13.0, ,56.1, ,84, ,51.5, ,2.2, ,278, ,71.8, 
47,Brentwood,San Francisco Bay,9/24/2021,0700,267,0.00, ,0.00, ,131, ,14.3, ,59.3, ,83, ,54.1, ,3.0, ,273, ,71.1, 
47,Brentwood,San Francisco Bay,9/24/2021,0800,267,0.01, ,0.00, ,514, ,17.8, ,69.5, ,72, ,60.3, ,3.7, ,270, ,70.5, 
47,Brentwood,San Francisco Bay,9/24/2021,0900,267,0.01,Y,0.00,Y,910, ,14.6, ,79.3,Y,43,Y,54.7,Y,3.0, ,299, ,70.4, 
47,Brentwood,San Francisco Bay,9/24/2021,1000,267,0.02,Y,0.00, ,1250, ,13.0, ,85.7,Y,31,Y,51.5,Y,2.2, ,60, ,71.2, 
47,Brentwood,San Francisco Bay,9/24/2021,1100,267,0.02,Y,0.00, ,1447, ,11.8, ,89.7,Y,25,Y,49.0,Y,3.9, ,360, ,73.0, 
47,Brentwood,San Francisco Bay,9/24/2021,1200,267,0.02,Y,0.00, ,1478, ,10.1, ,92.0,Y,20,Y,44.8,Y,4.8, ,319, ,75.2,Y
47,Brentwood,San Francisco Bay,9/24/2021,1300,267,0.02, ,0.00, ,1513, ,9.8, ,92.8, ,19, ,44.0, ,4.4, ,303, ,77.3,Y
47,Brentwood,San Francisco Bay,9/24/2021,1400,267,0.02, ,0.00, ,1406, ,10.5, ,95.6, ,18, ,45.8, ,6.0, ,314, ,79.3,Y
47,Brentwood,San Francisco Bay,9/24/2021,1500,267,0.02, ,0.00, ,1143, ,10.5, ,95.0, ,19, ,45.8, ,7.4, ,301, ,81.0,R
47,Brentwood,San Francisco Bay,9/24/2021,1600,267,0.02, ,0.00, ,843, ,11.1, ,93.7, ,21, ,47.4, ,7.4, ,293, ,82.0,R
47,Brentwood,San Francisco Bay,9/24/2021,1700,267,0.01, ,0.00, ,453, ,11.1, ,92.0, ,22, ,47.3, ,7.4, ,297, ,82.0,R
47,Brentwood,San Francisco Bay,9/24/2021,1800,267,0.01, ,0.00, ,111, ,11.1, ,87.4, ,25, ,47.4, ,5.3, ,288, ,81.8,Y
47,Brentwood,San Francisco Bay,9/24/2021,1900,267,0.00, ,0.00, ,1, ,10.1, ,81.5, ,27, ,44.7, ,4.8, ,222, ,81.3,Y
47,Brentwood,San Francisco Bay,9/24/2021,2000,267,0.00, ,0.00, ,0, ,11.1, ,76.0, ,36, ,47.4, ,4.2, ,284, ,80.4,Y
47,Brentwood,San Francisco Bay,9/24/2021,2100,267,0.00, ,0.00, ,0, ,11.0, ,73.0, ,39, ,46.9, ,3.8, ,278, ,79.3,Y
47,Brentwood,San Francisco Bay,9/24/2021,2200,267,0.00, ,0.01, ,0, ,11.1, ,68.7, ,46, ,47.2, ,2.1, ,86, ,78.2,Y
47,Brentwood,San Francisco Bay,9/24/2021,2300,267,0.00, ,0.00, ,1, ,11.2, ,65.7, ,52, ,47.4, ,2.4, ,61, ,77.1,Y
47,Brentwood,San Francisco Bay,9/24/2021,2400,267,0.00, ,0.00, ,0, ,12.1, ,63.4, ,61, ,49.7, ,2.6, ,279, ,76.0, 
47,Brentwood,San Francisco Bay,9/25/2021,0100,268,0.00, ,0.00, ,0, ,11.7, ,62.1, ,61, ,48.6, ,3.0, ,284, ,74.9, 
47,Brentwood,San Francisco Bay,9/25/2021,0200,268,0.00, ,0.00, ,0, ,13.2, ,61.8, ,70, ,52.0, ,3.8, ,296, ,73.9, 
47,Brentwood,San Francisco Bay,9/25/2021,0300,268,0.00, ,0.00, ,0, ,14.4, ,60.6, ,79, ,54.3, ,3.1, ,318, ,72.9, 
47,Brentwood,San Francisco Bay,9/25/2021,0400,268,0.00, ,0.00, ,0, ,16.9, ,59.5, ,97, ,58.7, ,3.4, ,347, ,72.1, 
47,Brentwood,San Francisco Bay,9/25/2021,0500,268,0.00, ,0.00, ,0, ,16.5, ,58.4, ,99, ,58.1, ,3.5, ,293, ,71.4, 
47,Brentwood,San Francisco Bay,9/25/2021,0600,268,0.00, ,0.01, ,2, ,15.5, ,56.6, ,99, ,56.4, ,1.9, ,245, ,70.7, 
47,Brentwood,San Francisco Bay,9/25/2021,0700,268,0.00, ,0.00, ,108, ,15.4, ,56.4, ,99, ,56.2, ,1.9, ,281, ,70.1, 
47,Brentwood,San Francisco Bay,9/25/2021,0800,268,0.00, ,0.00, ,435, ,18.4, ,63.1, ,94, ,61.2, ,3.0, ,316, ,69.6, 
47,Brentwood,San Francisco Bay,9/25/2021,0900,268,0.01, ,0.00, ,818, ,18.2, ,70.0, ,73, ,60.8, ,2.5, ,5, ,69.4, 
47,Brentwood,San Francisco Bay,9/25/2021,1000,268,0.01, ,0.00, ,1139, ,17.7, ,74.1, ,62, ,60.1, ,2.9, ,348, ,69.9, 
47,Brentwood,San Francisco Bay,9/25/2021,1100,268,0.02, ,0.00, ,1372, ,15.2, ,78.4, ,46, ,55.9, ,3.4, ,315, ,71.3, 
47,Brentwood,San Francisco Bay,9/25/2021,1200,268,0.02, ,0.00, ,1463, ,15.9, ,81.3, ,44, ,57.1, ,5.6, ,313, ,73.2, 
47,Brentwood,San Francisco Bay,9/25/2021,1300,268,0.02, ,0.00, ,1437, ,16.1, ,80.5, ,45, ,57.4, ,9.3, ,299, ,75.1,Y
47,Brentwood,San Francisco Bay,9/25/2021,1400,268,0.02, ,0.00, ,1296, ,15.9, ,83.4, ,41, ,57.0, ,7.5, ,307, ,76.6,Y
47,Brentwood,San Francisco Bay,9/25/2021,1500,268,0.02, ,0.00, ,1074, ,15.2, ,84.3, ,38, ,55.7, ,8.7, ,309, ,77.8,Y
47,Brentwood,San Francisco Bay,9/25/2021,1600,268,0.01, ,0.00, ,690, ,14.4, ,83.5, ,37, ,54.3, ,9.9, ,292, ,78.6,Y
47,Brentwood,San Francisco Bay,9/25/2021,1700,268,0.01, ,0.00, ,342, ,13.2, ,81.6, ,36, ,51.9, ,9.5, ,294, ,78.8,Y
47,Brentwood,San Francisco Bay,9/25/2021,1800,268,0.01, ,0.00, ,79, ,13.0, ,76.2, ,42, ,51.5, ,9.3, ,282, ,78.6,Y
47,Brentwood,San Francisco Bay,9/25/2021,1900,268,0.00, ,0.00, ,1, ,12.3, ,71.3, ,47, ,50.0, ,8.2, ,295, ,78.1,Y
47,Brentwood,San Francisco Bay,9/25/2021,2000,268,0.00, ,0.00, ,0, ,11.7, ,69.2, ,48, ,48.8, ,6.3, ,291, ,77.3, 
47,Brentwood,San Francisco Bay,9/25/2021,2100,268,0.00, ,0.00, ,0, ,11.7, ,65.8, ,54, ,48.6, ,3.3, ,10, ,76.3, 
47,Brentwood,San Francisco Bay,9/25/2021,2200,268,0.00, ,0.01, ,0, ,12.7, ,62.5, ,66, ,51.0, ,5.7, ,339, ,75.3, 
47,Brentwood,San Francisco Bay,9/25/2021,2300,268,0.00, ,0.00, ,0, ,12.9, ,61.3, ,69, ,51.3, ,4.3, ,348, ,74.4, 
47,Brentwood,San Francisco Bay,9/25/2021,2400,268,0.00, ,0.00, ,0, ,12.8, ,59.6, ,73, ,51.0, ,4.4, ,350, ,73.4, 
47,Brentwood,San Francisco Bay,9/26/2021,0100,269,0.00, ,0.00, ,0, ,12.8, ,58.8, ,76, ,51.1, ,5.1, ,305, ,72.4, 
47,Brentwood,San Francisco Bay,9/26/2021,0200,269,0.00, ,0.00, ,0, ,13.5, ,57.1, ,84, ,52.5, ,3.2, ,286, ,71.5, 
47,Brentwood,San Francisco Bay,9/26/2021,0300,269,0.00, ,0.00, ,0, ,14.2, ,54.9, ,97, ,53.9, ,1.4, ,357, ,70.7, 
47,Brentwood,San Francisco Bay,9/26/2021,0400,269,0.00, ,0.00, ,0, ,13.7, ,53.5, ,98, ,53.0, ,2.4, ,358, ,69.9, 
47,Brentwood,San Francisco Bay,9/26/2021,0500,269,0.00, ,0.00, ,0, ,13.6, ,53.2, ,99, ,52.8, ,3.9, ,195, ,69.1, 
47,Brentwood,San Francisco Bay,9/26/2021,0600,269,0.00, ,0.01, ,2, ,13.9, ,53.5, ,99, ,53.3, ,2.3, ,216, ,68.3, 
47,Brentwood,San Francisco Bay,9/26/2021,0700,269,0.00, ,0.00, ,94, ,13.7, ,53.2, ,99, ,53.0, ,2.0, ,2, ,67.7, 
47,Brentwood,San Francisco Bay,9/26/2021,0800,269,0.00, ,0.00, ,406, ,16.6, ,60.9, ,91, ,58.2, ,1.9, ,348, ,67.2, 
47,Brentwood,San Francisco Bay,9/26/2021,0900,269,0.01, ,0.00, ,816, ,16.1, ,66.3, ,73, ,57.3, ,2.9, ,52, ,66.9, 
47,Brentwood,San Francisco Bay,9/26/2021,1000,269,0.01, ,0.00, ,1195, ,16.2, ,70.4, ,64, ,57.6, ,3.6, ,15, ,67.5, 
47,Brentwood,San Francisco Bay,9/26/2021,1100,269,0.02, ,0.00, ,1439, ,14.9, ,73.3, ,53, ,55.2, ,3.7, ,51, ,68.8, 
47,Brentwood,San Francisco Bay,9/26/2021,1200,269,0.02, ,0.00, ,1550, ,13.5, ,76.2, ,44, ,52.6, ,3.7, ,46, ,70.8, 
47,Brentwood,San Francisco Bay,9/26/2021,1300,269,0.02, ,0.00, ,1564, ,13.8, ,80.6, ,39, ,53.2, ,4.4, ,344, ,73.1, 
47,Brentwood,San Francisco Bay,9/26/2021,1400,269,0.02, ,0.00, ,1451, ,13.9, ,82.6, ,36, ,53.3, ,8.3, ,299, ,75.4, 
47,Brentwood,San Francisco Bay,9/26/2021,1500,269,0.02, ,0.00, ,1220, ,13.7, ,83.1, ,36, ,53.0, ,10.5, ,316, ,77.1,Y
47,Brentwood,San Francisco Bay,9/26/2021,1600,269,0.02, ,0.00, ,897, ,12.7, ,82.6, ,33, ,50.9, ,10.5, ,297, ,78.0,Y
47,Brentwood,San Francisco Bay,9/26/2021,1700,269,0.01, ,0.00, ,482, ,12.6, ,79.3, ,37, ,50.6, ,8.5, ,280, ,78.0,Y
47,Brentwood,San Francisco Bay,9/26/2021,1800,269,0.00, ,0.00, ,117, ,12.2, ,74.6, ,42, ,49.9, ,8.1, ,296, ,77.7,Y
47,Brentwood,San Francisco Bay,9/26/2021,1900,269,0.00, ,0.00, ,1, ,12.1, ,68.0, ,52, ,49.7, ,4.7, ,313, ,77.2, 
47,Brentwood,San Francisco Bay,9/26/2021,2000,269,0.00, ,0.00, ,1, ,12.0, ,64.9, ,57, ,49.4, ,8.0, ,277, ,76.3, 
47,Brentwood,San Francisco Bay,9/26/2021,2100,269,0.00, ,0.00, ,0, ,11.8, ,62.1, ,62, ,49.0, ,5.6, ,287, ,75.2, 
47,Brentwood,San Francisco Bay,9/26/2021,2200,269,0.00, ,0.00, ,0, ,11.3, ,58.0, ,69, ,47.7, ,2.9, ,347, ,74.1, 
47,Brentwood,San Francisco Bay,9/26/2021,2300,269,0.00, ,0.00, ,0, ,11.0, ,55.1, ,74, ,47.0, ,2.2, ,109, ,72.9, 
47,Brentwood,San Francisco Bay,9/26/2021,2400,269,0.00, ,0.00, ,0, ,12.9, ,53.3, ,93, ,51.3, ,2.4, ,153, ,71.7, 
47,Brentwood,San Francisco Bay,9/27/2021,0100,270,0.00, ,0.00, ,0, ,12.6, ,51.8, ,96, ,50.6, ,2.8, ,257, ,70.6, 
47,Brentwood,San Francisco Bay,9/27/2021,0200,270,0.00, ,0.00, ,0, ,12.7, ,51.2, ,99, ,50.9, ,2.2, ,135, ,69.5, 
47,Brentwood,San Francisco Bay,9/27/2021,0300,270,0.00, ,0.00, ,0, ,11.7, ,49.2, ,98, ,48.7, ,1.8, ,304, ,68.5, 
47,Brentwood,San Francisco Bay,9/27/2021,0400,270,0.00, ,0.00, ,0, ,11.7, ,49.0, ,99, ,48.8, ,2.4, ,180, ,67.6, 
47,Brentwood,San Francisco Bay,9/27/2021,0500,270,0.00, ,0.00, ,0, ,11.4, ,48.3, ,99, ,48.1, ,1.8, ,155, ,66.7, 
47,Brentwood,San Francisco Bay,9/27/2021,0600,270,0.00, ,0.02, ,2, ,11.5, ,48.5, ,99, ,48.2, ,2.2, ,164, ,65.9, 
47,Brentwood,San Francisco Bay,9/27/2021,0700,270,0.00, ,0.00, ,149, ,13.3, ,52.5, ,99, ,52.2, ,2.6, ,156, ,65.3, 
47,Brentwood,San Francisco Bay,9/27/2021,0800,270,0.00, ,0.00, ,524, ,18.3, ,63.2, ,92, ,61.0, ,7.9, ,237, ,64.8, 
47,Brentwood,San Francisco Bay,9/27/2021,0900,270,0.01, ,0.00, ,921, ,18.5, ,68.5, ,78, ,61.2, ,8.3, ,233, ,64.8, 
47,Brentwood,San Francisco Bay,9/27/2021,1000,270,0.02, ,0.00, ,1248, ,17.7, ,71.9, ,66, ,60.1, ,7.3, ,265, ,65.6, 
47,Brentwood,San Francisco Bay,9/27/2021,1100,270,0.02, ,0.00, ,1471, ,16.7, ,74.2, ,58, ,58.5, ,9.2, ,276, ,67.1, 
47,Brentwood,San Francisco Bay,9/27/2021,1200,270,0.02, ,0.00, ,1586, ,15.0, ,76.2, ,49, ,55.5, ,9.5, ,271, ,69.0, 
47,Brentwood,San Francisco Bay,9/27/2021,1300,270,0.02, ,0.00, ,1584, ,14.7, ,77.2, ,46, ,54.9, ,9.8, ,236, ,71.2, 
47,Brentwood,San Francisco Bay,9/27/2021,1400,270,0.02, ,0.00, ,1462, ,14.3, ,78.4, ,43, ,54.0, ,7.7, ,210, ,73.4, 
47,Brentwood,San Francisco Bay,9/27/2021,1500,270,0.02, ,0.00, ,1220, ,14.1, ,79.1, ,42, ,53.8, ,9.5, ,242, ,75.3, 
47,Brentwood,San Francisco Bay,9/27/2021,1600,270,0.02, ,0.00, ,871, ,15.5, ,76.1, ,50, ,56.3, ,15.0, ,261, ,76.4, 
47,Brentwood,San Francisco Bay,9/27/2021,1700,270,0.01, ,0.00, ,442, ,15.8, ,74.0, ,55, ,56.9, ,14.2, ,260, ,76.6, 
47,Brentwood,San Francisco Bay,9/27/2021,1800,270,0.00, ,0.00, ,55, ,16.0, ,71.1, ,62, ,57.2, ,9.4, ,247, ,76.3, 
47,Brentwood,San Francisco Bay,9/27/2021,1900,270,0.00, ,0.00, ,0, ,15.9, ,68.3, ,67, ,57.1, ,7.6, ,202, ,75.8, 
47,Brentwood,San Francisco Bay,9/27/2021,2000,270,0.00, ,0.02, ,1, ,16.2, ,66.8, ,72, ,57.6, ,6.1, ,211, ,75.1, 
47,Brentwood,San Francisco Bay,9/27/2021,2100,270,0.00, ,0.00, ,2, ,16.1, ,66.6, ,73, ,57.5, ,8.4, ,216, ,74.3, 
47,Brentwood,San Francisco Bay,9/27/2021,2200,270,0.00, ,0.00, ,1, ,15.8, ,65.4, ,74, ,56.8, ,9.0, ,257, ,73.5, 
47,Brentwood,San Francisco Bay,9/27/2021,2300,270,0.00, ,0.00, ,1, ,13.2, ,64.0, ,65, ,52.0, ,9.1, ,237, ,72.7, 
47,Brentwood,San Francisco Bay,9/27/2021,2400,270,0.00, ,0.00, ,0, ,11.7, ,62.6, ,61, ,48.8, ,8.7, ,256, ,71.9, 
47,Brentwood,San Francisco Bay,9/28/2021,0100,271,0.00, ,0.00, ,0, ,11.5, ,61.0, ,63, ,48.2, ,6.0, ,239, ,71.0, 
47,Brentwood,San Francisco Bay,9/28/2021,0200,271,0.00, ,0.00, ,0, ,10.9, ,58.4, ,65, ,46.7, ,3.6, ,223, ,70.1, 
47,Brentwood,San Francisco Bay,9/28/2021,0300,271,0.00, ,0.00, ,0, ,10.6, ,58.4, ,63, ,46.0, ,7.4, ,255, ,69.2, 
47,Brentwood,San Francisco Bay,9/28/2021,0400,271,0.00, ,0.00, ,0, ,10.6, ,58.8, ,62, ,46.0, ,8.7, ,264, ,68.3, 
47,Brentwood,San Francisco Bay,9/28/2021,0500,271,0.00, ,0.00, ,0, ,10.0, ,59.1, ,58, ,44.5, ,9.6, ,266, ,67.6, 
47,Brentwood,San Francisco Bay,9/28/2021,0600,271,0.00, ,0.00, ,1, ,10.2, ,57.9, ,62, ,45.1, ,7.2, ,271, ,67.0, 
47,Brentwood,San Francisco Bay,9/28/2021,0700,271,0.00, ,0.00, ,53, ,9.8, ,58.4, ,58, ,43.9, ,7.0, ,271, ,66.5, 
47,Brentwood,San Francisco Bay,9/28/2021,0800,271,0.01, ,0.00, ,420, ,9.5, ,61.0, ,52, ,43.3, ,8.1, ,273, ,66.1, 
47,Brentwood,San Francisco Bay,9/28/2021,0900,271,0.01, ,0.00, ,929, ,9.3, ,65.5, ,43, ,42.5, ,11.0, ,295, ,65.8, 
47,Brentwood,San Francisco Bay,9/28/2021,1000,271,0.02, ,0.00, ,1265, ,9.4, ,67.6, ,41, ,42.9, ,12.2, ,297, ,66.1, 
47,Brentwood,San Francisco Bay,9/28/2021,1100,271,0.03, ,0.00, ,1491, ,7.9, ,71.6, ,30, ,38.5, ,14.6, ,304, ,66.7, 
47,Brentwood,San Francisco Bay,9/28/2021,1200,271,0.03, ,0.00, ,1616, ,6.9, ,74.4, ,24, ,35.1, ,14.4, ,311, ,67.7, 
47,Brentwood,San Francisco Bay,9/28/2021,1300,271,0.03, ,0.00, ,1605, ,7.3, ,75.7, ,24, ,36.6, ,11.3, ,283, ,68.7, 
47,Brentwood,San Francisco Bay,9/28/2021,1400,271,0.02, ,0.00, ,1483, ,6.7, ,78.9, ,20, ,34.2, ,10.1, ,301, ,70.2, 
47,Brentwood,San Francisco Bay,9/28/2021,1500,271,0.02, ,0.00, ,1257, ,5.8, ,80.5, ,16, ,30.8, ,10.8, ,305, ,71.7, 
47,Brentwood,San Francisco Bay,9/28/2021,1600,271,0.02, ,0.00, ,914, ,4.9, ,80.8, ,14, ,26.6, ,11.0, ,300, ,72.8, 
47,Brentwood,San Francisco Bay,9/28/2021,1700,271,0.01, ,0.00, ,503, ,4.5, ,79.8, ,13, ,24.8, ,8.7, ,294, ,73.2, 
47,Brentwood,San Francisco Bay,9/28/2021,1800,271,0.01, ,0.00, ,92, ,6.3, ,75.7, ,21, ,32.8, ,7.5, ,272, ,73.1, 
47,Brentwood,San Francisco Bay,9/28/2021,1900,271,0.00, ,0.00, ,0, ,8.0, ,71.5, ,31, ,38.9, ,7.1, ,256, ,72.8, 
47,Brentwood,San Francisco Bay,9/28/2021,2000,271,0.00, ,0.00, ,0, ,8.7, ,66.8, ,39, ,40.8, ,4.8, ,286, ,72.2, 
47,Brentwood,San Francisco Bay,9/28/2021,2100,271,0.00, ,0.00, ,1, ,8.2, ,63.0, ,42, ,39.4, ,3.8, ,271, ,71.4, 
47,Brentwood,San Francisco Bay,9/28/2021,2200,271,0.00, ,0.00, ,0, ,8.2, ,58.8, ,49, ,39.5, ,3.0, ,256, ,70.4, 
47,Brentwood,San Francisco Bay,9/28/2021,2300,271,0.00, ,0.00, ,0, ,7.2, ,59.9, ,41, ,36.1, ,4.8, ,221, ,69.5, 
47,Brentwood,San Francisco Bay,9/28/2021,2400,271,0.00, ,0.00, ,0, ,7.1, ,59.2, ,41, ,35.8, ,4.3, ,222, ,68.5, 
47,Brentwood,San Francisco Bay,9/29/2021,0100,272,0.00, ,0.00, ,0, ,7.2, ,56.9, ,45, ,36.1, ,3.9, ,285, ,67.5, 
47,Brentwood,San Francisco Bay,9/29/2021,0200,272,0.00, ,0.00, ,0, ,8.6, ,55.0, ,58, ,40.7, ,3.3, ,279, ,66.6, 
47,Brentwood,San Francisco Bay,9/29/2021,0300,272,0.00, ,0.00, ,0, ,8.7, ,54.7, ,60, ,40.9, ,3.5, ,256, ,65.8, 
47,Brentwood,San Francisco Bay,9/29/2021,0400,272,0.00, ,0.00, ,0, ,8.2, ,53.1, ,59, ,39.3, ,3.7, ,239, ,65.0, 
47,Brentwood,San Francisco Bay,9/29/2021,0500,272,0.00, ,0.00, ,0, ,8.4, ,53.2, ,61, ,40.0, ,3.6, ,244, ,64.3, 
47,Brentwood,San Francisco Bay,9/29/2021,0600,272,0.00, ,0.01, ,2, ,8.3, ,49.4, ,69, ,39.6, ,3.4, ,259, ,63.6, 
47,Brentwood,San Francisco Bay,9/29/2021,0700,272,0.00, ,0.00, ,134, ,8.8, ,53.2, ,64, ,41.3, ,2.8, ,280, ,62.9, 
47,Brentwood,San Francisco Bay,9/29/2021,0800,272,0.01, ,0.00, ,503, ,9.9, ,61.0, ,54, ,44.3, ,3.8, ,280, ,62.4, 
47,Brentwood,San Francisco Bay,9/29/2021,0900,272,0.01, ,0.00, ,947, ,9.7, ,68.3, ,41, ,43.9, ,6.7, ,284, ,62.3, 
47,Brentwood,San Francisco Bay,9/29/2021,1000,272,0.02, ,0.00, ,1229, ,8.4, ,71.7, ,32, ,39.9, ,11.5, ,297, ,63.0, 
47,Brentwood,San Francisco Bay,9/29/2021,1100,272,0.02, ,0.00, ,1456, ,9.1, ,73.7, ,32, ,42.0, ,9.5, ,296, ,64.2, 
47,Brentwood,San Francisco Bay,9/29/2021,1200,272,0.02, ,0.00, ,1566, ,8.5, ,76.4, ,28, ,40.5, ,8.1, ,286, ,65.7, 
47,Brentwood,San Francisco Bay,9/29/2021,1300,272,0.02, ,0.00, ,1577, ,8.0, ,78.9, ,24, ,38.7, ,7.5, ,286, ,67.6, 
47,Brentwood,San Francisco Bay,9/29/2021,1400,272,0.02, ,0.00, ,1460, ,7.5, ,80.6, ,21, ,37.1, ,7.9, ,275, ,69.9, 
47,Brentwood,San Francisco Bay,9/29/2021,1500,272,0.02, ,0.00, ,1225, ,6.9, ,82.7, ,18, ,34.9, ,7.3, ,294, ,72.0, 
47,Brentwood,San Francisco Bay,9/29/2021,1600,272,0.01, ,0.00, ,882, ,6.7, ,83.1, ,17, ,34.3, ,5.7, ,290, ,73.5, 
47,Brentwood,San Francisco Bay,9/29/2021,1700,272,0.01, ,0.00, ,461, ,6.7, ,82.3, ,18, ,34.3, ,6.0, ,287, ,73.9, 
47,Brentwood,San Francisco Bay,9/29/2021,1800,272,0.01, ,0.00, ,102, ,7.7, ,78.8, ,23, ,37.8, ,6.7, ,296, ,73.8, 
47,Brentwood,San Francisco Bay,9/29/2021,1900,272,0.00, ,0.00, ,0, ,8.7, ,73.4, ,31, ,41.0, ,6.5, ,270, ,73.5, 
47,Brentwood,San Francisco Bay,9/29/2021,2000,272,0.00, ,0.00, ,0, ,8.7, ,67.6, ,38, ,40.8, ,3.0, ,251, ,72.8, 
47,Brentwood,San Francisco Bay,9/29/2021,2100,272,0.00, ,0.00, ,1, ,8.3, ,63.8, ,41, ,39.6, ,3.9, ,178, ,71.8, 
47,Brentwood,San Francisco Bay,9/29/2021,2200,272,0.00, ,0.03, ,0, ,8.1, ,60.5, ,45, ,39.2, ,4.2, ,168, ,70.7, 
47,Brentwood,San Francisco Bay,9/29/2021,2300,272,0.00, ,0.00, ,0, ,7.8, ,63.2, ,39, ,38.2, ,3.8, ,213, ,69.7, 
47,Brentwood,San Francisco Bay,9/29/2021,2400,272,0.00, ,0.00, ,0, ,7.8, ,60.3, ,44, ,38.2, ,3.0, ,246, ,68.6, 
47,Brentwood,San Francisco Bay,9/30/2021,0100,273,0.00, ,0.00, ,0, ,8.0, ,56.8, ,51, ,38.8, ,2.4, ,250, ,67.6, 
47,Brentwood,San Francisco Bay,9/30/2021,0200,273,0.00, ,0.00, ,0, ,8.2, ,56.2, ,53, ,39.4, ,2.7, ,97, ,66.6, 
47,Brentwood,San Francisco Bay,9/30/2021,0300,273,0.00, ,0.00, ,0, ,8.7, ,55.1, ,59, ,40.8, ,3.7, ,183, ,65.7, 
47,Brentwood,San Francisco Bay,9/30/2021,0400,273,0.00, ,0.00, ,0, ,8.8, ,56.6, ,56, ,41.3, ,3.1, ,206, ,64.9, 
47,Brentwood,San Francisco Bay,9/30/2021,0500,273,0.00, ,0.00, ,0, ,8.6, ,51.8, ,66, ,40.7, ,2.4, ,243, ,64.2, 
47,Brentwood,San Francisco Bay,9/30/2021,0600,273,0.00, ,0.02, ,2, ,8.4, ,50.2, ,68, ,40.1, ,3.1, ,228, ,63.6, 
47,Brentwood,San Francisco Bay,9/30/2021,0700,273,0.00, ,0.00, ,137, ,8.3, ,51.3, ,64, ,39.6, ,2.3, ,359, ,62.9, 
47,Brentwood,San Francisco Bay,9/30/2021,0800,273,0.00, ,0.00, ,507, ,10.6, ,61.1, ,58, ,46.1, ,2.7, ,338, ,62.4, 
47,Brentwood,San Francisco Bay,9/30/2021,0900,273,0.01, ,0.00, ,911, ,10.6, ,69.4, ,43, ,46.1, ,4.5, ,324, ,62.3, 
47,Brentwood,San Francisco Bay,9/30/2021,1000,273,0.02, ,0.00, ,1249, ,10.1, ,72.8, ,37, ,44.8, ,5.9, ,321, ,63.0, 
47,Brentwood,San Francisco Bay,9/30/2021,1100,273,0.02, ,0.00, ,1481, ,9.7, ,76.7, ,31, ,43.6, ,6.5, ,328, ,64.5, 
47,Brentwood,San Francisco Bay,9/30/2021,1200,273,0.02, ,0.00, ,1593, ,8.9, ,80.0, ,25, ,41.5, ,6.0, ,334, ,66.5, 
47,Brentwood,San Francisco Bay,9/30/2021,1300,273,0.02, ,0.00, ,1591, ,8.2, ,82.8, ,21, ,39.4, ,5.9, ,323, ,68.7, 
47,Brentwood,San Francisco Bay,9/30/2021,1400,273,0.02, ,0.00, ,1467, ,7.6, ,84.1, ,19, ,37.4, ,6.4, ,285, ,71.2, 
47,Brentwood,San Francisco Bay,9/30/2021,1500,273,0.02, ,0.00, ,1223, ,6.9, ,87.3, ,16, ,35.1, ,5.9, ,335, ,73.4, 
47,Brentwood,San Francisco Bay,9/30/2021,1600,273,0.01, ,0.00, ,875, ,6.7, ,87.9, ,15, ,34.1, ,4.5, ,331, ,74.8, 
47,Brentwood,San Francisco Bay,9/30/2021,1700,273,0.01, ,0.00, ,452, ,6.4, ,87.1, ,15, ,33.3, ,4.6, ,325, ,75.1, 
47,Brentwood,San Francisco Bay,9/30/2021,1800,273,0.00, ,0.00, ,95, ,7.1, ,81.4, ,19, ,35.8, ,3.1, ,29, ,75.0, 
47,Brentwood,San Francisco Bay,9/30/2021,1900,273,0.00, ,0.00, ,0, ,8.2, ,73.3, ,29, ,39.3, ,2.9, ,146, ,74.6, 
47,Brentwood,San Francisco Bay,9/30/2021,2000,273,0.00, ,0.00, ,0, ,7.7, ,69.3, ,32, ,37.8, ,3.8, ,208, ,73.7, 
47,Brentwood,San Francisco Bay,9/30/2021,2100,273,0.00, ,0.00, ,0, ,7.2, ,65.0, ,34, ,36.0, ,2.3, ,227, ,72.6, 
47,Brentwood,San Francisco Bay,9/30/2021,2200,273,0.00, ,0.01, ,0, ,7.1, ,63.4, ,36, ,35.9, ,2.3, ,168, ,71.5, 
47,Brentwood,San Francisco Bay,9/30/2021,2300,273,0.00, ,0.00, ,0, ,7.2, ,60.8, ,40, ,36.1, ,1.9, ,202, ,70.3, 
47,Brentwood,San Francisco Bay,9/30/2021,2400,273,0.00, ,0.00, ,0, ,6.8, ,59.3, ,39, ,34.6, ,2.5, ,181, ,69.3, 
47,Brentwood,San Francisco Bay,10/1/2021,0100,274,0.00, ,0.00, ,0, ,6.9, ,57.9, ,42, ,35.1, ,2.9, ,166, ,68.2, 
47,Brentwood,San Francisco Bay,10/1/2021,0200,274,0.00, ,0.00, ,0, ,6.7, ,55.5, ,45, ,34.4, ,1.8, ,84, ,67.2, 
47,Brentwood,San Francisco Bay,10/1/2021,0300,274,0.00, ,0.00, ,0, ,7.3, ,53.5, ,52, ,36.4, ,2.6, ,223, ,66.3, 
47,Brentwood,San Francisco Bay,10/1/2021,0400,274,0.00, ,0.00, ,0, ,7.2, ,52.7, ,53, ,36.1, ,2.6, ,217, ,65.4, 
47,Brentwood,San Francisco Bay,10/1/2021,0500,274,0.00, ,0.00, ,0, ,7.3, ,50.7, ,58, ,36.5, ,3.0, ,297, ,64.7, 
47,Brentwood,San Francisco Bay,10/1/2021,0600,274,0.00, ,0.01, ,2, ,8.2, ,50.4, ,65, ,39.3, ,2.6, ,266, ,63.9, 
47,Brentwood,San Francisco Bay,10/1/2021,0700,274,0.00, ,0.00, ,117, ,8.3, ,51.6, ,63, ,39.6, ,2.3, ,260, ,63.2, 
47,Brentwood,San Francisco Bay,10/1/2021,0800,274,0.01, ,0.00, ,476, ,11.0, ,61.7, ,59, ,47.2, ,3.3, ,317, ,62.7, 
47,Brentwood,San Francisco Bay,10/1/2021,0900,274,0.01, ,0.00, ,879, ,10.9, ,69.5, ,44, ,46.9, ,2.9, ,7, ,62.5, 
47,Brentwood,San Francisco Bay,10/1/2021,1000,274,0.02, ,0.00, ,1207, ,10.7, ,75.2, ,36, ,46.3, ,4.7, ,334, ,63.2, 
47,Brentwood,San Francisco Bay,10/1/2021,1100,274,0.02, ,0.00, ,1433, ,10.2, ,79.8, ,29, ,45.1, ,3.9, ,336, ,64.9, 
47,Brentwood,San Francisco Bay,10/1/2021,1200,274,0.02, ,0.00, ,1546, ,9.2, ,82.7, ,24, ,42.4, ,4.2, ,352, ,67.1, 
47,Brentwood,San Francisco Bay,10/1/2021,1300,274,0.02, ,0.00, ,1539, ,8.6, ,85.0, ,21, ,40.8, ,4.5, ,8, ,69.7, 
47,Brentwood,San Francisco Bay,10/1/2021,1400,274,0.02, ,0.00, ,1410, ,8.3, ,87.5, ,19, ,39.6, ,3.8, ,2, ,72.3, 
47,Brentwood,San Francisco Bay,10/1/2021,1500,274,0.02, ,0.00, ,1166, ,7.8, ,89.6, ,16, ,38.2, ,4.7, ,311, ,74.7, 
47,Brentwood,San Francisco Bay,10/1/2021,1600,274,0.01, ,0.00, ,826, ,7.4, ,89.5, ,16, ,36.8, ,5.3, ,317, ,76.2,Y
47,Brentwood,San Francisco Bay,10/1/2021,1700,274,0.01, ,0.00, ,420, ,7.5, ,88.4, ,16, ,37.2, ,4.2, ,332, ,76.5,Y
47,Brentwood,San Francisco Bay,10/1/2021,1800,274,0.00, ,0.00, ,78, ,7.8, ,83.3, ,20, ,38.2, ,3.0, ,357, ,76.3, 
47,Brentwood,San Francisco Bay,10/1/2021,1900,274,0.00, ,0.00, ,0, ,8.1, ,75.3, ,27, ,39.0, ,1.9, ,220, ,75.8, 
47,Brentwood,San Francisco Bay,10/1/2021,2000,274,0.00, ,0.00, ,0, ,7.9, ,71.0, ,31, ,38.6, ,2.7, ,207, ,74.9, 
47,Brentwood,San Francisco Bay,10/1/2021,2100,274,0.00, ,0.00, ,0, ,8.1, ,66.8, ,36, ,39.2, ,3.1, ,258, ,73.7, 
47,Brentwood,San Francisco Bay,10/1/2021,2200,274,0.00, ,0.01, ,0, ,8.5, ,65.5, ,40, ,40.3, ,2.7, ,202, ,72.5, 
47,Brentwood,San Francisco Bay,10/1/2021,2300,274,0.00, ,0.00, ,0, ,8.2, ,65.1, ,39, ,39.3, ,2.0, ,248, ,71.3, 
47,Brentwood,San Francisco Bay,10/1/2021,2400,274,0.00, ,0.00, ,0, ,7.7, ,62.0, ,40, ,37.7, ,1.9, ,126, ,70.2, 
47,Brentwood,San Francisco Bay,10/2/2021,0100,275,0.00, ,0.00, ,0, ,7.3, ,61.7, ,39, ,36.6, ,2.5, ,193, ,69.2, 
47,Brentwood,San Francisco Bay,10/2/2021,0200,275,0.00, ,0.00, ,0, ,6.9, ,59.4, ,40, ,35.2, ,2.3, ,93, ,68.2, 
47,Brentwood,San Francisco Bay,10/2/2021,0300,275,0.00, ,0.00, ,0, ,8.0, ,55.9, ,52, ,38.7, ,2.4, ,225, ,67.3, 
47,Brentwood,San Francisco Bay,10/2/2021,0400,275,0.00, ,0.00, ,0, ,8.0, ,54.8, ,55, ,38.7, ,3.5, ,234, ,66.5, 
47,Brentwood,San Francisco Bay,10/2/2021,0500,275,0.00, ,0.00, ,0, ,8.1, ,54.3, ,56, ,39.0, ,2.7, ,250, ,65.7, 
47,Brentwood,San Francisco Bay,10/2/2021,0600,275,0.00, ,0.01, ,1, ,8.9, ,53.0, ,65, ,41.5, ,2.4, ,270, ,64.9, 
47,Brentwood,San Francisco Bay,10/2/2021,0700,275,0.00, ,0.00, ,112, ,9.3, ,54.5, ,64, ,42.7, ,2.7, ,278, ,64.2, 
47,Brentwood,San Francisco Bay,10/2/2021,0800,275,0.01, ,0.00, ,472, ,11.9, ,65.8, ,55, ,49.1, ,3.2, ,323, ,63.6, 
47,Brentwood,San Francisco Bay,10/2/2021,0900,275,0.01, ,0.00, ,869, ,12.2, ,71.7, ,46, ,49.9, ,4.5, ,323, ,63.4, 
47,Brentwood,San Francisco Bay,10/2/2021,1000,275,0.02, ,0.00, ,1200, ,11.0, ,76.5, ,35, ,47.0, ,3.1, ,310, ,64.1, 
47,Brentwood,San Francisco Bay,10/2/2021,1100,275,0.02, ,0.00, ,1432, ,9.9, ,80.9, ,27, ,44.2, ,3.2, ,289, ,65.8, 
47,Brentwood,San Francisco Bay,10/2/2021,1200,275,0.02, ,0.00, ,1539, ,9.5, ,84.6, ,23, ,43.2, ,4.4, ,313, ,68.0, 
47,Brentwood,San Francisco Bay,10/2/2021,1300,275,0.02, ,0.00, ,1523, ,9.4, ,87.3, ,21, ,43.0, ,4.1, ,358, ,70.6, 
47,Brentwood,San Francisco Bay,10/2/2021,1400,275,0.02, ,0.00, ,1402, ,8.9, ,89.3, ,19, ,41.4, ,4.7, ,352, ,73.2, 
47,Brentwood,San Francisco Bay,10/2/2021,1500,275,0.02, ,0.00, ,1132, ,8.8, ,90.2, ,18, ,41.3, ,4.6, ,6, ,75.5,Y
47,Brentwood,San Francisco Bay,10/2/2021,1600,275,0.01, ,0.00, ,796, ,8.7, ,90.1, ,18, ,40.8, ,3.8, ,14, ,76.9,Y
47,Brentwood,San Francisco Bay,10/2/2021,1700,275,0.01, ,0.00, ,405, ,8.8, ,88.8, ,19, ,41.3, ,3.3, ,17, ,77.3,Y
47,Brentwood,San Francisco Bay,10/2/2021,1800,275,0.00, ,0.00, ,80, ,9.5, ,83.4, ,24, ,43.2, ,2.8, ,71, ,77.1,Y
47,Brentwood,San Francisco Bay,10/2/2021,1900,275,0.00, ,0.00, ,0, ,9.4, ,76.5, ,30, ,42.9, ,2.3, ,190, ,76.6,Y
47,Brentwood,San Francisco Bay,10/2/2021,2000,275,0.00, ,0.00, ,0, ,8.8, ,71.5, ,33, ,41.3, ,3.1, ,222, ,75.6, 
47,Brentwood,San Francisco Bay,10/2/2021,2100,275,0.00, ,0.00, ,0, ,8.4, ,67.9, ,36, ,40.1, ,2.1, ,26, ,74.5, 
47,Brentwood,San Francisco Bay,10/2/2021,2200,275,0.00, ,0.01, ,1, ,8.8, ,66.1, ,40, ,41.3, ,2.1, ,177, ,73.3, 
47,Brentwood,San Francisco Bay,10/2/2021,2300,275,0.00, ,0.00, ,0, ,9.0, ,63.8, ,44, ,41.7, ,1.9, ,147, ,72.1, 
47,Brentwood,San Francisco Bay,10/2/2021,2400,275,0.00, ,0.00, ,0, ,8.4, ,60.9, ,46, ,39.9, ,2.7, ,157, ,71.0, 
47,Brentwood,San Francisco Bay,10/3/2021,0100,276,0.00, ,0.00, ,0, ,7.8, ,61.5, ,42, ,38.0, ,2.3, ,143, ,69.9, 
47,Brentwood,San Francisco Bay,10/3/2021,0200,276,0.00, ,0.00, ,0, ,7.7, ,61.0, ,42, ,37.8, ,2.9, ,170, ,68.9, 
47,Brentwood,San Francisco Bay,10/3/2021,0300,276,0.00, ,0.00, ,0, ,8.2, ,59.6, ,47, ,39.3, ,1.8, ,218, ,67.9, 
47,Brentwood,San Francisco Bay,10/3/2021,0400,276,0.00, ,0.00, ,0, ,7.7, ,54.5, ,53, ,37.9, ,3.0, ,267, ,67.0, 
47,Brentwood,San Francisco Bay,10/3/2021,0500,276,0.00, ,0.00, ,0, ,8.6, ,54.0, ,60, ,40.5, ,3.3, ,264, ,66.2, 
47,Brentwood,San Francisco Bay,10/3/2021,0600,276,0.00, ,0.01, ,1, ,9.4, ,53.2, ,68, ,42.9, ,2.8, ,278, ,65.5, 
47,Brentwood,San Francisco Bay,10/3/2021,0700,276,0.00, ,0.00, ,69, ,9.1, ,53.7, ,65, ,42.2, ,2.0, ,280, ,64.8, 
47,Brentwood,San Francisco Bay,10/3/2021,0800,276,0.00, ,0.00, ,375, ,11.0, ,61.0, ,60, ,47.1, ,4.0, ,302, ,64.2, 
47,Brentwood,San Francisco Bay,10/3/2021,0900,276,0.01, ,0.00, ,768, ,11.7, ,68.3, ,50, ,48.7, ,6.4, ,309, ,63.9, 
47,Brentwood,San Francisco Bay,10/3/2021,1000,276,0.02, ,0.00, ,1107, ,9.9, ,73.0, ,36, ,44.3, ,6.1, ,312, ,64.3, 
47,Brentwood,San Francisco Bay,10/3/2021,1100,276,0.02, ,0.00, ,1292, ,10.2, ,76.8, ,32, ,45.1, ,5.1, ,323, ,65.4, 
47,Brentwood,San Francisco Bay,10/3/2021,1200,276,0.02, ,0.00, ,1424, ,10.4, ,79.7, ,30, ,45.6, ,4.3, ,351, ,67.0, 
47,Brentwood,San Francisco Bay,10/3/2021,1300,276,0.02, ,0.00, ,1456, ,10.3, ,83.2, ,26, ,45.3, ,3.8, ,355, ,69.0, 
47,Brentwood,San Francisco Bay,10/3/2021,1400,276,0.02, ,0.00, ,1390, ,10.6, ,86.0, ,25, ,46.0, ,3.7, ,30, ,71.3, 
47,Brentwood,San Francisco Bay,10/3/2021,1500,276,0.02, ,0.00, ,1149, ,10.6, ,86.2, ,25, ,46.1, ,3.6, ,65, ,73.6, 
47,Brentwood,San Francisco Bay,10/3/2021,1600,276,0.01, ,0.00, ,783, ,10.4, ,86.0, ,24, ,45.6, ,3.5, ,75, ,75.3,Y
47,Brentwood,San Francisco Bay,10/3/2021,1700,276,0.01, ,0.00, ,387, ,10.1, ,85.0, ,25, ,44.9, ,3.2, ,108, ,75.9,Y
47,Brentwood,San Francisco Bay,10/3/2021,1800,276,0.00, ,0.00, ,77, ,11.0, ,81.4, ,30, ,47.0, ,2.8, ,119, ,76.0, 
47,Brentwood,San Francisco Bay,10/3/2021,1900,276,0.00, ,0.00, ,0, ,10.6, ,74.6, ,36, ,46.0, ,2.5, ,179, ,75.5, 
47,Brentwood,San Francisco Bay,10/3/2021,2000,276,0.00, ,0.01, ,0, ,9.6, ,68.3, ,41, ,43.6, ,3.0, ,165, ,74.7, 
47,Brentwood,San Francisco Bay,10/3/2021,2100,276,0.00, ,0.00, ,1, ,8.5, ,66.2, ,39, ,40.4, ,3.7, ,171, ,73.6, 
47,Brentwood,San Francisco Bay,10/3/2021,2200,276,0.00, ,0.01, ,0, ,9.0, ,64.0, ,44, ,41.7, ,2.6, ,228, ,72.3, 
47,Brentwood,San Francisco Bay,10/3/2021,2300,276,0.00, ,0.00, ,0, ,8.7, ,62.9, ,45, ,41.0, ,2.8, ,247, ,71.1, 
47,Brentwood,San Francisco Bay,10/3/2021,2400,276,0.00, ,0.00, ,0, ,8.2, ,61.3, ,44, ,39.4, ,2.5, ,237, ,70.0, 
47,Brentwood,San Francisco Bay,10/4/2021,0100,277,0.00, ,0.00, ,0, ,7.8, ,60.5, ,43, ,38.0, ,2.7, ,146, ,68.9, 
47,Brentwood,San Francisco Bay,10/4/2021,0200,277,0.00, ,0.00, ,0, ,8.0, ,58.8, ,47, ,38.9, ,2.3, ,91, ,68.0, 
47,Brentwood,San Francisco Bay,10/4/2021,0300,277,0.00, ,0.00, ,0, ,8.0, ,55.5, ,53, ,38.8, ,2.5, ,194, ,67.1, 
47,Brentwood,San Francisco Bay,10/4/2021,0400,277,0.00, ,0.00, ,0, ,8.8, ,55.2, ,59, ,41.1, ,2.7, ,259, ,66.3, 
47,Brentwood,San Francisco Bay,10/4/2021,0500,277,0.00, ,0.00, ,0, ,8.9, ,53.7, ,63, ,41.6, ,2.2, ,221, ,65.5, 
47,Brentwood,San Francisco Bay,10/4/2021,0600,277,0.00, ,0.01, ,1, ,8.8, ,52.5, ,65, ,41.2, ,1.8, ,309, ,64.8, 
47,Brentwood,San Francisco Bay,10/4/2021,0700,277,0.00, ,0.00, ,58, ,8.4, ,52.7, ,62, ,40.1, ,2.7, ,264, ,64.2, 
47,Brentwood,San Francisco Bay,10/4/2021,0800,277,0.00, ,0.00, ,312, ,10.1, ,59.8, ,58, ,44.8, ,2.6, ,289, ,63.6, 
47,Brentwood,San Francisco Bay,10/4/2021,0900,277,0.01, ,0.00, ,721, ,13.0, ,69.4, ,53, ,51.6, ,4.8, ,351, ,63.3, 
47,Brentwood,San Francisco Bay,10/4/2021,1000,277,0.01, ,0.00, ,1072, ,14.6, ,73.3, ,52, ,54.6, ,4.4, ,358, ,63.7, 
47,Brentwood,San Francisco Bay,10/4/2021,1100,277,0.02, ,0.00, ,1341, ,11.6, ,79.0, ,34, ,48.5, ,3.4, ,7, ,64.9, 
47,Brentwood,San Francisco Bay,10/4/2021,1200,277,0.02, ,0.00, ,1483, ,10.9, ,83.3, ,28, ,46.8, ,3.0, ,329, ,67.0, 
47,Brentwood,San Francisco Bay,10/4/2021,1300,277,0.02, ,0.00, ,1474, ,10.0, ,86.8, ,23, ,44.5, ,3.7, ,8, ,69.4, 
47,Brentwood,San Francisco Bay,10/4/2021,1400,277,0.02, ,0.00, ,1205, ,10.1, ,88.6, ,22, ,44.9, ,3.8, ,1, ,71.9, 
47,Brentwood,San Francisco Bay,10/4/2021,1500,277,0.02, ,0.00, ,976, ,10.0, ,88.7, ,22, ,44.5, ,3.7, ,43, ,74.1, 
47,Brentwood,San Francisco Bay,10/4/2021,1600,277,0.01, ,0.00, ,725, ,9.4, ,90.1, ,19, ,43.0, ,3.5, ,15, ,75.5,Y
47,Brentwood,San Francisco Bay,10/4/2021,1700,277,0.01, ,0.00, ,319, ,9.0, ,89.4, ,19, ,41.7, ,3.6, ,350, ,76.0,Y
47,Brentwood,San Francisco Bay,10/4/2021,1800,277,0.00, ,0.00, ,43, ,9.3, ,83.3, ,24, ,42.7, ,2.6, ,318, ,76.0,Y
47,Brentwood,San Francisco Bay,10/4/2021,1900,277,0.00, ,0.00, ,0, ,9.9, ,76.2, ,32, ,44.2, ,3.3, ,183, ,75.6,Y
47,Brentwood,San Francisco Bay,10/4/2021,2000,277,0.00, ,0.02, ,0, ,9.9, ,70.9, ,38, ,44.2, ,3.2, ,185, ,74.8, 
47,Brentwood,San Francisco Bay,10/4/2021,2100,277,0.00, ,0.00, ,0, ,9.1, ,68.2, ,39, ,42.2, ,2.7, ,238, ,73.7, 
47,Brentwood,San Francisco Bay,10/4/2021,2200,277,0.00, ,0.02, ,1, ,9.2, ,67.0, ,41, ,42.4, ,3.3, ,175, ,72.6, 
47,Brentwood,San Francisco Bay,10/4/2021,2300,277,0.00, ,0.00, ,1, ,8.7, ,66.5, ,39, ,41.0, ,3.3, ,223, ,71.5, 
47,Brentwood,San Francisco Bay,10/4/2021,2400,277,0.00, ,0.00, ,1, ,8.0, ,64.4, ,39, ,38.7, ,2.3, ,196, ,70.4, 
47,Brentwood,San Francisco Bay,10/5/2021,0100,278,0.00, ,0.00, ,0, ,7.7, ,61.8, ,41, ,37.8, ,2.6, ,149, ,69.5, 
47,Brentwood,San Francisco Bay,10/5/2021,0200,278,0.00, ,0.00, ,0, ,8.3, ,58.2, ,50, ,39.6, ,2.4, ,18, ,68.6, 
47,Brentwood,San Francisco Bay,10/5/2021,0300,278,0.00, ,0.00, ,0, ,8.9, ,57.9, ,54, ,41.4, ,2.6, ,351, ,67.7, 
47,Brentwood,San Francisco Bay,10/5/2021,0400,278,0.00, ,0.00, ,0, ,10.2, ,56.6, ,65, ,45.1, ,3.5, ,285, ,66.9, 
47,Brentwood,San Francisco Bay,10/5/2021,0500,278,0.00, ,0.00, ,0, ,13.9, ,55.6, ,92, ,53.3, ,2.4, ,279, ,66.1, 
47,Brentwood,San Francisco Bay,10/5/2021,0600,278,0.00, ,0.02, ,1, ,13.1, ,53.2, ,95, ,51.8, ,2.3, ,163, ,65.4, 
47,Brentwood,San Francisco Bay,10/5/2021,0700,278,0.00, ,0.00, ,82, ,13.6, ,53.8, ,96, ,52.8, ,2.6, ,314, ,64.8, 
47,Brentwood,San Francisco Bay,10/5/2021,0800,278,0.00, ,0.00, ,361, ,15.6, ,61.8, ,83, ,56.5, ,2.4, ,322, ,64.2, 
47,Brentwood,San Francisco Bay,10/5/2021,0900,278,0.01, ,0.00, ,880, ,15.9, ,68.8, ,66, ,57.1, ,6.6, ,311, ,63.9, 
47,Brentwood,San Francisco Bay,10/5/2021,1000,278,0.01, ,0.00, ,1015, ,15.2, ,71.1, ,59, ,55.8, ,9.3, ,303, ,64.3, 
47,Brentwood,San Francisco Bay,10/5/2021,1100,278,0.02, ,0.00, ,1342, ,13.6, ,74.7, ,46, ,52.7, ,8.0, ,297, ,65.4, 
47,Brentwood,San Francisco Bay,10/5/2021,1200,278,0.02, ,0.00, ,1147, ,13.6, ,76.6, ,43, ,52.7, ,7.1, ,318, ,66.8, 
47,Brentwood,San Francisco Bay,10/5/2021,1300,278,0.02, ,0.00, ,1386, ,12.7, ,80.4, ,36, ,50.9, ,7.5, ,307, ,68.5, 
47,Brentwood,San Francisco Bay,10/5/2021,1400,278,0.02, ,0.00, ,1360, ,9.4, ,83.8, ,24, ,43.0, ,6.0, ,255, ,70.2, 
47,Brentwood,San Francisco Bay,10/5/2021,1500,278,0.02, ,0.00, ,1115, ,4.8, ,85.0, ,12, ,26.3, ,10.4, ,220, ,72.0, 
47,Brentwood,San Francisco Bay,10/5/2021,1600,278,0.01, ,0.00, ,615, ,7.6, ,81.2, ,21, ,37.3, ,10.4, ,249, ,73.3, 
47,Brentwood,San Francisco Bay,10/5/2021,1700,278,0.01, ,0.00, ,326, ,10.0, ,77.6, ,31, ,44.6, ,9.6, ,280, ,73.7, 
47,Brentwood,San Francisco Bay,10/5/2021,1800,278,0.01, ,0.00, ,62, ,11.5, ,73.0, ,41, ,48.2, ,9.7, ,290, ,73.5, 
47,Brentwood,San Francisco Bay,10/5/2021,1900,278,0.00, ,0.00, ,0, ,11.0, ,69.0, ,46, ,47.2, ,9.3, ,290, ,73.0, 
47,Brentwood,San Francisco Bay,10/5/2021,2000,278,0.00, ,0.00, ,0, ,11.4, ,66.6, ,51, ,47.9, ,8.5, ,299, ,72.2, 
47,Brentwood,San Francisco Bay,10/5/2021,2100,278,0.00, ,0.00, ,0, ,10.9, ,64.0, ,54, ,46.9, ,5.2, ,308, ,71.3, 
47,Brentwood,San Francisco Bay,10/5/2021,2200,278,0.00, ,0.01, ,0, ,11.3, ,61.3, ,61, ,47.8, ,2.5, ,351, ,70.5, 
47,Brentwood,San Francisco Bay,10/5/2021,2300,278,0.00, ,0.00, ,0, ,12.0, ,60.5, ,67, ,49.4, ,3.0, ,12, ,69.6, 
47,Brentwood,San Francisco Bay,10/5/2021,2400,278,0.00, ,0.00, ,0, ,12.1, ,59.9, ,69, ,49.6, ,2.6, ,109, ,68.7, 
47,Brentwood,San Francisco Bay,10/6/2021,0100,279,0.00, ,0.00, ,0, ,11.9, ,58.6, ,71, ,49.2, ,2.5, ,10, ,67.9, 
47,Brentwood,San Francisco Bay,10/6/2021,0200,279,0.00, ,0.00, ,0, ,12.0, ,59.9, ,68, ,49.4, ,2.7, ,147, ,67.2, 
47,Brentwood,San Francisco Bay,10/6/2021,0300,279,0.00, ,0.00, ,0, ,13.6, ,57.3, ,85, ,52.8, ,3.0, ,74, ,66.6, 
47,Brentwood,San Francisco Bay,10/6/2021,0400,279,0.00, ,0.00, ,0, ,15.3, ,58.2, ,92, ,55.9, ,2.2, ,121, ,66.0, 
47,Brentwood,San Francisco Bay,10/6/2021,0500,279,0.00, ,0.00, ,0, ,14.9, ,57.3, ,93, ,55.3, ,2.3, ,33, ,65.5, 
47,Brentwood,San Francisco Bay,10/6/2021,0600,279,0.00, ,0.02, ,1, ,15.1, ,56.9, ,95, ,55.5, ,1.9, ,100, ,65.1, 
47,Brentwood,San Francisco Bay,10/6/2021,0700,279,0.00, ,0.00, ,83, ,14.3, ,55.6, ,95, ,54.2, ,2.9, ,264, ,64.7, 
47,Brentwood,San Francisco Bay,10/6/2021,0800,279,0.00, ,0.00, ,498, ,14.3, ,63.3, ,72, ,54.1, ,4.6, ,219, ,64.3, 
47,Brentwood,San Francisco Bay,10/6/2021,0900,279,0.01, ,0.00, ,881, ,13.3, ,68.5, ,56, ,52.1, ,3.6, ,225, ,64.1, 
47,Brentwood,San Francisco Bay,10/6/2021,1000,279,0.02, ,0.00, ,1254, ,12.7, ,71.0, ,49, ,51.0, ,5.6, ,236, ,64.7, 
47,Brentwood,San Francisco Bay,10/6/2021,1100,279,0.01, ,0.00, ,932, ,11.7, ,72.4, ,43, ,48.7, ,7.9, ,254, ,66.0, 
47,Brentwood,San Francisco Bay,10/6/2021,1200,279,0.02, ,0.00, ,1109, ,11.5, ,73.1, ,41, ,48.2, ,6.7, ,235, ,67.5, 
47,Brentwood,San Francisco Bay,10/6/2021,1300,279,0.02, ,0.00, ,1379, ,10.9, ,76.1, ,36, ,46.9, ,5.2, ,187, ,68.6, 
47,Brentwood,San Francisco Bay,10/6/2021,1400,279,0.02, ,0.00, ,1019, ,8.9, ,76.6, ,29, ,41.6, ,7.6, ,213, ,70.0, 
47,Brentwood,San Francisco Bay,10/6/2021,1500,279,0.02, ,0.00, ,1133, ,6.9, ,76.6, ,22, ,35.0, ,10.1, ,209, ,71.5, 
47,Brentwood,San Francisco Bay,10/6/2021,1600,279,0.01, ,0.00, ,621, ,5.8, ,74.7, ,20, ,30.8, ,10.4, ,214, ,72.3, 
47,Brentwood,San Francisco Bay,10/6/2021,1700,279,0.01, ,0.00, ,188, ,4.6, ,71.6, ,17, ,25.0, ,10.2, ,229, ,72.5, 
47,Brentwood,San Francisco Bay,10/6/2021,1800,279,0.01, ,0.00, ,42, ,3.9, ,68.4, ,16, ,20.9, ,10.3, ,243, ,72.2, 
47,Brentwood,San Francisco Bay,10/6/2021,1900,279,0.01, ,0.00, ,0, ,3.6, ,65.9, ,16, ,19.2, ,7.7, ,242, ,71.5, 
47,Brentwood,San Francisco Bay,10/6/2021,2000,279,0.00, ,0.00, ,1, ,3.9, ,64.8, ,19, ,21.0, ,6.0, ,264, ,70.6, 
47,Brentwood,San Francisco Bay,10/6/2021,2100,279,0.00, ,0.00, ,1, ,4.6, ,63.4, ,23, ,25.0, ,4.9, ,276, ,69.6, 
47,Brentwood,San Francisco Bay,10/6/2021,2200,279,0.00, ,0.00, ,0, ,6.1, ,61.3, ,33, ,31.8, ,5.4, ,266, ,68.8, 
47,Brentwood,San Francisco Bay,10/6/2021,2300,279,0.00, ,0.00, ,0, ,5.9, ,60.8, ,32, ,31.1, ,8.3, ,246, ,67.9, 
47,Brentwood,San Francisco Bay,10/6/2021,2400,279,0.00, ,0.00, ,0, ,6.2, ,59.6, ,35, ,32.2, ,6.5, ,240, ,67.1, 
47,Brentwood,San Francisco Bay,10/7/2021,0100,280,0.00, ,0.00, ,0, ,6.1, ,57.1, ,38, ,32.0, ,2.4, ,129, ,66.1, 
47,Brentwood,San Francisco Bay,10/7/2021,0200,280,0.00, ,0.00, ,0, ,6.3, ,55.6, ,41, ,32.6, ,2.6, ,52, ,65.2, 
47,Brentwood,San Francisco Bay,10/7/2021,0300,280,0.00, ,0.00, ,0, ,6.6, ,56.9, ,42, ,34.1, ,2.8, ,44, ,64.4, 
47,Brentwood,San Francisco Bay,10/7/2021,0400,280,0.00, ,0.00, ,0, ,6.5, ,55.4, ,44, ,33.7, ,2.8, ,350, ,63.8, 
47,Brentwood,San Francisco Bay,10/7/2021,0500,280,0.00, ,0.00, ,0, ,7.6, ,54.6, ,52, ,37.6, ,1.9, ,49, ,63.3, 
47,Brentwood,San Francisco Bay,10/7/2021,0600,280,0.00, ,0.01, ,0, ,7.9, ,53.2, ,57, ,38.4, ,2.0, ,350, ,62.8, 
47,Brentwood,San Francisco Bay,10/7/2021,0700,280,0.00, ,0.00, ,100, ,8.1, ,54.5, ,56, ,39.0, ,2.5, ,185, ,62.5, 
47,Brentwood,San Francisco Bay,10/7/2021,0800,280,0.00, ,0.00, ,388, ,9.5, ,59.3, ,55, ,43.2, ,3.2, ,210, ,62.2, 
47,Brentwood,San Francisco Bay,10/7/2021,0900,280,0.01, ,0.00, ,904, ,9.1, ,63.9, ,45, ,42.1, ,3.9, ,207, ,62.0, 
47,Brentwood,San Francisco Bay,10/7/2021,1000,280,0.01, ,0.00, ,1068, ,8.2, ,66.8, ,37, ,39.5, ,4.1, ,179, ,62.6, 
47,Brentwood,San Francisco Bay,10/7/2021,1100,280,0.02, ,0.00, ,1150, ,8.1, ,69.2, ,33, ,39.0, ,4.3, ,201, ,63.8, 
47,Brentwood,San Francisco Bay,10/7/2021,1200,280,0.02, ,0.00, ,1342, ,8.5, ,71.1, ,33, ,40.4, ,3.9, ,248, ,65.5, 
47,Brentwood,San Francisco Bay,10/7/2021,1300,280,0.02, ,0.00, ,1296, ,7.8, ,73.0, ,28, ,38.2, ,5.9, ,162, ,67.3, 
47,Brentwood,San Francisco Bay,10/7/2021,1400,280,0.02, ,0.00, ,1154, ,6.5, ,73.6, ,23, ,33.5, ,7.1, ,210, ,69.0, 
47,Brentwood,San Francisco Bay,10/7/2021,1500,280,0.02, ,0.00, ,1059, ,6.4, ,73.5, ,23, ,33.0, ,8.5, ,203, ,70.4, 
47,Brentwood,San Francisco Bay,10/7/2021,1600,280,0.01, ,0.00, ,464, ,6.9, ,70.4, ,27, ,35.0, ,9.0, ,224, ,71.3, 
47,Brentwood,San Francisco Bay,10/7/2021,1700,280,0.01, ,0.00, ,178, ,7.5, ,66.9, ,33, ,37.1, ,10.5, ,236, ,71.5, 
47,Brentwood,San Francisco Bay,10/7/2021,1800,280,0.00, ,0.00, ,25, ,6.5, ,64.0, ,32, ,33.5, ,8.2, ,249, ,71.1, 
47,Brentwood,San Francisco Bay,10/7/2021,1900,280,0.00, ,0.00, ,1, ,7.4, ,61.6, ,39, ,36.7, ,8.4, ,256, ,70.4, 
47,Brentwood,San Francisco Bay,10/7/2021,2000,280,0.00, ,0.00, ,0, ,8.2, ,60.1, ,46, ,39.3, ,4.7, ,236, ,69.4, 
47,Brentwood,San Francisco Bay,10/7/2021,2100,280,0.00, ,0.00, ,0, ,8.6, ,58.8, ,51, ,40.6, ,5.3, ,239, ,68.5, 
47,Brentwood,San Francisco Bay,10/7/2021,2200,280,0.00, ,0.00, ,0, ,9.7, ,57.6, ,60, ,43.9, ,9.1, ,219, ,67.6, 
47,Brentwood,San Francisco Bay,10/7/2021,2300,280,0.00, ,0.00, ,0, ,10.1, ,57.3, ,63, ,44.9, ,10.6, ,205, ,66.8, 
47,Brentwood,San Francisco Bay,10/7/2021,2400,280,0.00, ,0.00, ,0, ,10.2, ,57.0, ,64, ,45.0, ,11.3, ,203, ,66.0, 
47,Brentwood,San Francisco Bay,10/8/2021,0100,281,0.00, ,0.00, ,0, ,10.1, ,56.9, ,64, ,44.9, ,9.4, ,205, ,65.3, 
47,Brentwood,San Francisco Bay,10/8/2021,0200,281,0.00, ,0.00, ,0, ,10.3, ,56.9, ,65, ,45.2, ,8.8, ,204, ,64.7, 
47,Brentwood,San Francisco Bay,10/8/2021,0300,281,0.00, ,0.00, ,0, ,10.3, ,56.5, ,66, ,45.4, ,10.6, ,208, ,64.1, 
47,Brentwood,San Francisco Bay,10/8/2021,0400,281,0.00, ,0.00, ,0, ,10.2, ,56.2, ,66, ,45.0, ,9.2, ,215, ,63.7, 
47,Brentwood,San Francisco Bay,10/8/2021,0500,281,0.00, ,0.00, ,0, ,10.0, ,55.4, ,67, ,44.5, ,7.8, ,212, ,63.3, 
47,Brentwood,San Francisco Bay,10/8/2021,0600,281,0.00, ,0.03, ,0, ,10.5, ,53.6, ,75, ,45.8, ,3.5, ,135, ,63.0, 
47,Brentwood,San Francisco Bay,10/8/2021,0700,281,0.00, ,0.00, ,54, ,10.8, ,54.3, ,75, ,46.6, ,3.8, ,211, ,62.5, 
47,Brentwood,San Francisco Bay,10/8/2021,0800,281,0.00, ,0.00, ,428, ,10.4, ,56.6, ,67, ,45.6, ,8.4, ,211, ,62.1, 
47,Brentwood,San Francisco Bay,10/8/2021,0900,281,0.01, ,0.00, ,823, ,10.0, ,59.1, ,59, ,44.7, ,7.9, ,204, ,61.8, 
47,Brentwood,San Francisco Bay,10/8/2021,1000,281,0.01, ,0.00, ,1176, ,9.6, ,61.5, ,52, ,43.5, ,7.8, ,203, ,62.0, 
47,Brentwood,San Francisco Bay,10/8/2021,1100,281,0.02, ,0.00, ,1400, ,9.4, ,64.0, ,46, ,43.0, ,9.1, ,206, ,62.9, 
47,Brentwood,San Francisco Bay,10/8/2021,1200,281,0.02, ,0.00, ,1512, ,9.0, ,65.8, ,42, ,41.8, ,8.7, ,196, ,64.1, 
47,Brentwood,San Francisco Bay,10/8/2021,1300,281,0.02, ,0.00, ,1503, ,8.6, ,67.4, ,37, ,40.6, ,10.2, ,189, ,65.6, 
47,Brentwood,San Francisco Bay,10/8/2021,1400,281,0.02, ,0.00, ,1372, ,8.4, ,68.0, ,36, ,39.9, ,11.3, ,189, ,67.3, 
47,Brentwood,San Francisco Bay,10/8/2021,1500,281,0.02, ,0.00, ,1124, ,8.4, ,68.1, ,36, ,40.1, ,10.1, ,200, ,68.7, 
47,Brentwood,San Francisco Bay,10/8/2021,1600,281,0.01, ,0.00, ,577, ,8.5, ,66.0, ,39, ,40.4, ,11.6, ,187, ,69.5, 
47,Brentwood,San Francisco Bay,10/8/2021,1700,281,0.01, ,0.00, ,205, ,9.1, ,63.2, ,46, ,42.2, ,11.0, ,191, ,69.7, 
47,Brentwood,San Francisco Bay,10/8/2021,1800,281,0.00, ,0.00, ,45, ,9.3, ,60.3, ,52, ,42.7, ,11.4, ,219, ,69.3, 
47,Brentwood,San Francisco Bay,10/8/2021,1900,281,0.00, ,0.00, ,0, ,9.5, ,57.7, ,58, ,43.1, ,7.8, ,209, ,68.6, 
47,Brentwood,San Francisco Bay,10/8/2021,2000,281,0.00, ,0.00, ,0, ,9.6, ,56.1, ,63, ,43.5, ,5.0, ,213, ,67.6, 
47,Brentwood,San Francisco Bay,10/8/2021,2100,281,0.00, ,0.00, ,0, ,9.6, ,56.0, ,63, ,43.6, ,3.3, ,206, ,66.7, 
47,Brentwood,San Francisco Bay,10/8/2021,2200,281,0.00, ,0.02, ,0, ,10.4, ,56.1, ,67, ,45.5, ,4.6, ,184, ,65.7, 
47,Brentwood,San Francisco Bay,10/8/2021,2300,281,0.00, ,0.00, ,0, ,10.1, ,53.7, ,72, ,44.8, ,2.0, ,96, ,64.9, 
47,Brentwood,San Francisco Bay,10/8/2021,2400,281,0.00, ,0.00, ,0, ,9.5, ,51.7, ,72, ,43.2, ,2.9, ,165, ,64.1, 
47,Brentwood,San Francisco Bay,10/9/2021,0100,282,0.00, ,0.00, ,0, ,8.8, ,49.9, ,72, ,41.2, ,3.0, ,180, ,63.4, 
47,Brentwood,San Francisco Bay,10/9/2021,0200,282,0.00, ,0.00, ,0, ,10.1, ,49.2, ,85, ,44.9, ,2.5, ,148, ,62.7, 
47,Brentwood,San Francisco Bay,10/9/2021,0300,282,0.00, ,0.00, ,0, ,10.6, ,49.6, ,88, ,46.1, ,3.5, ,167, ,61.9, 
47,Brentwood,San Francisco Bay,10/9/2021,0400,282,0.00, ,0.00, ,0, ,10.2, ,47.5, ,91, ,45.1, ,1.8, ,299, ,61.3, 
47,Brentwood,San Francisco Bay,10/9/2021,0500,282,0.00, ,0.00, ,0, ,10.8, ,47.0, ,98, ,46.6, ,2.9, ,231, ,60.7, 
47,Brentwood,San Francisco Bay,10/9/2021,0600,282,0.00, ,0.01, ,1, ,10.7, ,46.5, ,99, ,46.2, ,1.5, ,170, ,60.1, 
47,Brentwood,San Francisco Bay,10/9/2021,0700,282,0.00, ,0.00, ,89, ,11.0, ,47.4, ,99, ,47.1, ,1.3, ,140, ,59.6, 
47,Brentwood,San Francisco Bay,10/9/2021,0800,282,0.00, ,0.00, ,426, ,13.2, ,53.0, ,96, ,52.0, ,2.7, ,225, ,59.0, 
47,Brentwood,San Francisco Bay,10/9/2021,0900,282,0.01, ,0.00, ,823, ,13.9, ,59.0, ,82, ,53.3, ,9.4, ,296, ,58.8, 
47,Brentwood,San Francisco Bay,10/9/2021,1000,282,0.01, ,0.00, ,1158, ,13.9, ,60.0, ,79, ,53.3, ,9.3, ,303, ,59.3, 
47,Brentwood,San Francisco Bay,10/9/2021,1100,282,0.02, ,0.00, ,1385, ,13.6, ,63.6, ,68, ,52.7, ,7.9, ,309, ,60.4, 
47,Brentwood,San Francisco Bay,10/9/2021,1200,282,0.02, ,0.00, ,1491, ,10.9, ,67.7, ,47, ,46.8, ,7.3, ,317, ,61.8, 
47,Brentwood,San Francisco Bay,10/9/2021,1300,282,0.02, ,0.00, ,1483, ,10.7, ,69.7, ,43, ,46.3, ,8.0, ,310, ,63.7, 
47,Brentwood,San Francisco Bay,10/9/2021,1400,282,0.02, ,0.00, ,1362, ,9.2, ,71.6, ,35, ,42.2, ,9.0, ,309, ,65.7, 
47,Brentwood,San Francisco Bay,10/9/2021,1500,282,0.02, ,0.00, ,1108, ,8.7, ,73.0, ,31, ,41.0, ,8.1, ,301, ,67.4, 
47,Brentwood,San Francisco Bay,10/9/2021,1600,282,0.01, ,0.00, ,755, ,8.1, ,74.4, ,28, ,38.9, ,6.4, ,306, ,68.6, 
47,Brentwood,San Francisco Bay,10/9/2021,1700,282,0.01, ,0.00, ,349, ,7.9, ,74.1, ,27, ,38.4, ,4.6, ,311, ,69.0, 
47,Brentwood,San Francisco Bay,10/9/2021,1800,282,0.00, ,0.00, ,44, ,8.1, ,69.4, ,33, ,39.1, ,1.6, ,64, ,69.0, 
47,Brentwood,San Francisco Bay,10/9/2021,1900,282,0.00, ,0.00, ,1, ,7.9, ,63.0, ,40, ,38.5, ,3.1, ,193, ,68.6, 
47,Brentwood,San Francisco Bay,10/9/2021,2000,282,0.00, ,0.00, ,0, ,7.4, ,59.1, ,43, ,36.8, ,2.8, ,212, ,67.7, 
47,Brentwood,San Francisco Bay,10/9/2021,2100,282,0.00, ,0.00, ,0, ,7.7, ,57.3, ,48, ,37.7, ,3.6, ,217, ,66.7, 
47,Brentwood,San Francisco Bay,10/9/2021,2200,282,0.00, ,0.02, ,0, ,8.1, ,56.5, ,52, ,39.1, ,3.2, ,202, ,65.7, 
47,Brentwood,San Francisco Bay,10/9/2021,2300,282,0.00, ,0.00, ,0, ,7.9, ,56.7, ,50, ,38.5, ,3.9, ,198, ,64.7, 
47,Brentwood,San Francisco Bay,10/9/2021,2400,282,0.00, ,0.00, ,0, ,8.1, ,57.3, ,50, ,39.0, ,3.2, ,215, ,63.8, 
47,Brentwood,San Francisco Bay,10/10/2021,0100,283,0.00, ,0.00, ,0, ,8.0, ,54.3, ,56, ,38.8, ,2.4, ,195, ,63.0, 
47,Brentwood,San Francisco Bay,10/10/2021,0200,283,0.00, ,0.00, ,0, ,7.5, ,51.3, ,58, ,37.1, ,1.8, ,305, ,62.3, 
47,Brentwood,San Francisco Bay,10/10/2021,0300,283,0.00, ,0.00, ,0, ,9.1, ,53.3, ,65, ,42.0, ,4.2, ,98, ,61.6, 
47,Brentwood,San Francisco Bay,10/10/2021,0400,283,0.00, ,0.00, ,0, ,8.8, ,51.9, ,67, ,41.3, ,3.1, ,133, ,60.9, 
47,Brentwood,San Francisco Bay,10/10/2021,0500,283,0.00, ,0.00, ,0, ,8.4, ,48.0, ,74, ,40.2, ,2.1, ,239, ,60.3, 
47,Brentwood,San Francisco Bay,10/10/2021,0600,283,0.00, ,0.01, ,1, ,10.3, ,45.7, ,98, ,45.2, ,2.1, ,249, ,59.8, 
47,Brentwood,San Francisco Bay,10/10/2021,0700,283,0.00, ,0.00, ,94, ,10.4, ,47.3, ,94, ,45.6, ,1.3, ,120, ,59.2, 
47,Brentwood,San Francisco Bay,10/10/2021,0800,283,0.00, ,0.00, ,432, ,10.2, ,56.3, ,66, ,45.0, ,1.5, ,249, ,58.7, 
47,Brentwood,San Francisco Bay,10/10/2021,0900,283,0.01, ,0.00, ,821, ,10.5, ,63.2, ,53, ,45.9, ,4.7, ,309, ,58.4, 
47,Brentwood,San Francisco Bay,10/10/2021,1000,283,0.01, ,0.00, ,1150, ,11.4, ,69.4, ,46, ,48.0, ,4.7, ,340, ,59.0, 
47,Brentwood,San Francisco Bay,10/10/2021,1100,283,0.02, ,0.00, ,1374, ,11.2, ,71.9, ,42, ,47.6, ,5.3, ,302, ,60.4, 
47,Brentwood,San Francisco Bay,10/10/2021,1200,283,0.02, ,0.00, ,1482, ,10.6, ,75.0, ,36, ,46.0, ,4.8, ,326, ,62.5, 
47,Brentwood,San Francisco Bay,10/10/2021,1300,283,0.02, ,0.00, ,1472, ,9.8, ,77.5, ,30, ,44.0, ,5.1, ,314, ,64.8, 
47,Brentwood,San Francisco Bay,10/10/2021,1400,283,0.02, ,0.00, ,1339, ,9.3, ,79.2, ,27, ,42.7, ,5.4, ,308, ,67.0, 
47,Brentwood,San Francisco Bay,10/10/2021,1500,283,0.02, ,0.00, ,1093, ,8.4, ,80.9, ,23, ,39.9, ,6.1, ,322, ,69.1, 
47,Brentwood,San Francisco Bay,10/10/2021,1600,283,0.01, ,0.00, ,746, ,8.2, ,82.1, ,22, ,39.5, ,4.0, ,316, ,70.5, 
47,Brentwood,San Francisco Bay,10/10/2021,1700,283,0.00, ,0.00, ,343, ,7.9, ,80.7, ,22, ,38.5, ,2.3, ,251, ,71.1, 
47,Brentwood,San Francisco Bay,10/10/2021,1800,283,0.00, ,0.00, ,41, ,8.0, ,75.1, ,27, ,38.7, ,2.8, ,44, ,71.1, 
47,Brentwood,San Francisco Bay,10/10/2021,1900,283,0.00, ,0.00, ,0, ,7.9, ,69.3, ,32, ,38.6, ,3.4, ,205, ,70.6, 
47,Brentwood,San Francisco Bay,10/10/2021,2000,283,0.00, ,0.01, ,1, ,8.0, ,64.8, ,38, ,38.9, ,3.4, ,168, ,69.7, 
47,Brentwood,San Francisco Bay,10/10/2021,2100,283,0.00, ,0.00, ,0, ,7.7, ,61.9, ,41, ,37.8, ,3.3, ,178, ,68.6, 
47,Brentwood,San Francisco Bay,10/10/2021,2200,283,0.00, ,0.02, ,0, ,7.5, ,60.9, ,41, ,37.0, ,4.5, ,191, ,67.4, 
47,Brentwood,San Francisco Bay,10/10/2021,2300,283,0.00, ,0.00, ,0, ,9.2, ,60.5, ,51, ,42.5, ,5.5, ,198, ,66.3, 
47,Brentwood,San Francisco Bay,10/10/2021,2400,283,0.00, ,0.00, ,0, ,7.7, ,62.3, ,40, ,37.7, ,8.1, ,242, ,65.2, 
47,Brentwood,San Francisco Bay,10/11/2021,0100,284,0.00, ,0.00, ,0, ,7.4, ,61.1, ,40, ,36.8, ,9.5, ,258, ,64.2, 
47,Brentwood,San Francisco Bay,10/11/2021,0200,284,0.00, ,0.00, ,0, ,7.0, ,60.7, ,39, ,35.5, ,10.5, ,267, ,63.4, 
47,Brentwood,San Francisco Bay,10/11/2021,0300,284,0.00, ,0.00, ,0, ,6.8, ,57.9, ,41, ,34.5, ,9.6, ,250, ,62.6, 
47,Brentwood,San Francisco Bay,10/11/2021,0400,284,0.00, ,0.00, ,0, ,6.5, ,56.0, ,42, ,33.4, ,7.8, ,242, ,62.0, 
47,Brentwood,San Francisco Bay,10/11/2021,0500,284,0.00, ,0.00, ,0, ,6.4, ,54.7, ,44, ,33.0, ,10.2, ,248, ,61.3, 
47,Brentwood,San Francisco Bay,10/11/2021,0600,284,0.00, ,0.00, ,0, ,6.3, ,52.8, ,46, ,32.6, ,7.8, ,241, ,60.6, 
47,Brentwood,San Francisco Bay,10/11/2021,0700,284,0.00, ,0.00, ,94, ,5.8, ,53.7, ,42, ,30.9, ,9.7, ,255, ,60.0, 
47,Brentwood,San Francisco Bay,10/11/2021,0800,284,0.01, ,0.00, ,441, ,6.0, ,57.0, ,38, ,31.6, ,14.5, ,276, ,59.4, 
47,Brentwood,San Francisco Bay,10/11/2021,0900,284,0.02, ,0.00, ,796, ,5.7, ,60.5, ,32, ,30.2, ,17.7, ,282, ,59.0, 
47,Brentwood,San Francisco Bay,10/11/2021,1000,284,0.02, ,0.00, ,986, ,4.8, ,63.3, ,24, ,26.3, ,24.5, ,302, ,59.1, 
47,Brentwood,San Francisco Bay,10/11/2021,1100,284,0.03, ,0.00, ,1307, ,4.7, ,65.6, ,22, ,25.5, ,24.3, ,305, ,59.4, 
47,Brentwood,San Francisco Bay,10/11/2021,1200,284,0.03, ,0.00, ,1435, ,4.5, ,67.4, ,20, ,24.6, ,22.5, ,303, ,59.9, 
47,Brentwood,San Francisco Bay,10/11/2021,1300,284,0.03, ,0.00, ,1416, ,4.3, ,68.5, ,18, ,23.4, ,22.2, ,305, ,60.7, 
47,Brentwood,San Francisco Bay,10/11/2021,1400,284,0.03, ,0.00, ,1302, ,4.0, ,69.5, ,16, ,21.5, ,21.3, ,311, ,61.7, 
47,Brentwood,San Francisco Bay,10/11/2021,1500,284,0.03, ,0.00, ,1050, ,3.7, ,69.7, ,15, ,20.0, ,21.9, ,308, ,62.7, 
47,Brentwood,San Francisco Bay,10/11/2021,1600,284,0.02, ,0.00, ,698, ,3.6, ,69.0, ,15, ,19.2, ,20.6, ,307, ,63.4, 
47,Brentwood,San Francisco Bay,10/11/2021,1700,284,0.01, ,0.00, ,304, ,3.5, ,67.2, ,15, ,18.5, ,19.2, ,308, ,63.8, 
47,Brentwood,San Francisco Bay,10/11/2021,1800,284,0.01, ,0.00, ,36, ,3.2, ,64.3, ,16, ,16.8, ,17.5, ,306, ,63.8, 
47,Brentwood,San Francisco Bay,10/11/2021,1900,284,0.01, ,0.00, ,1, ,3.3, ,62.4, ,17, ,17.0, ,15.7, ,306, ,63.4, 
47,Brentwood,San Francisco Bay,10/11/2021,2000,284,0.01, ,0.00, ,0, ,3.6, ,60.2, ,20, ,19.6, ,14.7, ,310, ,62.9, 
47,Brentwood,San Francisco Bay,10/11/2021,2100,284,0.01, ,0.00, ,0, ,3.9, ,59.7, ,22, ,21.0, ,14.0, ,310, ,62.2, 
47,Brentwood,San Francisco Bay,10/11/2021,2200,284,0.01, ,0.00, ,0, ,4.4, ,57.6, ,27, ,23.8, ,14.4, ,318, ,61.4, 
47,Brentwood,San Francisco Bay,10/11/2021,2300,284,0.01, ,0.00, ,0, ,4.3, ,56.7, ,27, ,23.2, ,13.2, ,304, ,60.5, 
47,Brentwood,San Francisco Bay,10/11/2021,2400,284,0.01, ,0.00, ,0, ,4.2, ,56.2, ,27, ,22.9, ,14.5, ,310, ,59.7, 
47,Brentwood,San Francisco Bay,10/12/2021,0100,285,0.01, ,0.00, ,0, ,4.2, ,55.6, ,28, ,22.9, ,15.3, ,312, ,59.0, 
47,Brentwood,San Francisco Bay,10/12/2021,0200,285,0.01, ,0.00, ,0, ,4.2, ,55.0, ,29, ,23.1, ,17.1, ,311, ,58.3, 
47,Brentwood,San Francisco Bay,10/12/2021,0300,285,0.01, ,0.00, ,0, ,4.4, ,54.4, ,30, ,23.9, ,17.1, ,311, ,57.8, 
47,Brentwood,San Francisco Bay,10/12/2021,0400,285,0.01, ,0.00, ,0, ,4.5, ,53.8, ,32, ,24.5, ,15.9, ,304, ,57.3, 
47,Brentwood,San Francisco Bay,10/12/2021,0500,285,0.00, ,0.00, ,0, ,4.6, ,53.0, ,33, ,25.1, ,15.9, ,309, ,56.8, 
47,Brentwood,San Francisco Bay,10/12/2021,0600,285,0.00, ,0.00, ,0, ,5.0, ,51.7, ,38, ,27.1, ,15.2, ,307, ,56.4, 
47,Brentwood,San Francisco Bay,10/12/2021,0700,285,0.01, ,0.00, ,97, ,4.7, ,52.5, ,35, ,25.6, ,16.9, ,310, ,56.0, 
47,Brentwood,San Francisco Bay,10/12/2021,0800,285,0.01, ,0.00, ,441, ,4.6, ,55.6, ,30, ,25.0, ,18.7, ,314, ,55.6, 
47,Brentwood,San Francisco Bay,10/12/2021,0900,285,0.02, ,0.00, ,832, ,4.4, ,58.9, ,26, ,24.0, ,18.0, ,317, ,55.4,Y
47,Brentwood,San Francisco Bay,10/12/2021,1000,285,0.02, ,0.00, ,1160, ,4.2, ,61.6, ,22, ,22.8, ,19.2, ,319, ,55.6,Y
47,Brentwood,San Francisco Bay,10/12/2021,1100,285,0.02, ,0.00, ,1390, ,3.9, ,64.1, ,19, ,21.1, ,18.6, ,321, ,56.2, 
47,Brentwood,San Francisco Bay,10/12/2021,1200,285,0.03, ,0.00, ,1493, ,3.9, ,66.5, ,18, ,21.2, ,17.7, ,315, ,57.2, 
47,Brentwood,San Francisco Bay,10/12/2021,1300,285,0.03, ,0.00, ,1483, ,3.7, ,68.5, ,16, ,19.9, ,16.8, ,308, ,58.5, 
47,Brentwood,San Francisco Bay,10/12/2021,1400,285,0.03, ,0.00, ,1348, ,3.3, ,69.8, ,13, ,17.5, ,16.7, ,307, ,60.1, 
47,Brentwood,San Francisco Bay,10/12/2021,1500,285,0.02, ,0.00, ,1099, ,2.9, ,71.1, ,11, ,14.0, ,14.9, ,306, ,61.6, 
47,Brentwood,San Francisco Bay,10/12/2021,1600,285,0.02, ,0.00, ,746, ,2.5, ,71.2, ,10, ,11.2, ,13.6, ,299, ,62.7, 
47,Brentwood,San Francisco Bay,10/12/2021,1700,285,0.01, ,0.00, ,341, ,2.4, ,70.3, ,10, ,10.3, ,10.4, ,306, ,63.2, 
47,Brentwood,San Francisco Bay,10/12/2021,1800,285,0.00, ,0.00, ,37, ,3.1, ,65.0, ,15, ,15.6, ,5.9, ,302, ,63.3, 
47,Brentwood,San Francisco Bay,10/12/2021,1900,285,0.00, ,0.00, ,1, ,3.8, ,59.2, ,22, ,20.6, ,4.8, ,244, ,62.9, 
47,Brentwood,San Francisco Bay,10/12/2021,2000,285,0.00, ,0.00, ,0, ,3.8, ,53.5, ,27, ,20.3, ,3.1, ,134, ,62.2, 
47,Brentwood,San Francisco Bay,10/12/2021,2100,285,0.00,Y,0.00, ,0, ,3.5, ,49.8,Y,29,Y,18.7,Y,2.2, ,230, ,61.3, 
47,Brentwood,San Francisco Bay,10/12/2021,2200,285,0.00,Y,0.02, ,0, ,4.0, ,47.0,Y,37,Y,21.8,Y,2.9, ,215, ,60.4, 
47,Brentwood,San Francisco Bay,10/12/2021,2300,285,0.00, ,0.00, ,0, ,3.4, ,48.7, ,29, ,17.7, ,3.1, ,192, ,59.4, 
47,Brentwood,San Francisco Bay,10/12/2021,2400,285,0.00,Y,0.00, ,0, ,3.7, ,46.3,Y,34,Y,19.6,Y,3.2, ,253, ,58.5, 
47,Brentwood,San Francisco Bay,10/13/2021,0100,286,0.00, ,0.00, ,0, ,4.0, ,46.4, ,38, ,22.0, ,3.4, ,164, ,57.6, 
47,Brentwood,San Francisco Bay,10/13/2021,0200,286,0.00, ,0.00, ,0, ,5.1, ,49.6, ,42, ,27.3, ,3.5, ,196, ,56.8,Y
47,Brentwood,San Francisco Bay,10/13/2021,0300,286,0.00, ,0.00, ,0, ,4.5, ,48.1, ,39, ,24.6, ,3.4, ,279, ,56.1,Y
47,Brentwood,San Francisco Bay,10/13/2021,0400,286,0.00, ,0.00, ,0, ,5.9, ,46.2, ,55, ,31.2, ,4.3, ,96, ,55.5,Y
47,Brentwood,San Francisco Bay,10/13/2021,0500,286,0.00, ,0.00, ,0, ,5.9, ,48.2, ,51, ,31.0, ,3.9, ,117, ,55.0,Y
47,Brentwood,San Francisco Bay,10/13/2021,0600,286,0.00, ,0.02, ,0, ,5.7, ,45.0, ,56, ,30.3, ,2.3, ,171, ,54.6,Y
47,Brentwood,San Francisco Bay,10/13/2021,0700,286,0.00, ,0.00, ,63, ,6.5, ,50.3, ,52, ,33.5, ,4.6, ,137, ,54.2,Y
47,Brentwood,San Francisco Bay,10/13/2021,0800,286,0.00, ,0.00, ,230, ,7.0, ,54.3, ,49, ,35.5, ,2.7, ,216, ,54.0,Y
47,Brentwood,San Francisco Bay,10/13/2021,0900,286,0.01, ,0.00, ,734, ,6.9, ,60.3, ,39, ,35.0, ,2.0, ,286, ,54.0,Y
47,Brentwood,San Francisco Bay,10/13/2021,1000,286,0.01, ,0.00, ,1134, ,6.4, ,65.0, ,30, ,33.2, ,2.6, ,280, ,54.6,Y
47,Brentwood,San Francisco Bay,10/13/2021,1100,286,0.02, ,0.00, ,1273, ,5.6, ,67.9, ,24, ,29.7, ,3.8, ,6, ,56.1, 
47,Brentwood,San Francisco Bay,10/13/2021,1200,286,0.02, ,0.00, ,1395, ,7.0, ,69.2, ,29, ,35.2, ,4.0, ,323, ,58.3, 
47,Brentwood,San Francisco Bay,10/13/2021,1300,286,0.02, ,0.00, ,1339, ,7.8, ,70.5, ,30, ,38.0, ,3.9, ,280, ,60.5, 
47,Brentwood,San Francisco Bay,10/13/2021,1400,286,0.02, ,0.00, ,1366, ,9.3, ,73.2, ,33, ,42.7, ,5.7, ,320, ,62.7, 
47,Brentwood,San Francisco Bay,10/13/2021,1500,286,0.01, ,0.00, ,1039, ,11.7, ,73.2, ,42, ,48.8, ,6.5, ,329, ,64.7, 
47,Brentwood,San Francisco Bay,10/13/2021,1600,286,0.01, ,0.00, ,694, ,10.9, ,72.2, ,40, ,46.8, ,12.3, ,296, ,66.2, 
47,Brentwood,San Francisco Bay,10/13/2021,1700,286,0.01, ,0.00, ,304, ,11.1, ,70.2, ,44, ,47.4, ,10.4, ,290, ,66.8, 
47,Brentwood,San Francisco Bay,10/13/2021,1800,286,0.00, ,0.00, ,31, ,12.2, ,66.2, ,55, ,49.7, ,8.1, ,263, ,66.7, 
47,Brentwood,San Francisco Bay,10/13/2021,1900,286,0.00, ,0.00, ,1, ,11.6, ,62.6, ,60, ,48.5, ,4.3, ,247, ,66.1, 
47,Brentwood,San Francisco Bay,10/13/2021,2000,286,0.00, ,0.00, ,0, ,11.4, ,60.4, ,63, ,48.0, ,3.1, ,205, ,65.3, 
47,Brentwood,San Francisco Bay,10/13/2021,2100,286,0.00, ,0.01, ,0, ,10.1, ,56.2, ,66, ,44.9, ,3.7, ,186, ,64.4, 
47,Brentwood,San Francisco Bay,10/13/2021,2200,286,0.00, ,0.01, ,0, ,10.4, ,54.4, ,72, ,45.6, ,3.1, ,214, ,63.4, 
47,Brentwood,San Francisco Bay,10/13/2021,2300,286,0.00, ,0.00, ,0, ,9.8, ,53.1, ,71, ,44.0, ,2.8, ,232, ,62.5, 
47,Brentwood,San Francisco Bay,10/13/2021,2400,286,0.00, ,0.00, ,0, ,10.1, ,52.2, ,76, ,44.8, ,3.1, ,220, ,61.6, 
47,Brentwood,San Francisco Bay,10/14/2021,0100,287,0.00, ,0.00, ,0, ,11.2, ,50.7, ,89, ,47.4, ,2.9, ,219, ,60.7, 
47,Brentwood,San Francisco Bay,10/14/2021,0200,287,0.00, ,0.00, ,0, ,10.7, ,48.4, ,92, ,46.4, ,3.1, ,233, ,59.9, 
47,Brentwood,San Francisco Bay,10/14/2021,0300,287,0.00, ,0.00, ,0, ,10.9, ,47.9, ,96, ,46.8, ,3.8, ,258, ,59.1, 
47,Brentwood,San Francisco Bay,10/14/2021,0400,287,0.00, ,0.00, ,0, ,11.4, ,48.4, ,99, ,48.1, ,4.0, ,256, ,58.4, 
47,Brentwood,San Francisco Bay,10/14/2021,0500,287,0.00, ,0.00, ,0, ,10.2, ,51.1, ,80, ,45.1, ,5.0, ,276, ,57.7, 
47,Brentwood,San Francisco Bay,10/14/2021,0600,287,0.00, ,0.00, ,0, ,8.3, ,51.0, ,65, ,39.8, ,5.4, ,293, ,57.1, 
47,Brentwood,San Francisco Bay,10/14/2021,0700,287,0.00, ,0.00, ,85, ,7.7, ,52.4, ,57, ,37.8, ,3.8, ,289, ,56.6, 
47,Brentwood,San Francisco Bay,10/14/2021,0800,287,0.01, ,0.00, ,412, ,7.4, ,58.9, ,44, ,36.9, ,6.4, ,293, ,56.1, 
47,Brentwood,San Francisco Bay,10/14/2021,0900,287,0.01, ,0.00, ,803, ,6.7, ,64.6, ,32, ,34.1, ,10.6, ,307, ,55.9, 
47,Brentwood,San Francisco Bay,10/14/2021,1000,287,0.02, ,0.00, ,1118, ,6.3, ,68.1, ,27, ,32.6, ,14.9, ,309, ,56.3, 
47,Brentwood,San Francisco Bay,10/14/2021,1100,287,0.02, ,0.00, ,1349, ,6.0, ,70.6, ,23, ,31.5, ,15.6, ,315, ,57.2, 
47,Brentwood,San Francisco Bay,10/14/2021,1200,287,0.02, ,0.00, ,1455, ,6.1, ,72.9, ,22, ,32.0, ,13.0, ,317, ,58.4, 
47,Brentwood,San Francisco Bay,10/14/2021,1300,287,0.03, ,0.00, ,1443, ,5.8, ,75.4, ,19, ,30.8, ,12.6, ,311, ,59.8, 
47,Brentwood,San Francisco Bay,10/14/2021,1400,287,0.02, ,0.00, ,1316, ,5.3, ,77.3, ,17, ,28.7, ,13.1, ,320, ,61.5, 
47,Brentwood,San Francisco Bay,10/14/2021,1500,287,0.02, ,0.00, ,1061, ,5.4, ,78.0, ,16, ,28.7, ,10.9, ,325, ,63.2, 
47,Brentwood,San Francisco Bay,10/14/2021,1600,287,0.01, ,0.00, ,711, ,5.1, ,78.1, ,15, ,27.5, ,10.0, ,327, ,64.5, 
47,Brentwood,San Francisco Bay,10/14/2021,1700,287,0.01, ,0.00, ,313, ,5.0, ,76.4, ,16, ,26.9, ,8.9, ,332, ,65.1, 
47,Brentwood,San Francisco Bay,10/14/2021,1800,287,0.00, ,0.00, ,27, ,5.1, ,70.4, ,20, ,27.7, ,2.6, ,278, ,65.2, 
47,Brentwood,San Francisco Bay,10/14/2021,1900,287,0.00, ,0.00, ,0, ,5.5, ,63.2, ,28, ,29.4, ,3.1, ,220, ,64.8, 
47,Brentwood,San Francisco Bay,10/14/2021,2000,287,0.00, ,0.00, ,0, ,5.8, ,58.9, ,34, ,30.9, ,3.2, ,229, ,64.0, 
47,Brentwood,San Francisco Bay,10/14/2021,2100,287,0.00, ,0.00, ,0, ,5.7, ,55.8, ,38, ,30.3, ,2.6, ,230, ,63.0, 
47,Brentwood,San Francisco Bay,10/14/2021,2200,287,0.00, ,0.01, ,0, ,5.4, ,54.1, ,38, ,28.8, ,2.3, ,197, ,62.0, 
47,Brentwood,San Francisco Bay,10/14/2021,2300,287,0.00, ,0.00, ,0, ,5.1, ,53.0, ,37, ,27.6, ,1.8, ,227, ,61.1, 
47,Brentwood,San Francisco Bay,10/14/2021,2400,287,0.00, ,0.00, ,0, ,5.2, ,52.4, ,39, ,27.9, ,1.8, ,224, ,60.2, 
47,Brentwood,San Francisco Bay,10/15/2021,0100,288,0.00, ,0.00, ,0, ,5.1, ,51.4, ,39, ,27.5, ,1.8, ,256, ,59.4, 
47,Brentwood,San Francisco Bay,10/15/2021,0200,288,0.00, ,0.00, ,0, ,5.1, ,50.7, ,41, ,27.8, ,2.0, ,276, ,58.6, 
47,Brentwood,San Francisco Bay,10/15/2021,0300,288,0.00, ,0.00, ,0, ,4.7, ,46.8, ,43, ,25.6, ,2.1, ,33, ,57.9, 
47,Brentwood,San Francisco Bay,10/15/2021,0400,288,0.00, ,0.00, ,0, ,5.4, ,45.7, ,51, ,28.8, ,3.0, ,232, ,57.2, 
47,Brentwood,San Francisco Bay,10/15/2021,0500,288,0.00, ,0.00, ,0, ,5.4, ,44.7, ,54, ,29.0, ,2.2, ,183, ,56.6, 
47,Brentwood,San Francisco Bay,10/15/2021,0600,288,0.00, ,0.01, ,0, ,5.9, ,43.4, ,62, ,31.2, ,1.9, ,240, ,55.9, 
47,Brentwood,San Francisco Bay,10/15/2021,0700,288,0.00, ,0.00, ,77, ,5.9, ,44.3, ,59, ,31.0, ,2.1, ,178, ,55.4, 
47,Brentwood,San Francisco Bay,10/15/2021,0800,288,0.00, ,0.00, ,404, ,6.3, ,51.2, ,49, ,32.6, ,2.9, ,190, ,54.8,Y
47,Brentwood,San Francisco Bay,10/15/2021,0900,288,0.01, ,0.00, ,792, ,8.5, ,62.1, ,45, ,40.4, ,3.5, ,269, ,54.5,Y
47,Brentwood,San Francisco Bay,10/15/2021,1000,288,0.01, ,0.00, ,1117, ,7.9, ,69.5, ,32, ,38.4, ,3.7, ,337, ,55.0,Y
47,Brentwood,San Francisco Bay,10/15/2021,1100,288,0.02, ,0.00, ,1342, ,7.5, ,72.1, ,28, ,37.0, ,3.8, ,328, ,56.5, 
47,Brentwood,San Francisco Bay,10/15/2021,1200,288,0.02, ,0.00, ,1449, ,7.4, ,74.5, ,25, ,36.8, ,4.1, ,333, ,58.7, 
47,Brentwood,San Francisco Bay,10/15/2021,1300,288,0.02, ,0.00, ,1430, ,8.0, ,76.6, ,25, ,38.7, ,4.3, ,328, ,61.1, 
47,Brentwood,San Francisco Bay,10/15/2021,1400,288,0.02, ,0.00, ,1283, ,7.8, ,78.6, ,23, ,38.1, ,4.1, ,25, ,63.5, 
47,Brentwood,San Francisco Bay,10/15/2021,1500,288,0.02, ,0.00, ,1028, ,7.7, ,81.1, ,21, ,37.7, ,4.6, ,344, ,65.5, 
47,Brentwood,San Francisco Bay,10/15/2021,1600,288,0.01, ,0.00, ,679, ,7.3, ,81.0, ,20, ,36.4, ,4.6, ,360, ,67.0, 
47,Brentwood,San Francisco Bay,10/15/2021,1700,288,0.01, ,0.00, ,291, ,6.4, ,80.0, ,18, ,33.1, ,4.3, ,360, ,67.8, 
47,Brentwood,San Francisco Bay,10/15/2021,1800,288,0.00, ,0.00, ,23, ,6.5, ,72.9, ,23, ,33.5, ,2.3, ,320, ,67.8, 
47,Brentwood,San Francisco Bay,10/15/2021,1900,288,0.00, ,0.00, ,0, ,7.2, ,65.9, ,33, ,36.2, ,2.4, ,232, ,67.2, 
47,Brentwood,San Francisco Bay,10/15/2021,2000,288,0.00, ,0.00, ,1, ,6.8, ,61.6, ,37, ,34.8, ,2.8, ,221, ,66.2, 
47,Brentwood,San Francisco Bay,10/15/2021,2100,288,0.00, ,0.00, ,0, ,7.1, ,58.3, ,43, ,35.8, ,1.8, ,240, ,65.1, 
47,Brentwood,San Francisco Bay,10/15/2021,2200,288,0.00, ,0.01, ,0, ,7.3, ,55.9, ,48, ,36.3, ,1.9, ,246, ,64.0, 
47,Brentwood,San Francisco Bay,10/15/2021,2300,288,0.00, ,0.00, ,0, ,7.1, ,54.9, ,48, ,35.6, ,2.8, ,252, ,63.0, 
47,Brentwood,San Francisco Bay,10/15/2021,2400,288,0.00, ,0.00, ,0, ,6.8, ,53.6, ,48, ,34.6, ,2.6, ,253, ,62.0, 
47,Brentwood,San Francisco Bay,10/16/2021,0100,289,0.00, ,0.00, ,0, ,6.6, ,51.7, ,50, ,33.8, ,1.6, ,16, ,61.1, 
47,Brentwood,San Francisco Bay,10/16/2021,0200,289,0.00, ,0.00, ,0, ,6.4, ,49.2, ,54, ,33.3, ,3.2, ,237, ,60.3, 
47,Brentwood,San Francisco Bay,10/16/2021,0300,289,0.00, ,0.00, ,0, ,6.5, ,48.6, ,56, ,33.7, ,2.9, ,256, ,59.5, 
47,Brentwood,San Francisco Bay,10/16/2021,0400,289,0.00, ,0.00, ,0, ,6.4, ,47.9, ,57, ,33.3, ,3.1, ,232, ,58.7, 
47,Brentwood,San Francisco Bay,10/16/2021,0500,289,0.00, ,0.00, ,0, ,6.3, ,47.3, ,57, ,32.7, ,2.8, ,268, ,58.0, 
47,Brentwood,San Francisco Bay,10/16/2021,0600,289,0.00, ,0.01, ,0, ,6.7, ,45.3, ,65, ,34.2, ,2.9, ,267, ,57.4, 
47,Brentwood,San Francisco Bay,10/16/2021,0700,289,0.00, ,0.00, ,69, ,6.9, ,47.4, ,62, ,35.1, ,2.1, ,266, ,56.8, 
47,Brentwood,San Francisco Bay,10/16/2021,0800,289,0.00, ,0.00, ,391, ,8.3, ,57.4, ,51, ,39.7, ,2.1, ,3, ,56.2, 
47,Brentwood,San Francisco Bay,10/16/2021,0900,289,0.01, ,0.00, ,779, ,8.3, ,64.1, ,41, ,39.7, ,3.6, ,313, ,55.9, 
47,Brentwood,San Francisco Bay,10/16/2021,1000,289,0.01, ,0.00, ,1104, ,8.1, ,68.9, ,34, ,39.1, ,3.4, ,311, ,56.3, 
47,Brentwood,San Francisco Bay,10/16/2021,1100,289,0.02, ,0.00, ,1335, ,8.0, ,73.4, ,28, ,38.7, ,2.8, ,359, ,57.7, 
47,Brentwood,San Francisco Bay,10/16/2021,1200,289,0.02, ,0.00, ,1442, ,7.7, ,77.6, ,24, ,37.9, ,3.7, ,346, ,59.8, 
47,Brentwood,San Francisco Bay,10/16/2021,1300,289,0.02, ,0.00, ,1423, ,7.6, ,79.7, ,22, ,37.5, ,4.0, ,8, ,62.2, 
47,Brentwood,San Francisco Bay,10/16/2021,1400,289,0.02, ,0.00, ,1279, ,7.4, ,80.5, ,21, ,36.9, ,4.2, ,67, ,64.6, 
47,Brentwood,San Francisco Bay,10/16/2021,1500,289,0.01, ,0.00, ,963, ,7.6, ,80.9, ,21, ,37.5, ,4.0, ,89, ,66.6, 
47,Brentwood,San Francisco Bay,10/16/2021,1600,289,0.01, ,0.00, ,623, ,7.9, ,81.8, ,21, ,38.4, ,3.1, ,98, ,68.0, 
47,Brentwood,San Francisco Bay,10/16/2021,1700,289,0.00, ,0.00, ,262, ,7.9, ,80.9, ,22, ,38.5, ,2.3, ,114, ,68.7, 
47,Brentwood,San Francisco Bay,10/16/2021,1800,289,0.00, ,0.00, ,20, ,7.7, ,75.9, ,25, ,37.7, ,2.9, ,168, ,68.7, 
47,Brentwood,San Francisco Bay,10/16/2021,1900,289,0.00, ,0.00, ,0, ,7.5, ,69.1, ,31, ,37.3, ,3.0, ,201, ,68.2, 
47,Brentwood,San Francisco Bay,10/16/2021,2000,289,0.00, ,0.00, ,0, ,6.9, ,65.6, ,32, ,34.9, ,3.4, ,222, ,67.4, 
47,Brentwood,San Francisco Bay,10/16/2021,2100,289,0.00, ,0.00, ,1, ,7.0, ,62.3, ,36, ,35.3, ,2.6, ,142, ,66.3, 
47,Brentwood,San Francisco Bay,10/16/2021,2200,289,0.00, ,0.01, ,0, ,6.9, ,56.9, ,43, ,34.9, ,1.9, ,263, ,65.3, 
47,Brentwood,San Francisco Bay,10/16/2021,2300,289,0.00, ,0.00, ,0, ,6.5, ,56.0, ,43, ,33.7, ,2.1, ,221, ,64.3, 
47,Brentwood,San Francisco Bay,10/16/2021,2400,289,0.00, ,0.00, ,0, ,6.7, ,54.6, ,46, ,34.2, ,2.4, ,259, ,63.2, 
47,Brentwood,San Francisco Bay,10/17/2021,0100,290,0.00, ,0.00, ,0, ,6.7, ,52.2, ,51, ,34.4, ,3.1, ,243, ,62.3, 
47,Brentwood,San Francisco Bay,10/17/2021,0200,290,0.00, ,0.00, ,0, ,6.9, ,51.7, ,53, ,35.1, ,2.1, ,278, ,61.4, 
47,Brentwood,San Francisco Bay,10/17/2021,0300,290,0.00, ,0.00, ,0, ,6.1, ,48.8, ,52, ,32.0, ,2.8, ,163, ,60.5, 
47,Brentwood,San Francisco Bay,10/17/2021,0400,290,0.00, ,0.00, ,0, ,6.2, ,48.1, ,54, ,32.5, ,3.6, ,193, ,59.7, 
47,Brentwood,San Francisco Bay,10/17/2021,0500,290,0.00, ,0.00, ,0, ,6.7, ,46.7, ,62, ,34.2, ,3.3, ,235, ,59.0, 
47,Brentwood,San Francisco Bay,10/17/2021,0600,290,0.00, ,0.01, ,0, ,6.7, ,46.5, ,62, ,34.3, ,2.8, ,271, ,58.2, 
47,Brentwood,San Francisco Bay,10/17/2021,0700,290,0.00, ,0.00, ,49, ,6.6, ,46.9, ,60, ,33.9, ,2.8, ,178, ,57.6, 
47,Brentwood,San Francisco Bay,10/17/2021,0800,290,0.00, ,0.00, ,161, ,7.3, ,50.1, ,59, ,36.4, ,1.9, ,129, ,57.0, 
47,Brentwood,San Francisco Bay,10/17/2021,0900,290,0.01, ,0.00, ,657, ,9.3, ,59.1, ,54, ,42.7, ,2.7, ,294, ,56.7, 
47,Brentwood,San Francisco Bay,10/17/2021,1000,290,0.01, ,0.00, ,846, ,10.7, ,67.3, ,47, ,46.3, ,4.6, ,339, ,56.8, 
47,Brentwood,San Francisco Bay,10/17/2021,1100,290,0.02, ,0.00, ,1159, ,7.9, ,72.3, ,29, ,38.6, ,6.3, ,167, ,57.8, 
47,Brentwood,San Francisco Bay,10/17/2021,1200,290,0.02, ,0.00, ,1075, ,5.3, ,75.9, ,17, ,28.3, ,13.5, ,186, ,59.5, 
47,Brentwood,San Francisco Bay,10/17/2021,1300,290,0.02, ,0.00, ,752, ,5.6, ,76.4, ,18, ,30.0, ,14.2, ,179, ,60.8, 
47,Brentwood,San Francisco Bay,10/17/2021,1400,290,0.02, ,0.00, ,848, ,6.0, ,77.1, ,19, ,31.6, ,14.9, ,186, ,61.6, 
47,Brentwood,San Francisco Bay,10/17/2021,1500,290,0.02, ,0.00, ,674, ,8.0, ,72.6, ,29, ,38.7, ,15.6, ,205, ,62.3, 
47,Brentwood,San Francisco Bay,10/17/2021,1600,290,0.01, ,0.00, ,604, ,8.1, ,68.9, ,34, ,39.1, ,16.8, ,204, ,62.8, 
47,Brentwood,San Francisco Bay,10/17/2021,1700,290,0.01, ,0.00, ,398, ,9.6, ,65.4, ,45, ,43.4, ,17.7, ,218, ,63.1, 
47,Brentwood,San Francisco Bay,10/17/2021,1800,290,0.00, ,0.00, ,23, ,11.3, ,60.7, ,62, ,47.8, ,14.3, ,211, ,63.2, 
47,Brentwood,San Francisco Bay,10/17/2021,1900,290,0.00, ,0.00, ,1, ,10.5, ,58.1, ,64, ,45.8, ,14.7, ,236, ,63.1, 
47,Brentwood,San Francisco Bay,10/17/2021,2000,290,0.00, ,0.00, ,0, ,9.5, ,55.8, ,63, ,43.2, ,11.0, ,234, ,62.7, 
47,Brentwood,San Francisco Bay,10/17/2021,2100,290,0.00, ,0.00, ,0, ,9.8, ,55.0, ,66, ,44.0, ,8.5, ,230, ,62.1, 
47,Brentwood,San Francisco Bay,10/17/2021,2200,290,0.00, ,0.00, ,0, ,9.4, ,53.4, ,67, ,42.8, ,8.2, ,237, ,61.4, 
47,Brentwood,San Francisco Bay,10/17/2021,2300,290,0.00, ,0.00, ,0, ,8.9, ,52.3, ,66, ,41.4, ,3.7, ,290, ,60.7, 
47,Brentwood,San Francisco Bay,10/17/2021,2400,290,0.00, ,0.00, ,0, ,8.4, ,52.4, ,62, ,39.9, ,4.1, ,209, ,59.9, 
47,Brentwood,San Francisco Bay,10/18/2021,0100,291,0.00, ,0.00, ,0, ,8.2, ,50.6, ,65, ,39.4, ,4.6, ,189, ,59.2, 
47,Brentwood,San Francisco Bay,10/18/2021,0200,291,0.00, ,0.00, ,0, ,8.8, ,52.3, ,66, ,41.2, ,8.5, ,203, ,58.5, 
47,Brentwood,San Francisco Bay,10/18/2021,0300,291,0.00, ,0.00, ,0, ,9.0, ,52.1, ,67, ,41.7, ,7.2, ,207, ,57.9, 
47,Brentwood,San Francisco Bay,10/18/2021,0400,291,0.00, ,0.00, ,0, ,8.7, ,51.5, ,67, ,41.0, ,5.2, ,209, ,57.4, 
47,Brentwood,San Francisco Bay,10/18/2021,0500,291,0.00, ,0.00, ,0, ,8.5, ,50.5, ,68, ,40.2, ,4.2, ,209, ,57.0, 
47,Brentwood,San Francisco Bay,10/18/2021,0600,291,0.00, ,0.01, ,0, ,8.6, ,48.7, ,73, ,40.5, ,4.4, ,238, ,56.6, 
47,Brentwood,San Francisco Bay,10/18/2021,0700,291,0.00, ,0.00, ,67, ,8.7, ,50.1, ,71, ,40.9, ,6.1, ,225, ,56.1, 
47,Brentwood,San Francisco Bay,10/18/2021,0800,291,0.00, ,0.00, ,385, ,9.2, ,53.7, ,65, ,42.3, ,3.8, ,239, ,55.7, 
47,Brentwood,San Francisco Bay,10/18/2021,0900,291,0.01, ,0.00,Y,769, ,9.1, ,56.7, ,58, ,42.0, ,8.4, ,253, ,55.5, 
47,Brentwood,San Francisco Bay,10/18/2021,1000,291,0.01, ,0.00, ,922, ,9.0, ,58.3, ,54, ,41.9, ,8.1, ,264, ,55.8, 
47,Brentwood,San Francisco Bay,10/18/2021,1100,291,0.01, ,0.00, ,740, ,9.0, ,59.5, ,52, ,41.7, ,6.7, ,284, ,56.8, 
47,Brentwood,San Francisco Bay,10/18/2021,1200,291,0.01, ,0.00, ,873, ,8.7, ,61.0, ,48, ,41.0, ,5.6, ,255, ,57.9, 
47,Brentwood,San Francisco Bay,10/18/2021,1300,291,0.01, ,0.00, ,709, ,8.6, ,61.6, ,46, ,40.6, ,4.9, ,269, ,59.0, 
47,Brentwood,San Francisco Bay,10/18/2021,1400,291,0.02, ,0.00, ,1258, ,8.7, ,64.6, ,42, ,41.0, ,4.9, ,315, ,60.1, 
47,Brentwood,San Francisco Bay,10/18/2021,1500,291,0.01, ,0.00, ,912, ,9.0, ,65.4, ,42, ,41.9, ,6.0, ,303, ,61.1, 
47,Brentwood,San Francisco Bay,10/18/2021,1600,291,0.01, ,0.00, ,399, ,8.5, ,63.8, ,42, ,40.2, ,5.1, ,327, ,62.3, 
47,Brentwood,San Francisco Bay,10/18/2021,1700,291,0.00, ,0.00, ,262, ,7.9, ,64.1, ,39, ,38.4, ,4.9, ,310, ,62.8, 
47,Brentwood,San Francisco Bay,10/18/2021,1800,291,0.00, ,0.00, ,13, ,7.2, ,58.8, ,42, ,35.9, ,3.6, ,356, ,62.7, 
47,Brentwood,San Francisco Bay,10/18/2021,1900,291,0.00, ,0.00, ,0, ,7.2, ,54.6, ,50, ,36.1, ,2.0, ,210, ,62.2, 
47,Brentwood,San Francisco Bay,10/18/2021,2000,291,0.00, ,0.02, ,0, ,7.4, ,51.8, ,57, ,36.9, ,3.5, ,218, ,61.4, 
47,Brentwood,San Francisco Bay,10/18/2021,2100,291,0.00,Y,0.00, ,0, ,7.2, ,48.9,Y,61,Y,36.2,Y,2.1, ,256, ,60.5, 
47,Brentwood,San Francisco Bay,10/18/2021,2200,291,0.00,Y,0.02, ,0, ,7.6, ,47.6,Y,68,Y,37.5,Y,2.9, ,186, ,59.6, 
47,Brentwood,San Francisco Bay,10/18/2021,2300,291,0.00,Y,0.00, ,0, ,7.7, ,46.4,Y,72,Y,37.9,Y,2.9, ,236, ,58.6, 
47,Brentwood,San Francisco Bay,10/18/2021,2400,291,0.00,Y,0.00, ,0, ,7.3, ,45.3,Y,71,Y,36.5,Y,2.2, ,218, ,57.8, 
47,Brentwood,San Francisco Bay,10/19/2021,0100,292,0.00, ,0.00, ,0, ,7.5, ,45.0, ,74, ,37.2, ,3.0, ,213, ,57.0, 
47,Brentwood,San Francisco Bay,10/19/2021,0200,292,0.00, ,0.00, ,0, ,7.8, ,44.3, ,78, ,38.0, ,3.1, ,197, ,56.3, 
47,Brentwood,San Francisco Bay,10/19/2021,0300,292,0.00, ,0.00, ,0, ,7.9, ,42.9, ,84, ,38.3, ,2.2, ,212, ,55.6, 
47,Brentwood,San Francisco Bay,10/19/2021,0400,292,0.00, ,0.00, ,0, ,8.9, ,41.9, ,99, ,41.6, ,2.2, ,202, ,55.0,Y
47,Brentwood,San Francisco Bay,10/19/2021,0500,292,0.00, ,0.00, ,0, ,8.5, ,40.8, ,98, ,40.4, ,1.8, ,184, ,54.5,Y
47,Brentwood,San Francisco Bay,10/19/2021,0600,292,0.00,Y,0.02, ,0, ,8.1, ,39.5,Y,99,Y,39.2,Y,2.5, ,176, ,54.0,Y
47,Brentwood,San Francisco Bay,10/19/2021,0700,292,0.00, ,0.00, ,75, ,8.3, ,40.0, ,99, ,39.8, ,1.2, ,82, ,53.4,Y
47,Brentwood,San Francisco Bay,10/19/2021,0800,292,0.00, ,0.00, ,361, ,10.3, ,46.9, ,95, ,45.4, ,2.4, ,146, ,52.9,Y
47,Brentwood,San Francisco Bay,10/19/2021,0900,292,0.01, ,0.00, ,801, ,11.4, ,54.5, ,79, ,48.0, ,4.6, ,119, ,52.6,Y
47,Brentwood,San Francisco Bay,10/19/2021,1000,292,0.01, ,0.00, ,869, ,12.0, ,57.7, ,74, ,49.4, ,3.9, ,104, ,53.0,Y
47,Brentwood,San Francisco Bay,10/19/2021,1100,292,0.01, ,0.00, ,1080, ,12.7, ,59.7, ,73, ,51.0, ,5.4, ,73, ,54.1,Y
47,Brentwood,San Francisco Bay,10/19/2021,1200,292,0.02, ,0.00, ,1424, ,12.3, ,63.2, ,62, ,50.0, ,6.5, ,94, ,55.6, 
47,Brentwood,San Francisco Bay,10/19/2021,1300,292,0.02, ,0.00, ,1382, ,9.3, ,66.0, ,42, ,42.5, ,6.8, ,88, ,57.4, 
47,Brentwood,San Francisco Bay,10/19/2021,1400,292,0.01, ,0.00, ,1080, ,9.3, ,67.0, ,41, ,42.5, ,7.1, ,75, ,59.3, 
47,Brentwood,San Francisco Bay,10/19/2021,1500,292,0.01, ,0.00, ,545, ,8.9, ,66.9, ,40, ,41.5, ,6.3, ,85, ,60.8, 
47,Brentwood,San Francisco Bay,10/19/2021,1600,292,0.01, ,0.00, ,503, ,8.6, ,67.5, ,38, ,40.8, ,7.2, ,85, ,61.7, 
47,Brentwood,San Francisco Bay,10/19/2021,1700,292,0.00, ,0.00, ,127, ,8.4, ,66.2, ,38, ,40.0, ,4.9, ,92, ,62.1, 
47,Brentwood,San Francisco Bay,10/19/2021,1800,292,0.00, ,0.00, ,8, ,8.2, ,63.9, ,40, ,39.3, ,4.5, ,134, ,62.0, 
47,Brentwood,San Francisco Bay,10/19/2021,1900,292,0.00, ,0.00, ,1, ,7.3, ,63.1, ,37, ,36.5, ,7.4, ,155, ,61.6, 
47,Brentwood,San Francisco Bay,10/19/2021,2000,292,0.00, ,0.00, ,0, ,7.1, ,61.9, ,37, ,35.7, ,6.1, ,150, ,61.1, 
47,Brentwood,San Francisco Bay,10/19/2021,2100,292,0.00, ,0.00, ,0, ,7.5, ,61.0, ,41, ,37.0, ,3.7, ,150, ,60.6, 
47,Brentwood,San Francisco Bay,10/19/2021,2200,292,0.00, ,0.02, ,0, ,7.8, ,59.9, ,44, ,38.1, ,4.1, ,173, ,60.1, 
47,Brentwood,San Francisco Bay,10/19/2021,2300,292,0.00, ,0.00, ,0, ,5.9, ,62.7, ,30, ,31.3, ,6.8, ,185, ,59.7, 
47,Brentwood,San Francisco Bay,10/19/2021,2400,292,0.00, ,0.00, ,0, ,6.9, ,62.1, ,36, ,35.0, ,5.9, ,185, ,59.3, 
47,Brentwood,San Francisco Bay,10/20/2021,0100,293,0.00, ,0.00, ,0, ,7.4, ,61.5, ,40, ,36.7, ,4.5, ,163, ,58.9, 
47,Brentwood,San Francisco Bay,10/20/2021,0200,293,0.00, ,0.00, ,0, ,8.1, ,61.3, ,44, ,39.1, ,5.0, ,133, ,58.6, 
47,Brentwood,San Francisco Bay,10/20/2021,0300,293,0.00, ,0.00, ,0, ,8.7, ,59.7, ,50, ,40.9, ,4.0, ,87, ,58.4, 
47,Brentwood,San Francisco Bay,10/20/2021,0400,293,0.00, ,0.00, ,0, ,9.4, ,58.1, ,57, ,42.8, ,2.8, ,65, ,58.2, 
47,Brentwood,San Francisco Bay,10/20/2021,0500,293,0.00, ,0.00, ,0, ,10.0, ,58.3, ,60, ,44.6, ,2.6, ,86, ,58.1, 
47,Brentwood,San Francisco Bay,10/20/2021,0600,293,0.00, ,0.02, ,0, ,10.1, ,57.4, ,63, ,44.8, ,5.9, ,69, ,58.0, 
47,Brentwood,San Francisco Bay,10/20/2021,0700,293,0.00, ,0.00, ,19, ,9.3, ,58.6, ,56, ,42.7, ,4.9, ,158, ,58.0, 
47,Brentwood,San Francisco Bay,10/20/2021,0800,293,0.00, ,0.00, ,86, ,10.1, ,59.0, ,59, ,44.8, ,4.2, ,263, ,57.9, 
47,Brentwood,San Francisco Bay,10/20/2021,0900,293,0.00, ,0.00, ,143, ,11.0, ,59.4, ,64, ,47.1, ,8.0, ,279, ,57.8, 
47,Brentwood,San Francisco Bay,10/20/2021,1000,293,0.00, ,0.00, ,296, ,12.2, ,59.5, ,70, ,49.9, ,6.7, ,327, ,58.0, 
47,Brentwood,San Francisco Bay,10/20/2021,1100,293,0.01, ,0.00, ,617, ,12.3, ,62.9, ,62, ,49.9, ,5.5, ,296, ,58.2, 
47,Brentwood,San Francisco Bay,10/20/2021,1200,293,0.01, ,0.00, ,514, ,12.0, ,65.6, ,56, ,49.5, ,5.3, ,334, ,58.8, 
47,Brentwood,San Francisco Bay,10/20/2021,1300,293,0.00, ,0.00, ,338, ,11.8, ,66.2, ,54, ,48.8, ,5.6, ,357, ,59.7, 
47,Brentwood,San Francisco Bay,10/20/2021,1400,293,0.00, ,0.00, ,392, ,11.2, ,66.8, ,50, ,47.6, ,5.9, ,352, ,60.5, 
47,Brentwood,San Francisco Bay,10/20/2021,1500,293,0.00, ,0.00, ,303, ,11.7, ,66.8, ,52, ,48.7, ,5.1, ,7, ,61.1, 
47,Brentwood,San Francisco Bay,10/20/2021,1600,293,0.00, ,0.00, ,159, ,10.5, ,67.1, ,46, ,45.7, ,2.2, ,62, ,61.6, 
47,Brentwood,San Francisco Bay,10/20/2021,1700,293,0.00, ,0.00, ,73, ,10.5, ,67.1, ,46, ,45.8, ,2.2, ,205, ,61.9, 
47,Brentwood,San Francisco Bay,10/20/2021,1800,293,0.00, ,0.00, ,4, ,12.6, ,63.9, ,62, ,50.6, ,3.9, ,269, ,62.1, 
47,Brentwood,San Francisco Bay,10/20/2021,1900,293,0.00, ,0.00, ,1, ,13.5, ,62.2, ,71, ,52.5, ,4.0, ,279, ,62.1, 
47,Brentwood,San Francisco Bay,10/20/2021,2000,293,0.00, ,0.00, ,1, ,17.4, ,60.4, ,97, ,59.5, ,3.2, ,297, ,62.0, 
47,Brentwood,San Francisco Bay,10/20/2021,2100,293,0.00, ,0.00, ,0, ,17.0, ,60.0, ,96, ,58.9, ,2.8, ,303, ,61.8, 
47,Brentwood,San Francisco Bay,10/20/2021,2200,293,0.00, ,0.00, ,0, ,16.8, ,58.9, ,99, ,58.6, ,4.4, ,287, ,61.6, 
47,Brentwood,San Francisco Bay,10/20/2021,2300,293,0.00, ,0.00, ,0, ,16.5, ,58.3, ,99, ,58.1, ,3.5, ,292, ,61.4, 
47,Brentwood,San Francisco Bay,10/20/2021,2400,293,0.00, ,0.00, ,0, ,16.7, ,58.7, ,99, ,58.5, ,1.3, ,203, ,61.2, 
47,Brentwood,San Francisco Bay,10/21/2021,0100,294,0.00, ,0.00, ,0, ,17.0, ,59.1, ,99, ,58.8, ,1.8, ,161, ,61.0, 
47,Brentwood,San Francisco Bay,10/21/2021,0200,294,0.00, ,0.00, ,0, ,16.8, ,58.8, ,99, ,58.6, ,2.2, ,78, ,60.9, 
47,Brentwood,San Francisco Bay,10/21/2021,0300,294,0.00, ,0.00, ,0, ,16.4, ,58.0, ,99, ,57.8, ,2.6, ,58, ,60.8, 
47,Brentwood,San Francisco Bay,10/21/2021,0400,294,0.00, ,0.00, ,0, ,16.2, ,57.8, ,99, ,57.6, ,1.8, ,95, ,60.7, 
47,Brentwood,San Francisco Bay,10/21/2021,0500,294,0.00, ,0.00, ,0, ,16.7, ,58.6, ,99, ,58.4, ,1.8, ,93, ,60.6, 
47,Brentwood,San Francisco Bay,10/21/2021,0600,294,0.00, ,0.01, ,0, ,16.8, ,58.7, ,99, ,58.5, ,1.9, ,23, ,60.5, 
47,Brentwood,San Francisco Bay,10/21/2021,0700,294,0.00, ,0.00, ,10, ,16.8, ,58.8, ,99, ,58.5, ,2.9, ,50, ,60.4, 
47,Brentwood,San Francisco Bay,10/21/2021,0800,294,0.00, ,0.00, ,62, ,17.5, ,60.0, ,99, ,59.8, ,1.4, ,269, ,60.4, 
47,Brentwood,San Francisco Bay,10/21/2021,0900,294,0.00, ,0.04, ,119, ,17.8, ,60.4, ,99, ,60.2, ,4.2, ,313, ,60.4, 
47,Brentwood,San Francisco Bay,10/21/2021,1000,294,0.00, ,0.00, ,444, ,18.6, ,61.6, ,99, ,61.4, ,2.6, ,1, ,60.5, 
47,Brentwood,San Francisco Bay,10/21/2021,1100,294,0.01, ,0.00, ,794, ,20.6, ,65.1, ,97, ,64.3, ,4.9, ,77, ,60.9, 
47,Brentwood,San Francisco Bay,10/21/2021,1200,294,0.01, ,0.00, ,983, ,21.5, ,69.4, ,87, ,65.5, ,5.4, ,71, ,61.7, 
47,Brentwood,San Francisco Bay,10/21/2021,1300,294,0.01, ,0.00, ,891, ,21.9, ,71.2, ,84, ,66.0, ,4.5, ,70, ,62.9, 
47,Brentwood,San Francisco Bay,10/21/2021,1400,294,0.01, ,0.00, ,878, ,21.7, ,73.9, ,76, ,65.8, ,3.8, ,95, ,64.1, 
47,Brentwood,San Francisco Bay,10/21/2021,1500,294,0.00, ,0.00, ,115, ,21.3, ,72.3, ,79, ,65.3, ,5.6, ,287, ,65.4, 
47,Brentwood,San Francisco Bay,10/21/2021,1600,294,0.00, ,0.00, ,405, ,23.4, ,72.1, ,87, ,68.1, ,7.5, ,294, ,66.2, 
47,Brentwood,San Francisco Bay,10/21/2021,1700,294,0.00, ,0.00, ,136, ,23.8, ,70.7, ,93, ,68.5, ,6.4, ,285, ,66.4, 
47,Brentwood,San Francisco Bay,10/21/2021,1800,294,0.00, ,0.00, ,13, ,23.5, ,68.6, ,98, ,68.1, ,5.6, ,289, ,66.4, 
47,Brentwood,San Francisco Bay,10/21/2021,1900,294,0.00, ,0.00, ,0, ,21.9, ,66.4, ,99, ,66.1, ,3.0, ,230, ,66.2, 
47,Brentwood,San Francisco Bay,10/21/2021,2000,294,0.00, ,0.00, ,0, ,20.2, ,67.3, ,89, ,63.8, ,5.1, ,234, ,65.8, 
47,Brentwood,San Francisco Bay,10/21/2021,2100,294,0.00, ,0.00, ,0, ,20.2, ,64.5, ,97, ,63.8, ,3.6, ,268, ,65.3, 
47,Brentwood,San Francisco Bay,10/21/2021,2200,294,0.00, ,0.02, ,0, ,19.2, ,62.6, ,99, ,62.4, ,3.2, ,97, ,64.8, 
47,Brentwood,San Francisco Bay,10/21/2021,2300,294,0.00, ,0.00, ,2, ,18.9, ,62.1, ,99, ,61.8, ,3.4, ,151, ,64.4, 
47,Brentwood,San Francisco Bay,10/21/2021,2400,294,0.00, ,0.00, ,1, ,18.4, ,61.4, ,99, ,61.1, ,3.0, ,223, ,63.9, 
47,Brentwood,San Francisco Bay,10/22/2021,0100,295,0.00, ,0.00, ,2, ,18.9, ,64.6, ,91, ,61.9, ,10.5, ,200, ,63.4, 
47,Brentwood,San Francisco Bay,10/22/2021,0200,295,0.00, ,0.00, ,0, ,18.4, ,64.8, ,88, ,61.1, ,13.6, ,181, ,62.9, 
47,Brentwood,San Francisco Bay,10/22/2021,0300,295,0.00,Y,0.00, ,0, ,17.8, ,65.0,Y,85,Y,60.3,Y,16.5, ,167, ,62.6, 
47,Brentwood,San Francisco Bay,10/22/2021,0400,295,0.00,Y,0.00, ,0, ,17.2, ,64.5,Y,83,Y,59.2,Y,8.1, ,141, ,62.4, 
47,Brentwood,San Francisco Bay,10/22/2021,0500,295,0.00, ,0.02, ,0, ,18.5, ,62.7, ,95, ,61.3, ,4.9, ,152, ,62.3, 
47,Brentwood,San Francisco Bay,10/22/2021,0600,295,0.00, ,0.01, ,1, ,18.4, ,61.4, ,99, ,61.2, ,11.2, ,222, ,62.2, 
47,Brentwood,San Francisco Bay,10/22/2021,0700,295,0.00, ,0.00, ,29, ,16.6, ,58.5, ,99, ,58.3, ,9.0, ,247, ,62.1, 
47,Brentwood,San Francisco Bay,10/22/2021,0800,295,0.00, ,0.01, ,83, ,16.5, ,58.4, ,99, ,58.1, ,4.7, ,204, ,62.0, 
47,Brentwood,San Francisco Bay,10/22/2021,0900,295,0.00, ,0.00, ,255, ,17.2, ,59.5, ,99, ,59.2, ,3.4, ,127, ,61.8, 
47,Brentwood,San Francisco Bay,10/22/2021,1000,295,0.00, ,0.00, ,512, ,17.5, ,61.5, ,94, ,59.7, ,3.1, ,283, ,61.8, 
47,Brentwood,San Francisco Bay,10/22/2021,1100,295,0.01, ,0.00, ,949, ,17.1, ,63.9, ,84, ,59.1, ,4.9, ,226, ,62.1, 
47,Brentwood,San Francisco Bay,10/22/2021,1200,295,0.01, ,0.00, ,1057, ,15.8, ,65.7, ,73, ,56.9, ,3.6, ,236, ,62.9, 
47,Brentwood,San Francisco Bay,10/22/2021,1300,295,0.01, ,0.00, ,939, ,14.5, ,67.2, ,64, ,54.5, ,3.9, ,179, ,64.1, 
47,Brentwood,San Francisco Bay,10/22/2021,1400,295,0.01, ,0.00, ,603, ,12.2, ,66.9, ,54, ,49.8, ,5.7, ,255, ,65.4, 
47,Brentwood,San Francisco Bay,10/22/2021,1500,295,0.01, ,0.00, ,433, ,11.6, ,66.2, ,53, ,48.4, ,8.4, ,272, ,66.2, 
47,Brentwood,San Francisco Bay,10/22/2021,1600,295,0.01, ,0.00, ,552, ,11.8, ,66.2, ,53, ,48.8, ,9.4, ,255, ,66.4, 
47,Brentwood,San Francisco Bay,10/22/2021,1700,295,0.00, ,0.00, ,224, ,11.2, ,64.9, ,53, ,47.6, ,7.6, ,249, ,66.3, 
47,Brentwood,San Francisco Bay,10/22/2021,1800,295,0.00, ,0.00, ,6, ,11.3, ,61.5, ,60, ,47.7, ,6.7, ,239, ,65.9, 
47,Brentwood,San Francisco Bay,10/22/2021,1900,295,0.00, ,0.00, ,1, ,10.9, ,59.4, ,63, ,46.8, ,5.7, ,253, ,65.3, 
47,Brentwood,San Francisco Bay,10/22/2021,2000,295,0.00, ,0.00, ,1, ,10.5, ,58.9, ,62, ,45.9, ,5.0, ,242, ,64.6, 
47,Brentwood,San Francisco Bay,10/22/2021,2100,295,0.00, ,0.00, ,0, ,10.5, ,58.4, ,63, ,45.9, ,3.4, ,242, ,63.9, 
47,Brentwood,San Francisco Bay,10/22/2021,2200,295,0.00, ,0.02, ,0, ,11.4, ,57.8, ,70, ,48.0, ,3.1, ,204, ,63.3, 
47,Brentwood,San Francisco Bay,10/22/2021,2300,295,0.00, ,0.00, ,0, ,11.9, ,57.7, ,73, ,49.1, ,3.1, ,200, ,62.9, 
47,Brentwood,San Francisco Bay,10/22/2021,2400,295,0.00, ,0.00, ,0, ,11.5, ,58.3, ,69, ,48.3, ,4.1, ,210, ,62.5, 
47,Brentwood,San Francisco Bay,10/23/2021,0100,296,0.00, ,0.00, ,0, ,11.6, ,58.4, ,69, ,48.4, ,3.4, ,219, ,62.1, 
47,Brentwood,San Francisco Bay,10/23/2021,0200,296,0.00, ,0.00, ,0, ,11.7, ,57.8, ,72, ,48.8, ,2.3, ,253, ,61.8, 
47,Brentwood,San Francisco Bay,10/23/2021,0300,296,0.00, ,0.00, ,0, ,11.8, ,57.5, ,73, ,49.0, ,4.0, ,263, ,61.6, 
47,Brentwood,San Francisco Bay,10/23/2021,0400,296,0.00, ,0.00, ,0, ,11.9, ,57.0, ,75, ,49.2, ,4.7, ,233, ,61.3, 
47,Brentwood,San Francisco Bay,10/23/2021,0500,296,0.00, ,0.00, ,0, ,12.5, ,54.6, ,86, ,50.5, ,2.5, ,209, ,61.1, 
47,Brentwood,San Francisco Bay,10/23/2021,0600,296,0.00, ,0.00, ,0, ,13.1, ,52.1, ,99, ,51.8, ,4.8, ,221, ,60.8, 
47,Brentwood,San Francisco Bay,10/23/2021,0700,296,0.00, ,0.00, ,54, ,13.3, ,52.5, ,99, ,52.2, ,3.6, ,190, ,60.4, 
47,Brentwood,San Francisco Bay,10/23/2021,0800,296,0.00, ,0.00, ,185, ,14.7, ,56.1, ,96, ,54.9, ,3.0, ,192, ,60.0, 
47,Brentwood,San Francisco Bay,10/23/2021,0900,296,0.01, ,0.00, ,678, ,14.9, ,60.7, ,82, ,55.2, ,4.1, ,201, ,59.7, 
47,Brentwood,San Francisco Bay,10/23/2021,1000,296,0.01, ,0.00, ,940, ,14.2, ,63.4, ,71, ,54.0, ,6.0, ,236, ,59.9, 
47,Brentwood,San Francisco Bay,10/23/2021,1100,296,0.01, ,0.00, ,1133, ,13.4, ,66.7, ,60, ,52.3, ,5.2, ,304, ,60.8, 
47,Brentwood,San Francisco Bay,10/23/2021,1200,296,0.01, ,0.00, ,1202, ,11.3, ,67.3, ,50, ,47.8, ,4.0, ,32, ,62.2, 
47,Brentwood,San Francisco Bay,10/23/2021,1300,296,0.01, ,0.00, ,968, ,10.5, ,68.2, ,44, ,45.7, ,4.7, ,211, ,63.7, 
47,Brentwood,San Francisco Bay,10/23/2021,1400,296,0.01, ,0.00, ,739, ,11.2, ,68.4, ,47, ,47.5, ,5.6, ,300, ,65.0, 
47,Brentwood,San Francisco Bay,10/23/2021,1500,296,0.01, ,0.00, ,445, ,11.8, ,66.6, ,53, ,48.8, ,3.7, ,360, ,65.9, 
47,Brentwood,San Francisco Bay,10/23/2021,1600,296,0.00, ,0.00, ,107, ,12.0, ,65.1, ,57, ,49.4, ,5.0, ,2, ,66.4, 
47,Brentwood,San Francisco Bay,10/23/2021,1700,296,0.00, ,0.00, ,46, ,12.4, ,63.6, ,62, ,50.2, ,5.7, ,13, ,66.4, 
47,Brentwood,San Francisco Bay,10/23/2021,1800,296,0.00, ,0.00, ,2, ,13.0, ,62.3, ,68, ,51.5, ,7.0, ,26, ,66.1, 
47,Brentwood,San Francisco Bay,10/23/2021,1900,296,0.00, ,0.00, ,0, ,13.0, ,61.8, ,69, ,51.5, ,3.5, ,360, ,65.6, 
47,Brentwood,San Francisco Bay,10/23/2021,2000,296,0.00, ,0.00, ,1, ,14.6, ,61.3, ,79, ,54.6, ,2.5, ,150, ,65.1, 
47,Brentwood,San Francisco Bay,10/23/2021,2100,296,0.00, ,0.01, ,1, ,17.3, ,59.6, ,99, ,59.3, ,3.5, ,182, ,64.6, 
47,Brentwood,San Francisco Bay,10/23/2021,2200,296,0.00, ,0.03, ,2, ,17.2, ,59.5, ,99, ,59.2, ,4.1, ,156, ,64.2, 
47,Brentwood,San Francisco Bay,10/23/2021,2300,296,0.00, ,0.05, ,1, ,16.4, ,58.1, ,99, ,57.9, ,1.7, ,102, ,63.9, 
47,Brentwood,San Francisco Bay,10/23/2021,2400,296,0.00, ,0.15, ,0, ,16.3, ,57.9, ,100, ,57.8, ,2.7, ,86, ,63.6, 
47,Brentwood,San Francisco Bay,10/24/2021,0100,297,0.00, ,0.09, ,0, ,15.8, ,57.0, ,100, ,56.9, ,5.1, ,98, ,63.2, 
47,Brentwood,San Francisco Bay,10/24/2021,0200,297,0.00, ,0.01, ,0, ,15.8, ,56.9, ,100, ,56.8, ,5.9, ,110, ,62.8, 
47,Brentwood,San Francisco Bay,10/24/2021,0300,297,0.00, ,0.02, ,0, ,15.9, ,57.1, ,100, ,57.0, ,9.3, ,112, ,62.5, 
47,Brentwood,San Francisco Bay,10/24/2021,0400,297,0.00, ,0.04, ,0, ,15.7, ,56.9, ,100, ,56.7, ,11.4, ,101, ,62.2, 
47,Brentwood,San Francisco Bay,10/24/2021,0500,297,0.00, ,0.01, ,0, ,15.9, ,57.2, ,99, ,57.0, ,10.7, ,107, ,62.0, 
47,Brentwood,San Francisco Bay,10/24/2021,0600,297,0.00, ,0.02, ,0, ,16.1, ,57.6, ,99, ,57.4, ,10.2, ,110, ,61.7, 
47,Brentwood,San Francisco Bay,10/24/2021,0700,297,0.00, ,0.02, ,3, ,16.7, ,58.6, ,99, ,58.4, ,10.6, ,110, ,61.5, 
47,Brentwood,San Francisco Bay,10/24/2021,0800,297,0.00, ,0.02, ,11, ,17.2, ,59.4, ,99, ,59.2, ,8.5, ,120, ,61.3, 
47,Brentwood,San Francisco Bay,10/24/2021,0900,297,0.00, ,0.02, ,32, ,17.5, ,59.9, ,99, ,59.7, ,9.5, ,122, ,61.2, 
47,Brentwood,San Francisco Bay,10/24/2021,1000,297,0.00, ,0.03, ,103, ,18.4, ,61.4, ,99, ,61.2, ,9.7, ,122, ,61.2, 
47,Brentwood,San Francisco Bay,10/24/2021,1100,297,0.00, ,0.00, ,135, ,20.5, ,64.8, ,98, ,64.1, ,14.1, ,146, ,61.2, 
47,Brentwood,San Francisco Bay,10/24/2021,1200,297,0.00, ,0.01, ,274, ,21.6, ,66.0, ,99, ,65.7, ,18.0, ,150, ,61.3, 
47,Brentwood,San Francisco Bay,10/24/2021,1300,297,0.00, ,0.03, ,190, ,20.9, ,65.0, ,99, ,64.7, ,18.6, ,157, ,61.6, 
47,Brentwood,San Francisco Bay,10/24/2021,1400,297,0.00, ,0.02, ,236, ,20.8, ,64.9, ,99, ,64.6, ,15.0, ,150, ,61.9, 
47,Brentwood,San Francisco Bay,10/24/2021,1500,297,0.00, ,0.06, ,85, ,20.8, ,64.8, ,99, ,64.6, ,16.3, ,160, ,62.2, 
47,Brentwood,San Francisco Bay,10/24/2021,1600,297,0.00, ,0.12, ,35, ,20.0, ,63.7, ,99, ,63.5, ,15.1, ,162, ,62.4, 
47,Brentwood,San Francisco Bay,10/24/2021,1700,297,0.00, ,0.17, ,12, ,19.6, ,63.0, ,99, ,62.9, ,9.8, ,189, ,62.5, 
47,Brentwood,San Francisco Bay,10/24/2021,1800,297,0.00, ,0.21, ,1, ,17.4, ,59.6, ,100, ,59.6, ,6.6, ,272, ,62.5, 
47,Brentwood,San Francisco Bay,10/24/2021,1900,297,0.00, ,0.13, ,1, ,17.0, ,59.0, ,100, ,58.9, ,3.1, ,258, ,62.5, 
47,Brentwood,San Francisco Bay,10/24/2021,2000,297,0.00, ,0.20, ,1, ,16.8, ,58.7, ,100, ,58.6, ,3.6, ,47, ,62.3, 
47,Brentwood,San Francisco Bay,10/24/2021,2100,297,0.00, ,0.15, ,1, ,16.6, ,58.3, ,100, ,58.2, ,3.0, ,20, ,62.1, 
47,Brentwood,San Francisco Bay,10/24/2021,2200,297,0.00, ,0.12, ,2, ,16.5, ,58.1, ,100, ,58.1, ,2.4, ,68, ,61.8, 
47,Brentwood,San Francisco Bay,10/24/2021,2300,297,0.00, ,0.09, ,1, ,16.2, ,57.7, ,100, ,57.6, ,3.2, ,143, ,61.6, 
47,Brentwood,San Francisco Bay,10/24/2021,2400,297,0.00, ,0.10, ,1, ,15.9, ,57.1, ,100, ,57.0, ,2.0, ,112, ,61.4, 
47,Brentwood,San Francisco Bay,10/25/2021,0100,298,0.00, ,0.14, ,1, ,15.6, ,56.5, ,100, ,56.5, ,4.1, ,114, ,61.1, 
47,Brentwood,San Francisco Bay,10/25/2021,0200,298,0.00, ,0.02, ,0, ,15.5, ,56.5, ,100, ,56.4, ,8.0, ,133, ,60.9, 
47,Brentwood,San Francisco Bay,10/25/2021,0300,298,0.00, ,0.01, ,0, ,15.7, ,56.8, ,100, ,56.7, ,6.4, ,135, ,60.7, 
47,Brentwood,San Francisco Bay,10/25/2021,0400,298,0.00, ,0.02, ,0, ,15.9, ,57.1, ,100, ,57.0, ,6.9, ,139, ,60.5, 
47,Brentwood,San Francisco Bay,10/25/2021,0500,298,0.00, ,0.02, ,1, ,16.2, ,57.7, ,99, ,57.5, ,7.1, ,173, ,60.4, 
47,Brentwood,San Francisco Bay,10/25/2021,0600,298,0.00, ,0.00, ,0, ,16.0, ,57.4, ,99, ,57.2, ,4.3, ,230, ,60.3, 
47,Brentwood,San Francisco Bay,10/25/2021,0700,298,0.00, ,0.09, ,6, ,15.5, ,56.5, ,99, ,56.3, ,8.0, ,239, ,60.2, 
47,Brentwood,San Francisco Bay,10/25/2021,0800,298,0.00, ,0.00, ,207, ,14.8, ,55.8, ,98, ,55.1, ,8.0, ,236, ,60.1, 
47,Brentwood,San Francisco Bay,10/25/2021,0900,298,0.01, ,0.00, ,690, ,15.8, ,60.2, ,89, ,56.9, ,5.4, ,271, ,59.9, 
47,Brentwood,San Francisco Bay,10/25/2021,1000,298,0.01, ,0.00, ,964, ,16.0, ,60.7, ,88, ,57.2, ,10.6, ,255, ,60.1, 
47,Brentwood,San Francisco Bay,10/25/2021,1100,298,0.01, ,0.00, ,1327, ,14.6, ,62.4, ,76, ,54.7, ,11.6, ,258, ,60.8, 
47,Brentwood,San Francisco Bay,10/25/2021,1200,298,0.01, ,0.00, ,845, ,11.8, ,60.9, ,65, ,49.0, ,11.6, ,256, ,61.7, 
47,Brentwood,San Francisco Bay,10/25/2021,1300,298,0.01, ,0.00, ,1085, ,11.6, ,63.6, ,58, ,48.5, ,9.5, ,251, ,62.5, 
47,Brentwood,San Francisco Bay,10/25/2021,1400,298,0.01, ,0.00, ,483, ,11.6, ,62.2, ,61, ,48.5, ,7.4, ,247, ,63.3, 
47,Brentwood,San Francisco Bay,10/25/2021,1500,298,0.01, ,0.00, ,705, ,11.1, ,63.3, ,56, ,47.4, ,9.3, ,259, ,63.7, 
47,Brentwood,San Francisco Bay,10/25/2021,1600,298,0.01, ,0.00, ,476, ,10.9, ,62.8, ,56, ,46.7, ,9.7, ,250, ,63.8, 
47,Brentwood,San Francisco Bay,10/25/2021,1700,298,0.00, ,0.00, ,127, ,11.1, ,60.3, ,62, ,47.4, ,8.2, ,248, ,63.9, 
47,Brentwood,San Francisco Bay,10/25/2021,1800,298,0.00, ,0.00, ,10, ,10.9, ,57.9, ,66, ,46.7, ,5.7, ,218, ,63.5, 
47,Brentwood,San Francisco Bay,10/25/2021,1900,298,0.00, ,0.00, ,1, ,11.2, ,56.2, ,73, ,47.6, ,6.1, ,211, ,62.9, 
47,Brentwood,San Francisco Bay,10/25/2021,2000,298,0.00, ,0.00, ,0, ,13.7, ,54.2, ,96, ,53.0, ,4.1, ,177, ,62.2, 
47,Brentwood,San Francisco Bay,10/25/2021,2100,298,0.00, ,0.00, ,0, ,13.9, ,53.5, ,99, ,53.3, ,4.4, ,227, ,61.5, 
47,Brentwood,San Francisco Bay,10/25/2021,2200,298,0.00, ,0.00, ,0, ,13.4, ,52.5, ,99, ,52.3, ,3.9, ,238, ,60.9, 
47,Brentwood,San Francisco Bay,10/25/2021,2300,298,0.00, ,0.00, ,0, ,13.3, ,52.4, ,99, ,52.2, ,2.6, ,178, ,60.3, 
47,Brentwood,San Francisco Bay,10/25/2021,2400,298,0.00, ,0.00, ,0, ,13.1, ,51.9, ,99, ,51.7, ,3.5, ,164, ,59.7, 
47,Brentwood,San Francisco Bay,10/26/2021,0100,299,0.00, ,0.00, ,0, ,13.4, ,52.5, ,99, ,52.3, ,3.6, ,193, ,59.2, 
47,Brentwood,San Francisco Bay,10/26/2021,0200,299,0.00, ,0.00, ,0, ,12.9, ,51.5, ,99, ,51.3, ,3.0, ,163, ,58.7, 
47,Brentwood,San Francisco Bay,10/26/2021,0300,299,0.00, ,0.00, ,0, ,13.3, ,52.4, ,99, ,52.2, ,4.1, ,143, ,58.4, 
47,Brentwood,San Francisco Bay,10/26/2021,0400,299,0.00, ,0.00, ,0, ,13.3, ,52.3, ,99, ,52.1, ,4.4, ,146, ,58.2, 
47,Brentwood,San Francisco Bay,10/26/2021,0500,299,0.00, ,0.00, ,0, ,13.5, ,52.8, ,99, ,52.6, ,4.5, ,127, ,58.0, 
47,Brentwood,San Francisco Bay,10/26/2021,0600,299,0.00, ,0.00, ,0, ,13.4, ,52.6, ,99, ,52.4, ,4.1, ,149, ,57.8, 
47,Brentwood,San Francisco Bay,10/26/2021,0700,299,0.00, ,0.00, ,30, ,13.6, ,52.9, ,99, ,52.7, ,2.3, ,126, ,57.7, 
47,Brentwood,San Francisco Bay,10/26/2021,0800,299,0.00, ,0.00, ,202, ,14.6, ,55.0, ,99, ,54.7, ,3.3, ,102, ,57.7, 
47,Brentwood,San Francisco Bay,10/26/2021,0900,299,0.00, ,0.00, ,576, ,16.1, ,58.3, ,97, ,57.4, ,4.7, ,91, ,57.7, 
47,Brentwood,San Francisco Bay,10/26/2021,1000,299,0.01, ,0.00, ,932, ,15.7, ,61.8, ,83, ,56.6, ,4.7, ,99, ,58.1, 
47,Brentwood,San Francisco Bay,10/26/2021,1100,299,0.01, ,0.00, ,1033, ,13.3, ,64.5, ,64, ,52.2, ,3.5, ,158, ,59.0, 
47,Brentwood,San Francisco Bay,10/26/2021,1200,299,0.01, ,0.00, ,803, ,11.4, ,64.6, ,55, ,48.0, ,2.6, ,125, ,60.3, 
47,Brentwood,San Francisco Bay,10/26/2021,1300,299,0.01, ,0.00, ,866, ,11.4, ,65.2, ,53, ,47.9, ,3.0, ,152, ,61.5, 
47,Brentwood,San Francisco Bay,10/26/2021,1400,299,0.01, ,0.00, ,739, ,11.5, ,65.4, ,54, ,48.2, ,3.6, ,101, ,62.6, 
47,Brentwood,San Francisco Bay,10/26/2021,1500,299,0.01, ,0.00, ,523, ,11.4, ,64.9, ,54, ,47.9, ,3.5, ,81, ,63.5, 
47,Brentwood,San Francisco Bay,10/26/2021,1600,299,0.00, ,0.00, ,337, ,11.4, ,65.4, ,53, ,47.9, ,2.6, ,64, ,64.1, 
47,Brentwood,San Francisco Bay,10/26/2021,1700,299,0.00, ,0.00, ,105, ,12.3, ,64.3, ,60, ,50.1, ,3.2, ,34, ,64.4, 
47,Brentwood,San Francisco Bay,10/26/2021,1800,299,0.00, ,0.00, ,4, ,12.7, ,63.2, ,64, ,50.9, ,2.9, ,259, ,64.4, 
47,Brentwood,San Francisco Bay,10/26/2021,1900,299,0.00, ,0.00, ,0, ,13.9, ,61.9, ,73, ,53.3, ,3.3, ,307, ,64.2, 
47,Brentwood,San Francisco Bay,10/26/2021,2000,299,0.00, ,0.00, ,0, ,16.3, ,60.6, ,90, ,57.7, ,2.9, ,274, ,63.9, 
47,Brentwood,San Francisco Bay,10/26/2021,2100,299,0.00, ,0.00, ,1, ,16.7, ,58.7, ,99, ,58.5, ,3.1, ,287, ,63.6, 
47,Brentwood,San Francisco Bay,10/26/2021,2200,299,0.00, ,0.00, ,1, ,16.7, ,58.7, ,99, ,58.4, ,4.3, ,256, ,63.2, 
47,Brentwood,San Francisco Bay,10/26/2021,2300,299,0.00, ,0.00, ,1, ,15.8, ,57.1, ,99, ,56.8, ,3.9, ,281, ,62.7, 
47,Brentwood,San Francisco Bay,10/26/2021,2400,299,0.00, ,0.00, ,1, ,15.2, ,55.9, ,99, ,55.7, ,3.2, ,276, ,62.3, 
47,Brentwood,San Francisco Bay,10/27/2021,0100,300,0.00, ,0.00, ,0, ,14.5, ,54.7, ,99, ,54.5, ,2.6, ,181, ,61.8, 
47,Brentwood,San Francisco Bay,10/27/2021,0200,300,0.00, ,0.00, ,0, ,14.0, ,53.7, ,100, ,53.6, ,2.6, ,139, ,61.4, 
47,Brentwood,San Francisco Bay,10/27/2021,0300,300,0.00, ,0.00, ,0, ,13.6, ,52.8, ,100, ,52.7, ,2.5, ,164, ,60.9, 
47,Brentwood,San Francisco Bay,10/27/2021,0400,300,0.00, ,0.00, ,0, ,13.3, ,52.2, ,100, ,52.2, ,1.2, ,235, ,60.5, 
47,Brentwood,San Francisco Bay,10/27/2021,0500,300,0.00, ,0.00, ,0, ,13.4, ,52.5, ,100, ,52.4, ,2.0, ,183, ,60.1, 
47,Brentwood,San Francisco Bay,10/27/2021,0600,300,0.00, ,0.00, ,0, ,13.2, ,51.9, ,100, ,51.8, ,1.8, ,259, ,59.8, 
47,Brentwood,San Francisco Bay,10/27/2021,0700,300,0.00, ,0.00, ,32, ,14.1, ,53.7, ,100, ,53.7, ,1.8, ,247, ,59.5, 
47,Brentwood,San Francisco Bay,10/27/2021,0800,300,0.00, ,0.00, ,216, ,15.5, ,56.4, ,100, ,56.3, ,1.1, ,255, ,59.3, 
47,Brentwood,San Francisco Bay,10/27/2021,0900,300,0.00, ,0.00, ,578, ,17.9, ,61.3, ,97, ,60.4, ,1.5, ,116, ,59.3, 
47,Brentwood,San Francisco Bay,10/27/2021,1000,300,0.01, ,0.00, ,950, ,18.6, ,65.3, ,87, ,61.5, ,2.2, ,96, ,59.7, 
47,Brentwood,San Francisco Bay,10/27/2021,1100,300,0.01, ,0.00, ,1180, ,16.4, ,68.1, ,70, ,57.8, ,3.0, ,349, ,60.8, 
47,Brentwood,San Francisco Bay,10/27/2021,1200,300,0.02, ,0.00, ,1309, ,17.4, ,70.3, ,69, ,59.6, ,7.4, ,328, ,62.4, 
47,Brentwood,San Francisco Bay,10/27/2021,1300,300,0.02, ,0.00, ,1284, ,17.5, ,70.8, ,68, ,59.7, ,7.7, ,326, ,64.2, 
47,Brentwood,San Francisco Bay,10/27/2021,1400,300,0.01, ,0.00, ,1127, ,17.4, ,71.9, ,65, ,59.5, ,7.7, ,308, ,65.8, 
47,Brentwood,San Francisco Bay,10/27/2021,1500,300,0.01, ,0.00, ,880, ,17.2, ,72.9, ,62, ,59.3, ,9.2, ,306, ,67.1, 
47,Brentwood,San Francisco Bay,10/27/2021,1600,300,0.01, ,0.00, ,547, ,16.9, ,72.5, ,62, ,58.8, ,9.9, ,307, ,67.8, 
47,Brentwood,San Francisco Bay,10/27/2021,1700,300,0.00, ,0.00, ,197, ,16.9, ,70.8, ,66, ,58.7, ,8.0, ,308, ,67.9, 
47,Brentwood,San Francisco Bay,10/27/2021,1800,300,0.00, ,0.00, ,5, ,17.5, ,66.6, ,79, ,59.8, ,5.2, ,294, ,67.5, 
47,Brentwood,San Francisco Bay,10/27/2021,1900,300,0.00, ,0.00, ,0, ,19.9, ,63.6, ,99, ,63.3, ,2.8, ,357, ,66.8, 
47,Brentwood,San Francisco Bay,10/27/2021,2000,300,0.00, ,0.00, ,0, ,18.6, ,61.6, ,99, ,61.4, ,2.3, ,106, ,66.1, 
47,Brentwood,San Francisco Bay,10/27/2021,2100,300,0.00, ,0.00, ,0, ,18.2, ,61.0, ,99, ,60.8, ,2.7, ,157, ,65.3, 
47,Brentwood,San Francisco Bay,10/27/2021,2200,300,0.00, ,0.00, ,0, ,17.3, ,59.5, ,100, ,59.4, ,3.7, ,214, ,64.7, 
47,Brentwood,San Francisco Bay,10/27/2021,2300,300,0.00, ,0.00, ,2, ,17.0, ,59.0, ,100, ,58.8, ,2.9, ,194, ,64.0, 
47,Brentwood,San Francisco Bay,10/27/2021,2400,300,0.00, ,0.00, ,2, ,16.3, ,57.8, ,100, ,57.8, ,3.0, ,181, ,63.5, 
47,Brentwood,San Francisco Bay,10/28/2021,0100,301,0.00, ,0.00, ,1, ,15.9, ,57.1, ,100, ,57.0, ,1.8, ,198, ,63.0, 
47,Brentwood,San Francisco Bay,10/28/2021,0200,301,0.00, ,0.00, ,1, ,15.4, ,56.3, ,100, ,56.2, ,2.6, ,184, ,62.5, 
47,Brentwood,San Francisco Bay,10/28/2021,0300,301,0.00, ,0.00, ,0, ,14.7, ,55.0, ,100, ,54.9, ,1.8, ,178, ,62.0, 
47,Brentwood,San Francisco Bay,10/28/2021,0400,301,0.00, ,0.00, ,0, ,14.9, ,55.2, ,100, ,55.2, ,2.9, ,208, ,61.6, 
47,Brentwood,San Francisco Bay,10/28/2021,0500,301,0.00, ,0.00, ,0, ,14.8, ,55.2, ,100, ,55.1, ,3.0, ,214, ,61.1, 
47,Brentwood,San Francisco Bay,10/28/2021,0600,301,0.00, ,0.00, ,0, ,14.1, ,53.7, ,100, ,53.7, ,2.0, ,181, ,60.7, 
47,Brentwood,San Francisco Bay,10/28/2021,0700,301,0.00, ,0.00, ,43, ,13.5, ,52.5, ,100, ,52.5, ,1.5, ,175, ,60.4, 
47,Brentwood,San Francisco Bay,10/28/2021,0800,301,0.00, ,0.00, ,321, ,15.8, ,56.8, ,100, ,56.8, ,1.3, ,182, ,60.0, 
47,Brentwood,San Francisco Bay,10/28/2021,0900,301,0.01, ,0.00, ,668, ,19.7, ,63.5, ,98, ,63.1, ,2.4, ,26, ,59.8, 
47,Brentwood,San Francisco Bay,10/28/2021,1000,301,0.01, ,0.00, ,980, ,20.6, ,65.8, ,95, ,64.3, ,2.9, ,38, ,60.1, 
47,Brentwood,San Francisco Bay,10/28/2021,1100,301,0.01, ,0.00, ,1196, ,20.2, ,66.6, ,91, ,63.7, ,2.8, ,61, ,61.2, 
47,Brentwood,San Francisco Bay,10/28/2021,1200,301,0.01, ,0.00, ,1301, ,20.6, ,68.3, ,87, ,64.3, ,3.1, ,79, ,62.7, 
47,Brentwood,San Francisco Bay,10/28/2021,1300,301,0.01, ,0.00, ,1278, ,21.1, ,71.2, ,81, ,65.1, ,2.6, ,353, ,64.5, 
47,Brentwood,San Francisco Bay,10/28/2021,1400,301,0.01, ,0.00, ,1143, ,21.0, ,73.6, ,74, ,64.9, ,3.1, ,4, ,66.2, 
47,Brentwood,San Francisco Bay,10/28/2021,1500,301,0.01, ,0.00, ,890, ,19.5, ,76.0, ,64, ,62.7, ,3.1, ,12, ,67.7, 
47,Brentwood,San Francisco Bay,10/28/2021,1600,301,0.01, ,0.00, ,549, ,16.9, ,75.0, ,57, ,58.7, ,2.6, ,32, ,68.6, 
47,Brentwood,San Francisco Bay,10/28/2021,1700,301,0.00, ,0.00, ,193, ,17.2, ,72.6, ,63, ,59.2, ,2.2, ,57, ,68.9, 
47,Brentwood,San Francisco Bay,10/28/2021,1800,301,0.00, ,0.00, ,4, ,20.0, ,68.0, ,85, ,63.4, ,2.1, ,134, ,68.6, 
47,Brentwood,San Francisco Bay,10/28/2021,1900,301,0.00, ,0.00, ,0, ,20.8, ,64.9, ,99, ,64.7, ,2.9, ,196, ,67.9, 
47,Brentwood,San Francisco Bay,10/28/2021,2000,301,0.00, ,0.00, ,0, ,19.0, ,62.2, ,99, ,62.0, ,2.1, ,239, ,67.0, 
47,Brentwood,San Francisco Bay,10/28/2021,2100,301,0.00, ,0.00, ,0, ,17.7, ,60.2, ,99, ,60.1, ,3.2, ,166, ,66.1, 
47,Brentwood,San Francisco Bay,10/28/2021,2200,301,0.00, ,0.00, ,0, ,16.4, ,58.1, ,99, ,58.0, ,2.0, ,64, ,65.3, 
47,Brentwood,San Francisco Bay,10/28/2021,2300,301,0.00, ,0.00, ,2, ,15.9, ,57.2, ,100, ,57.1, ,2.7, ,191, ,64.6, 
47,Brentwood,San Francisco Bay,10/28/2021,2400,301,0.00, ,0.00, ,2, ,15.7, ,56.9, ,99, ,56.7, ,2.4, ,178, ,63.9, 
47,Brentwood,San Francisco Bay,10/29/2021,0100,302,0.00, ,0.00, ,0, ,14.7, ,55.1, ,100, ,55.0, ,2.8, ,265, ,63.2, 
47,Brentwood,San Francisco Bay,10/29/2021,0200,302,0.00, ,0.00, ,0, ,14.4, ,54.4, ,100, ,54.3, ,1.7, ,220, ,62.7, 
47,Brentwood,San Francisco Bay,10/29/2021,0300,302,0.00, ,0.00, ,0, ,13.8, ,53.3, ,100, ,53.2, ,1.7, ,137, ,62.1, 
47,Brentwood,San Francisco Bay,10/29/2021,0400,302,0.00, ,0.00, ,0, ,13.7, ,53.1, ,100, ,53.0, ,2.0, ,176, ,61.6, 
47,Brentwood,San Francisco Bay,10/29/2021,0500,302,0.00, ,0.00, ,0, ,13.0, ,51.5, ,100, ,51.5, ,1.5, ,13, ,61.1, 
47,Brentwood,San Francisco Bay,10/29/2021,0600,302,0.00, ,0.00, ,0, ,12.8, ,51.2, ,100, ,51.1, ,1.8, ,271, ,60.7, 
47,Brentwood,San Francisco Bay,10/29/2021,0700,302,0.00, ,0.00, ,46, ,12.6, ,50.8, ,100, ,50.8, ,2.9, ,281, ,60.2, 
47,Brentwood,San Francisco Bay,10/29/2021,0800,302,0.00, ,0.00, ,152, ,14.0, ,53.5, ,100, ,53.5, ,1.4, ,334, ,59.8, 
47,Brentwood,San Francisco Bay,10/29/2021,0900,302,0.00, ,0.00, ,481, ,16.1, ,57.4, ,100, ,57.4, ,2.6, ,340, ,59.7, 
47,Brentwood,San Francisco Bay,10/29/2021,1000,302,0.01, ,0.00, ,668, ,17.6, ,60.0, ,100, ,59.9, ,4.3, ,341, ,59.9, 
47,Brentwood,San Francisco Bay,10/29/2021,1100,302,0.01, ,0.00, ,1122, ,21.4, ,65.6, ,99, ,65.4, ,3.9, ,8, ,60.6, 
47,Brentwood,San Francisco Bay,10/29/2021,1200,302,0.01, ,0.00, ,1269, ,23.5, ,68.8, ,98, ,68.2, ,3.6, ,26, ,61.8, 
47,Brentwood,San Francisco Bay,10/29/2021,1300,302,0.01, ,0.00, ,1234, ,23.2, ,71.0, ,90, ,67.8, ,3.0, ,67, ,63.6, 
47,Brentwood,San Francisco Bay,10/29/2021,1400,302,0.01, ,0.00, ,1106, ,22.6, ,74.1, ,79, ,67.0, ,2.4, ,42, ,65.3, 
47,Brentwood,San Francisco Bay,10/29/2021,1500,302,0.01, ,0.00, ,865, ,21.6, ,77.0, ,68, ,65.7, ,2.3, ,13, ,66.8, 
47,Brentwood,San Francisco Bay,10/29/2021,1600,302,0.01, ,0.00, ,517, ,22.0, ,75.8, ,72, ,66.3, ,2.8, ,40, ,67.8, 
47,Brentwood,San Francisco Bay,10/29/2021,1700,302,0.00, ,0.00, ,158, ,23.0, ,72.5, ,84, ,67.5, ,2.6, ,74, ,68.2, 
47,Brentwood,San Francisco Bay,10/29/2021,1800,302,0.00, ,0.00, ,3, ,23.2, ,68.4, ,98, ,67.8, ,1.5, ,66, ,68.0, 
47,Brentwood,San Francisco Bay,10/29/2021,1900,302,0.00, ,0.00, ,0, ,21.8, ,66.2, ,99, ,66.0, ,2.0, ,208, ,67.4, 
47,Brentwood,San Francisco Bay,10/29/2021,2000,302,0.00, ,0.00, ,0, ,20.3, ,64.1, ,99, ,64.0, ,2.3, ,273, ,66.7, 
47,Brentwood,San Francisco Bay,10/29/2021,2100,302,0.00, ,0.00, ,0, ,19.5, ,63.0, ,99, ,62.8, ,2.4, ,260, ,65.9, 
47,Brentwood,San Francisco Bay,10/29/2021,2200,302,0.00, ,0.00, ,0, ,18.8, ,61.9, ,99, ,61.8, ,2.5, ,259, ,65.3, 
47,Brentwood,San Francisco Bay,10/29/2021,2300,302,0.00, ,0.00, ,0, ,18.3, ,61.2, ,99, ,61.0, ,2.4, ,181, ,64.8, 
47,Brentwood,San Francisco Bay,10/29/2021,2400,302,0.00, ,0.00, ,0, ,18.2, ,61.0, ,99, ,60.8, ,2.8, ,160, ,64.3, 
47,Brentwood,San Francisco Bay,10/30/2021,0100,303,0.00, ,0.00, ,0, ,17.2, ,59.4, ,99, ,59.3, ,4.7, ,162, ,63.8, 
47,Brentwood,San Francisco Bay,10/30/2021,0200,303,0.00, ,0.00, ,0, ,17.4, ,59.7, ,99, ,59.5, ,5.3, ,164, ,63.4, 
47,Brentwood,San Francisco Bay,10/30/2021,0300,303,0.00, ,0.00, ,0, ,17.4, ,59.7, ,99, ,59.5, ,4.1, ,170, ,63.1, 
47,Brentwood,San Francisco Bay,10/30/2021,0400,303,0.00, ,0.00, ,1, ,16.3, ,57.8, ,99, ,57.7, ,1.8, ,38, ,62.8, 
47,Brentwood,San Francisco Bay,10/30/2021,0500,303,0.00, ,0.00, ,1, ,15.3, ,56.0, ,100, ,55.9, ,1.9, ,92, ,62.5, 
47,Brentwood,San Francisco Bay,10/30/2021,0600,303,0.00, ,0.00, ,1, ,15.4, ,56.2, ,100, ,56.1, ,3.2, ,160, ,62.1, 
47,Brentwood,San Francisco Bay,10/30/2021,0700,303,0.00, ,0.00, ,36, ,15.1, ,55.7, ,100, ,55.7, ,2.5, ,172, ,61.8, 
47,Brentwood,San Francisco Bay,10/30/2021,0800,303,0.00, ,0.00, ,321, ,18.0, ,60.6, ,100, ,60.5, ,2.0, ,348, ,61.4, 
47,Brentwood,San Francisco Bay,10/30/2021,0900,303,0.01, ,0.00, ,651, ,19.5, ,66.1, ,89, ,62.8, ,1.9, ,62, ,61.2, 
47,Brentwood,San Francisco Bay,10/30/2021,1000,303,0.01, ,0.00, ,918, ,19.6, ,67.9, ,84, ,62.9, ,2.8, ,164, ,61.5, 
47,Brentwood,San Francisco Bay,10/30/2021,1100,303,0.01, ,0.00, ,961, ,15.4, ,68.6, ,64, ,56.1, ,4.2, ,171, ,62.4, 
47,Brentwood,San Francisco Bay,10/30/2021,1200,303,0.02, ,0.00, ,1268, ,15.8, ,69.4, ,65, ,56.9, ,6.5, ,221, ,63.7, 
47,Brentwood,San Francisco Bay,10/30/2021,1300,303,0.01, ,0.00, ,910, ,15.7, ,70.1, ,63, ,56.7, ,5.5, ,227, ,65.0, 
47,Brentwood,San Francisco Bay,10/30/2021,1400,303,0.01, ,0.00, ,972, ,15.7, ,71.4, ,60, ,56.8, ,6.5, ,220, ,66.3, 
47,Brentwood,San Francisco Bay,10/30/2021,1500,303,0.01, ,0.00, ,497, ,15.5, ,70.5, ,61, ,56.3, ,8.4, ,207, ,67.2, 
47,Brentwood,San Francisco Bay,10/30/2021,1600,303,0.01, ,0.00, ,395, ,15.1, ,67.3, ,66, ,55.6, ,11.4, ,256, ,67.6, 
47,Brentwood,San Francisco Bay,10/30/2021,1700,303,0.00, ,0.00, ,129, ,14.6, ,63.3, ,74, ,54.8, ,9.3, ,267, ,67.6, 
47,Brentwood,San Francisco Bay,10/30/2021,1800,303,0.00, ,0.00, ,5, ,13.4, ,62.3, ,70, ,52.4, ,8.6, ,240, ,67.2, 
47,Brentwood,San Francisco Bay,10/30/2021,1900,303,0.00, ,0.00, ,0, ,12.5, ,61.4, ,68, ,50.5, ,4.1, ,264, ,66.6, 
47,Brentwood,San Francisco Bay,10/30/2021,2000,303,0.00, ,0.00, ,0, ,11.2, ,59.8, ,64, ,47.5, ,7.7, ,238, ,66.0, 
47,Brentwood,San Francisco Bay,10/30/2021,2100,303,0.00, ,0.00, ,0, ,11.7, ,58.5, ,70, ,48.6, ,4.5, ,258, ,65.4, 
47,Brentwood,San Francisco Bay,10/30/2021,2200,303,0.00, ,0.00, ,2, ,12.9, ,57.3, ,80, ,51.3, ,5.6, ,252, ,64.7, 
47,Brentwood,San Francisco Bay,10/30/2021,2300,303,0.00, ,0.00, ,2, ,13.2, ,56.2, ,85, ,51.8, ,3.9, ,250, ,64.1, 
47,Brentwood,San Francisco Bay,10/30/2021,2400,303,0.00, ,0.00, ,0, ,13.8, ,53.7, ,98, ,53.1, ,2.8, ,331, ,63.5, 
47,Brentwood,San Francisco Bay,10/31/2021,0100,304,0.00, ,0.00, ,0, ,13.4, ,52.6, ,99, ,52.4, ,3.6, ,282, ,62.9, 
47,Brentwood,San Francisco Bay,10/31/2021,0200,304,0.00, ,0.00, ,0, ,13.4, ,52.8, ,98, ,52.4, ,3.4, ,255, ,62.3, 
47,Brentwood,San Francisco Bay,10/31/2021,0300,304,0.00, ,0.00, ,0, ,13.2, ,52.1, ,99, ,51.9, ,3.9, ,189, ,61.7, 
47,Brentwood,San Francisco Bay,10/31/2021,0400,304,0.00, ,0.00, ,0, ,12.0, ,49.6, ,99, ,49.4, ,2.2, ,241, ,61.1, 
47,Brentwood,San Francisco Bay,10/31/2021,0500,304,0.00, ,0.00, ,0, ,12.3, ,50.2, ,99, ,50.0, ,4.1, ,198, ,60.6, 
47,Brentwood,San Francisco Bay,10/31/2021,0600,304,0.00, ,0.00, ,0, ,12.1, ,49.8, ,99, ,49.6, ,3.9, ,170, ,60.2, 
47,Brentwood,San Francisco Bay,10/31/2021,0700,304,0.00, ,0.00, ,30, ,11.6, ,48.7, ,99, ,48.5, ,2.4, ,217, ,59.8, 
47,Brentwood,San Francisco Bay,10/31/2021,0800,304,0.00, ,0.00, ,271, ,13.7, ,53.0, ,100, ,53.0, ,2.2, ,234, ,59.4, 
47,Brentwood,San Francisco Bay,10/31/2021,0900,304,0.01, ,0.00, ,643, ,16.0, ,60.5, ,89, ,57.1, ,2.6, ,292, ,59.1, 
47,Brentwood,San Francisco Bay,10/31/2021,1000,304,0.01, ,0.00, ,883, ,15.3, ,64.2, ,75, ,56.0, ,2.3, ,8, ,59.3, 
47,Brentwood,San Francisco Bay,10/31/2021,1100,304,0.01, ,0.00, ,1172, ,12.9, ,64.6, ,62, ,51.4, ,3.4, ,50, ,60.1, 
47,Brentwood,San Francisco Bay,10/31/2021,1200,304,0.01, ,0.00, ,1075, ,12.5, ,65.1, ,59, ,50.5, ,2.6, ,96, ,61.4, 
47,Brentwood,San Francisco Bay,10/31/2021,1300,304,0.01, ,0.00, ,1264, ,12.2, ,67.7, ,53, ,49.8, ,3.9, ,300, ,62.7, 
47,Brentwood,San Francisco Bay,10/31/2021,1400,304,0.01, ,0.00, ,634, ,12.1, ,66.3, ,55, ,49.7, ,5.5, ,321, ,64.2, 
47,Brentwood,San Francisco Bay,10/31/2021,1500,304,0.01, ,0.00, ,462, ,12.3, ,66.6, ,55, ,50.0, ,5.4, ,345, ,65.2, 
47,Brentwood,San Francisco Bay,10/31/2021,1600,304,0.00, ,0.00, ,188, ,12.4, ,64.7, ,60, ,50.3, ,5.3, ,304, ,65.6, 
47,Brentwood,San Francisco Bay,10/31/2021,1700,304,0.00, ,0.00, ,139, ,12.5, ,63.8, ,62, ,50.5, ,5.1, ,294, ,65.6, 
47,Brentwood,San Francisco Bay,10/31/2021,1800,304,0.00, ,0.00, ,2, ,12.7, ,60.3, ,71, ,50.9, ,3.4, ,300, ,65.4, 
47,Brentwood,San Francisco Bay,10/31/2021,1900,304,0.00, ,0.00, ,0, ,13.0, ,59.7, ,75, ,51.6, ,2.9, ,287, ,64.9, 
47,Brentwood,San Francisco Bay,10/31/2021,2000,304,0.00, ,0.00, ,0, ,13.9, ,59.3, ,81, ,53.4, ,1.7, ,251, ,64.3, 
47,Brentwood,San Francisco Bay,10/31/2021,2100,304,0.00, ,0.00, ,1, ,16.6, ,58.6, ,99, ,58.2, ,2.6, ,205, ,63.8, 
47,Brentwood,San Francisco Bay,10/31/2021,2200,304,0.00, ,0.00, ,1, ,16.0, ,57.5, ,99, ,57.2, ,1.9, ,215, ,63.4, 
47,Brentwood,San Francisco Bay,10/31/2021,2300,304,0.00, ,0.00, ,2, ,15.6, ,56.7, ,99, ,56.5, ,1.7, ,136, ,62.9, 
47,Brentwood,San Francisco Bay,10/31/2021,2400,304,0.00, ,0.00, ,2, ,15.4, ,56.4, ,99, ,56.2, ,1.9, ,138, ,62.6, 
47,Brentwood,San Francisco Bay,11/1/2021,0100,305,0.00, ,0.00, ,1, ,15.5, ,56.5, ,99, ,56.3, ,2.1, ,57, ,62.2, 
47,Brentwood,San Francisco Bay,11/1/2021,0200,305,0.00, ,0.00, ,1, ,15.2, ,56.0, ,99, ,55.8, ,2.1, ,214, ,62.0, 
47,Brentwood,San Francisco Bay,11/1/2021,0300,305,0.00, ,0.00, ,2, ,15.4, ,56.3, ,99, ,56.2, ,1.5, ,340, ,61.8, 
47,Brentwood,San Francisco Bay,11/1/2021,0400,305,0.00, ,0.00, ,0, ,15.2, ,55.9, ,99, ,55.8, ,2.2, ,290, ,61.6, 
47,Brentwood,San Francisco Bay,11/1/2021,0500,305,0.00, ,0.00, ,1, ,15.6, ,56.6, ,99, ,56.4, ,1.7, ,267, ,61.4, 
47,Brentwood,San Francisco Bay,11/1/2021,0600,305,0.00, ,0.00, ,1, ,14.9, ,55.5, ,100, ,55.3, ,2.5, ,47, ,61.3, 
47,Brentwood,San Francisco Bay,11/1/2021,0700,305,0.00, ,0.00, ,16, ,14.8, ,55.1, ,100, ,55.0, ,1.8, ,54, ,61.2, 
47,Brentwood,San Francisco Bay,11/1/2021,0800,305,0.00, ,0.00, ,136, ,15.3, ,56.2, ,100, ,56.0, ,1.9, ,113, ,61.0, 
47,Brentwood,San Francisco Bay,11/1/2021,0900,305,0.00, ,0.00, ,209, ,16.1, ,57.7, ,99, ,57.4, ,4.1, ,105, ,60.9, 
47,Brentwood,San Francisco Bay,11/1/2021,1000,305,0.00, ,0.00, ,146, ,16.8, ,58.8, ,99, ,58.6, ,3.4, ,156, ,61.0, 
47,Brentwood,San Francisco Bay,11/1/2021,1100,305,0.00, ,0.03, ,165, ,16.9, ,58.9, ,99, ,58.7, ,3.1, ,64, ,61.1, 
47,Brentwood,San Francisco Bay,11/1/2021,1200,305,0.00, ,0.01, ,252, ,16.8, ,58.7, ,99, ,58.6, ,4.6, ,85, ,61.3, 
47,Brentwood,San Francisco Bay,11/1/2021,1300,305,0.00, ,0.01, ,320, ,17.2, ,59.4, ,99, ,59.2, ,5.7, ,115, ,61.5, 
47,Brentwood,San Francisco Bay,11/1/2021,1400,305,0.01, ,0.00, ,644, ,18.5, ,61.5, ,99, ,61.3, ,7.1, ,97, ,61.7, 
47,Brentwood,San Francisco Bay,11/1/2021,1500,305,0.01, ,0.00, ,624, ,19.9, ,63.7, ,99, ,63.4, ,8.8, ,121, ,62.0, 
47,Brentwood,San Francisco Bay,11/1/2021,1600,305,0.00, ,0.00, ,367, ,20.0, ,63.8, ,99, ,63.5, ,6.2, ,126, ,62.4, 
47,Brentwood,San Francisco Bay,11/1/2021,1700,305,0.00, ,0.00, ,86, ,20.0, ,63.7, ,99, ,63.5, ,4.9, ,144, ,62.8, 
47,Brentwood,San Francisco Bay,11/1/2021,1800,305,0.00, ,0.00, ,2, ,19.2, ,62.5, ,99, ,62.3, ,2.8, ,124, ,62.9, 
47,Brentwood,San Francisco Bay,11/1/2021,1900,305,0.00, ,0.00, ,0, ,18.9, ,62.2, ,99, ,62.0, ,2.9, ,147, ,62.9, 
47,Brentwood,San Francisco Bay,11/1/2021,2000,305,0.00, ,0.00, ,0, ,18.6, ,61.6, ,99, ,61.4, ,2.7, ,168, ,62.7, 
47,Brentwood,San Francisco Bay,11/1/2021,2100,305,0.00, ,0.00, ,0, ,17.8, ,60.4, ,99, ,60.2, ,2.6, ,292, ,62.6, 
47,Brentwood,San Francisco Bay,11/1/2021,2200,305,0.00, ,0.00, ,0, ,18.0, ,60.7, ,99, ,60.5, ,3.2, ,57, ,62.4, 
47,Brentwood,San Francisco Bay,11/1/2021,2300,305,0.00, ,0.00, ,0, ,18.0, ,60.6, ,99, ,60.4, ,2.8, ,87, ,62.3, 
47,Brentwood,San Francisco Bay,11/1/2021,2400,305,0.00, ,0.00, ,0, ,17.6, ,59.9, ,100, ,59.9, ,3.1, ,286, ,62.3, 
                                                                                                                                                                                                                                                                                                                                                                                                                                                                                                                                                                                                                                                                                                                                                                                                                                                                                                                                                                                                                                                                